attn_implementation,base_model,block_size,compile,compile_mode,device,dtype,event,flops_per_token_estimate,init_model_name_or_path,liger_kernel,loss,lr,mfu,mfu_pct,mfu_peak_tflops,packing,parameters,path,peak_memory_gb,perplexity,planned_tokens,rope_scaling,run_group,run_name,sequences,sequences_per_step,source_file,start_step,step,step_time_sec_window,steps_per_sec_window,supervised_tokens,supervised_tokens_per_sec_window,tokens,tokens_per_sec_window,tokens_per_step,train_on_prompt
,,2048,True,,cuda,bfloat16,start,1231763328,/home/hhai/l20-pretrain/runs/l20-edu-135m-stage4-sft-anti-forgetting/interpolated/a0875,True,,,,,,,134515008,,,,9000452096,"{'rope_type': 'yarn', 'factor': 4.0, 'original_max_position_embeddings': 2048}",cpt10b_phase1_2k,l20-edu-135m-cpt10b-2k,,,logs/cpt10b-curriculum/phase1_2k.log,0,,,,,,,,524288,
,,,,,,,train,,,,2.9940009117126465,5.3333333333333334e-08,0.1354960633114853,13.549606331148532,,,,,,,,,cpt10b_phase1_2k,,,,logs/cpt10b-curriculum/phase1_2k.log,,1,39.884357929229736,,,,524288,13145.203463731057,,
,,,,,,,train,,,,2.9879756420850754,2.933333333333333e-07,0.5067463443910043,50.67463443910043,,,,,,,,,cpt10b_phase1_2k,,,,logs/cpt10b-curriculum/phase1_2k.log,,10,10.664454804526436,,,,5242880,49162.19437466888,,
,,,,,,,train,,,,2.9980384558439255,5.6e-07,0.504268920390817,50.42689203908171,,,,,,,,,cpt10b_phase1_2k,,,,logs/cpt10b-curriculum/phase1_2k.log,,20,10.716848230361938,,,,10485760,48921.84611839868,,
,,,,,,,train,,,,2.9734120070934296,8.266666666666667e-07,0.5043987935111476,50.439879351114755,,,,,,,,,cpt10b_phase1_2k,,,,logs/cpt10b-curriculum/phase1_2k.log,,30,10.714088845252991,,,,15728640,48934.44580985459,,
,,,,,,,train,,,,2.9884963929653168,1.0933333333333332e-06,0.5039256019749695,50.39256019749695,,,,,,,,,cpt10b_phase1_2k,,,,logs/cpt10b-curriculum/phase1_2k.log,,40,10.724149489402771,,,,20971520,48888.5389482945,,
,,,,,,,train,,,,3.0174167305231094,1.3600000000000001e-06,0.5046869194151719,50.468691941517186,,,,,,,,,cpt10b_phase1_2k,,,,logs/cpt10b-curriculum/phase1_2k.log,,50,10.707972168922424,,,,26214400,48962.39845688362,,
,,,,,,,train,,,,3.033399850130081,1.6266666666666666e-06,0.5044315481171617,50.44315481171617,,,,,,,,,cpt10b_phase1_2k,,,,logs/cpt10b-curriculum/phase1_2k.log,,60,10.713393139839173,,,,31457280,48937.62351074055,,
,,,,,,,train,,,,3.0237700790166855,1.8933333333333331e-06,0.5048554099206101,50.485540992061004,,,,,,,,,cpt10b_phase1_2k,,,,logs/cpt10b-curriculum/phase1_2k.log,,70,10.704398488998413,,,,36700160,48978.744629027395,,
,,,,,,,train,,,,3.0366086810827255,2.16e-06,0.5044575583941063,50.44575583941063,,,,,,,,,cpt10b_phase1_2k,,,,logs/cpt10b-curriculum/phase1_2k.log,,80,10.712840747833251,,,,41943040,48940.14690790965,,
,,,,,,,train,,,,2.984756514430046,2.4266666666666666e-06,0.5040837965635806,50.40837965635806,,,,,,,,,cpt10b_phase1_2k,,,,logs/cpt10b-curriculum/phase1_2k.log,,90,10.720783972740174,,,,47185920,48903.88625804899,,
,,,,,,,train,,,,2.9809640645980835,2.693333333333333e-06,0.5043678444297081,50.436784442970804,,,,,,,,,cpt10b_phase1_2k,,,,logs/cpt10b-curriculum/phase1_2k.log,,100,10.714746284484864,,,,52428800,48931.44327263988,,
,,,,,,,train,,,,2.9973254799842834,2.96e-06,0.5041996163468503,50.41996163468503,,,,,,,,,cpt10b_phase1_2k,,,,logs/cpt10b-curriculum/phase1_2k.log,,110,10.718321299552917,,,,57671680,48915.12255952517,,
,,,,,,,train,,,,2.99493870139122,3.2266666666666665e-06,0.5043108956996569,50.43108956996569,,,,,,,,,cpt10b_phase1_2k,,,,logs/cpt10b-curriculum/phase1_2k.log,,120,10.715956234931946,,,,62914560,48925.91836936796,,
,,,,,,,train,,,,2.9749618768692017,3.493333333333333e-06,0.5042158814845848,50.42158814845848,,,,,,,,,cpt10b_phase1_2k,,,,logs/cpt10b-curriculum/phase1_2k.log,,130,10.717975544929505,,,,68157440,48916.70052821047,,
,,,,,,,train,,,,2.995935693383217,3.7599999999999996e-06,0.504224091840937,50.422409184093695,,,,,,,,,cpt10b_phase1_2k,,,,logs/cpt10b-curriculum/phase1_2k.log,,140,10.717801022529603,,,,73400320,48917.497059136316,,
,,,,,,,train,,,,2.9885880202054977,4.0266666666666665e-06,0.5042261108219829,50.42261108219829,,,,,,,,,cpt10b_phase1_2k,,,,logs/cpt10b-curriculum/phase1_2k.log,,150,10.717758107185364,,,,78643200,48917.69293137047,,
,,,,,,,train,,,,2.977116659283638,4.293333333333333e-06,0.5043200281312615,50.432002813126154,,,,,,,,,cpt10b_phase1_2k,,,,logs/cpt10b-curriculum/phase1_2k.log,,160,10.715762186050416,,,,83886080,48926.80435578429,,
,,,,,,,train,,,,2.99612258374691,4.5599999999999995e-06,0.5040273569040593,50.40273569040593,,,,,,,,,cpt10b_phase1_2k,,,,logs/cpt10b-curriculum/phase1_2k.log,,170,10.721984457969665,,,,89128960,48898.41074245318,,
,,,,,,,train,,,,2.959025129675865,4.8266666666666665e-06,0.504732626033542,50.47326260335419,,,,,,,,,cpt10b_phase1_2k,,,,logs/cpt10b-curriculum/phase1_2k.log,,180,10.70700249671936,,,,94371840,48966.83270230324,,
,,,,,,,train,,,,2.9634958058595657,5.093333333333333e-06,0.5043377407625971,50.43377407625971,,,,,,,,,cpt10b_phase1_2k,,,,logs/cpt10b-curriculum/phase1_2k.log,,190,10.715385842323304,,,,99614720,48928.52275362622,,
,,,,,,,train,,,,2.9571603387594223,5.36e-06,0.5046831875961446,50.46831875961446,,,,,,,,,cpt10b_phase1_2k,,,,logs/cpt10b-curriculum/phase1_2k.log,,200,10.708051347732544,,,,104857600,48962.03641300424,,
,,,,,,,train,,,,3.023549497127533,5.6266666666666664e-06,0.5041817665042921,50.41817665042922,,,,,,,,,cpt10b_phase1_2k,,,,logs/cpt10b-curriculum/phase1_2k.log,,210,10.718700766563416,,,,110100480,48913.39085008294,,
,,,,,,,train,,,,3.0026333183050156,5.893333333333333e-06,0.5044784761096983,50.44784761096983,,,,,,,,,cpt10b_phase1_2k,,,,logs/cpt10b-curriculum/phase1_2k.log,,220,10.712396550178529,,,,115343360,48942.176248251606,,
,,,,,,,train,,,,2.922924041748047,6.1599999999999995e-06,0.5043443952433583,50.43443952433583,,,,,,,,,cpt10b_phase1_2k,,,,logs/cpt10b-curriculum/phase1_2k.log,,230,10.715244460105897,,,,120586240,48929.16834067438,,
,,,,,,,train,,,,2.9675863087177277,6.426666666666666e-06,0.5041551813746112,50.41551813746112,,,,,,,,,cpt10b_phase1_2k,,,,logs/cpt10b-curriculum/phase1_2k.log,,240,10.719265985488892,,,,125829120,48910.811683351276,,
,,,,,,,train,,,,2.946698248386383,6.693333333333333e-06,0.5040789739491747,50.40789739491747,,,,,,,,,cpt10b_phase1_2k,,,,logs/cpt10b-curriculum/phase1_2k.log,,250,10.720886540412902,,,,131072000,48903.41839023022,,
,,,,,,,eval,,,,2.9101873859763145,,,,,,,,,18.360238695945306,,,cpt10b_phase1_2k,,,,logs/cpt10b-curriculum/phase1_2k.log,,250,,,,,,,,
,,,,,,,train,,,,2.9671054780483246,6.9599999999999994e-06,0.3740837990206355,37.40837990206355,,,,,,,,,cpt10b_phase1_2k,,,,logs/cpt10b-curriculum/phase1_2k.log,,260,14.446424841880798,,,,136314880,36291.885759864046,,
,,,,,,,train,,,,3.0215669870376587,7.226666666666666e-06,0.5041855525929829,50.418555259298294,,,,,,,,,cpt10b_phase1_2k,,,,logs/cpt10b-curriculum/phase1_2k.log,,270,10.71862027645111,,,,141557760,48913.75815895491,,
,,,,,,,train,,,,2.954745128750801,7.4933333333333325e-06,0.5042118852015941,50.42118852015941,,,,,,,,,cpt10b_phase1_2k,,,,logs/cpt10b-curriculum/phase1_2k.log,,280,10.718060493469238,,,,146800640,48916.31282725646,,
,,,,,,,train,,,,2.9829692244529724,7.76e-06,0.5040333351970234,50.40333351970234,,,,,,,,,cpt10b_phase1_2k,,,,logs/cpt10b-curriculum/phase1_2k.log,,290,10.721857285499572,,,,152043520,48898.990728878314,,
,,,,,,,train,,,,2.9832772314548492,8e-06,0.5042327601138693,50.42327601138693,,,,,,,,,cpt10b_phase1_2k,,,,logs/cpt10b-curriculum/phase1_2k.log,,300,10.717616772651672,,,,157286400,48918.33801501792,,
,,,,,,,train,,,,2.9453908801078796,7.999993755517755e-06,0.5041392374731273,50.41392374731273,,,,,,,,,cpt10b_phase1_2k,,,,logs/cpt10b-curriculum/phase1_2k.log,,310,10.719604992866516,,,,162529280,48909.2648795262,,
,,,,,,,train,,,,2.98944354057312,7.999975022092684e-06,0.5041754673233738,50.417546732337385,,,,,,,,,cpt10b_phase1_2k,,,,logs/cpt10b-curriculum/phase1_2k.log,,320,10.718834686279298,,,,167772160,48912.779732587696,,
,,,,,,,train,,,,2.94254569709301,7.999943799789776e-06,0.5041155012168146,50.41155012168146,,,,,,,,,cpt10b_phase1_2k,,,,logs/cpt10b-curriculum/phase1_2k.log,,330,10.720109724998474,,,,173015040,48906.962097356205,,
,,,,,,,train,,,,2.953819915652275,7.999900088717348e-06,0.5043566105440669,50.43566105440669,,,,,,,,,cpt10b_phase1_2k,,,,logs/cpt10b-curriculum/phase1_2k.log,,340,10.714984941482545,,,,178257920,48930.353412840035,,
,,,,,,,train,,,,2.9458284825086594,7.999843889027038e-06,0.5045585399231689,50.45585399231689,,,,,,,,,cpt10b_phase1_2k,,,,logs/cpt10b-curriculum/phase1_2k.log,,350,10.710696697235107,,,,183500800,48949.94367036286,,
,,,,,,,train,,,,2.9949605762958527,7.999775200913812e-06,0.5043884662530783,50.43884662530783,,,,,,,,,cpt10b_phase1_2k,,,,logs/cpt10b-curriculum/phase1_2k.log,,360,10.714308214187621,,,,188743680,48933.44390688246,,
,,,,,,,train,,,,2.990641698241234,7.99969402461596e-06,0.5041618702867717,50.41618702867717,,,,,,,,,cpt10b_phase1_2k,,,,logs/cpt10b-curriculum/phase1_2k.log,,370,10.719123768806458,,,,193986560,48911.46061077508,,
,,,,,,,train,,,,3.0181013494729996,7.999600360415096e-06,0.5044307140454551,50.44307140454551,,,,,,,,,cpt10b_phase1_2k,,,,logs/cpt10b-curriculum/phase1_2k.log,,380,10.7134108543396,,,,199229440,48937.54259294841,,
,,,,,,,train,,,,2.9864372462034225,7.999494208636155e-06,0.503994328663133,50.3994328663133,,,,,,,,,cpt10b_phase1_2k,,,,logs/cpt10b-curriculum/phase1_2k.log,,390,10.722687101364135,,,,204472320,48895.20649476942,,
,,,,,,,train,,,,2.9764001816511154,7.999375569647396e-06,0.5041203054699452,50.41203054699452,,,,,,,,,cpt10b_phase1_2k,,,,logs/cpt10b-curriculum/phase1_2k.log,,400,10.72000756263733,,,,209715200,48907.428183848686,,
,,,,,,,train,,,,2.9605410993099213,7.999244443860392e-06,0.5043163769142291,50.431637691422914,,,,,,,,,cpt10b_phase1_2k,,,,logs/cpt10b-curriculum/phase1_2k.log,,410,10.715839767456055,,,,214958080,48926.45013153889,,
,,,,,,,train,,,,2.9890237152576447,7.999100831730043e-06,0.5043141036263352,50.43141036263352,,,,,,,,,cpt10b_phase1_2k,,,,logs/cpt10b-curriculum/phase1_2k.log,,420,10.715888071060181,,,,220200960,48926.22958762664,,
,,,,,,,train,,,,2.979728862643242,7.99894473375456e-06,0.504361467651194,50.4361467651194,,,,,,,,,cpt10b_phase1_2k,,,,logs/cpt10b-curriculum/phase1_2k.log,,430,10.714881753921508,,,,225443840,48930.824626983616,,
,,,,,,,train,,,,2.9750761538743973,7.998776150475472e-06,0.5041779703794447,50.41779703794447,,,,,,,,,cpt10b_phase1_2k,,,,logs/cpt10b-curriculum/phase1_2k.log,,440,10.718781471252441,,,,230686720,48913.022567549306,,
,,,,,,,train,,,,2.9733022302389145,7.998595082477624e-06,0.5044178283809679,50.44178283809679,,,,,,,,,cpt10b_phase1_2k,,,,logs/cpt10b-curriculum/phase1_2k.log,,450,10.71368453502655,,,,235929600,48936.29248517916,,
,,,,,,,train,,,,2.9674892276525497,7.998401530389162e-06,0.5042809009233161,50.428090092331615,,,,,,,,,cpt10b_phase1_2k,,,,logs/cpt10b-curriculum/phase1_2k.log,,460,10.716593623161316,,,,241172480,48923.00841443486,,
,,,,,,,train,,,,2.9702301025390625,7.998195494881555e-06,0.5042536389982698,50.42536389982698,,,,,,,,,cpt10b_phase1_2k,,,,logs/cpt10b-curriculum/phase1_2k.log,,470,10.717173004150391,,,,246415360,48920.363588136664,,
,,,,,,,train,,,,2.972881630063057,7.997976976669571e-06,0.5045710048399905,50.45710048399905,,,,,,,,,cpt10b_phase1_2k,,,,logs/cpt10b-curriculum/phase1_2k.log,,480,10.710432100296021,,,,251658240,48951.15295913313,,
,,,,,,,train,,,,2.9348198622465134,7.99774597651128e-06,0.5041350125475056,50.41350125475056,,,,,,,,,cpt10b_phase1_2k,,,,logs/cpt10b-curriculum/phase1_2k.log,,490,10.719694828987121,,,,256901120,48908.8549967181,,
,,,,,,,train,,,,3.0070173293352127,7.997502495208061e-06,0.5038949764174129,50.389497641741286,,,,,,,,,cpt10b_phase1_2k,,,,logs/cpt10b-curriculum/phase1_2k.log,,500,10.724801278114318,,,,262144000,48885.56779787556,,
,,,,,,,eval,,,,2.9021125733852386,,,,,,,,,18.212580169123008,,,cpt10b_phase1_2k,,,,logs/cpt10b-curriculum/phase1_2k.log,,500,,,,,,,,
,,,,,,,checkpoint,,,,,,,,,,,runs/l20-edu-135m-cpt10b-2k/step-000500,,,,,cpt10b_phase1_2k,,,,logs/cpt10b-curriculum/phase1_2k.log,,500,,,,,,,,
,,,,,,,train,,,,2.97084042429924,7.997246533604591e-06,0.4654200268214491,46.54200268214491,,,,,,,,,cpt10b_phase1_2k,,,,logs/cpt10b-curriculum/phase1_2k.log,,510,11.611390089988708,,,,267386880,45152.90554677333,,
,,,,,,,train,,,,2.9602763652801514,7.996978092588837e-06,0.5041429960121273,50.41429960121273,,,,,,,,,cpt10b_phase1_2k,,,,logs/cpt10b-curriculum/phase1_2k.log,,520,10.719525074958801,,,,272629760,48909.629515654175,,
,,,,,,,train,,,,2.9539907723665237,7.996697173092066e-06,0.5041230927635602,50.41230927635601,,,,,,,,,cpt10b_phase1_2k,,,,logs/cpt10b-curriculum/phase1_2k.log,,530,10.719948291778564,,,,277872640,48907.69859422657,,
,,,,,,,train,,,,2.996228903532028,7.996403776088829e-06,0.5044082411732614,50.440824117326144,,,,,,,,,cpt10b_phase1_2k,,,,logs/cpt10b-curriculum/phase1_2k.log,,540,10.713888168334961,,,,283115520,48935.362378481805,,
,,,,,,,train,,,,2.995947301387787,7.996097902596968e-06,0.5044805712327682,50.448057123276826,,,,,,,,,cpt10b_phase1_2k,,,,logs/cpt10b-curriculum/phase1_2k.log,,550,10.712352061271668,,,,288358400,48942.37950743392,,
,,,,,,,train,,,,2.971293807029724,7.995779553677606e-06,0.5041328350789921,50.41328350789921,,,,,,,,,cpt10b_phase1_2k,,,,logs/cpt10b-curriculum/phase1_2k.log,,560,10.719741129875183,,,,293601280,48908.643748760434,,
,,,,,,,train,,,,3.029944956302643,7.995448730435145e-06,0.5044609859917464,50.44609859917464,,,,,,,,,cpt10b_phase1_2k,,,,logs/cpt10b-curriculum/phase1_2k.log,,570,10.712767958641052,,,,298844160,48940.479437632435,,
,,,,,,,train,,,,2.963644966483116,7.995105434017262e-06,0.5041434434075845,50.414344340758454,,,,,,,,,cpt10b_phase1_2k,,,,logs/cpt10b-curriculum/phase1_2k.log,,580,10.719515562057495,,,,304087040,48909.67291989906,,
,,,,,,,train,,,,3.0024981647729874,7.994749665614908e-06,0.5043412677277465,50.43412677277465,,,,,,,,,cpt10b_phase1_2k,,,,logs/cpt10b-curriculum/phase1_2k.log,,590,10.715310907363891,,,,309329920,48928.864923526686,,
,,,,,,,train,,,,2.971622973680496,7.994381426462297e-06,0.504277951453888,50.4277951453888,,,,,,,,,cpt10b_phase1_2k,,,,logs/cpt10b-curriculum/phase1_2k.log,,600,10.716656303405761,,,,314572800,48922.72227050716,,
,,,,,,,train,,,,3.0021672546863556,7.994000717836911e-06,0.5039814876950659,50.39814876950659,,,,,,,,,cpt10b_phase1_2k,,,,logs/cpt10b-curriculum/phase1_2k.log,,610,10.722960305213928,,,,319815680,48893.9607232408,,
,,,,,,,train,,,,2.9571241587400436,7.993607541059485e-06,0.5040499034534318,50.40499034534318,,,,,,,,,cpt10b_phase1_2k,,,,logs/cpt10b-curriculum/phase1_2k.log,,620,10.721504855155946,,,,325058560,48900.59810474005,,
,,,,,,,train,,,,3.001219764351845,7.993201897494013e-06,0.5043649287337795,50.436492873377944,,,,,,,,,cpt10b_phase1_2k,,,,logs/cpt10b-curriculum/phase1_2k.log,,630,10.714808225631714,,,,330301440,48931.16040526143,,
,,,,,,,train,,,,2.989576742053032,7.992783788547736e-06,0.5043256430746328,50.43256430746328,,,,,,,,,cpt10b_phase1_2k,,,,logs/cpt10b-curriculum/phase1_2k.log,,640,10.715642881393432,,,,335544320,48927.349091706856,,
,,,,,,,train,,,,2.9405760169029236,7.992353215671137e-06,0.504185883429856,50.4185883429856,,,,,,,,,cpt10b_phase1_2k,,,,logs/cpt10b-curriculum/phase1_2k.log,,650,10.718613243103027,,,,340787200,48913.79025522328,,
,,,,,,,train,,,,2.937662288546562,7.991910180357944e-06,0.5021664641962575,50.216646419625754,,,,,,,,,cpt10b_phase1_2k,,,,logs/cpt10b-curriculum/phase1_2k.log,,660,10.761717224121094,,,,346030080,48717.87551013435,,
,,,,,,,train,,,,2.970114126801491,7.991454684145114e-06,0.504755030030948,50.4755030030948,,,,,,,,,cpt10b_phase1_2k,,,,logs/cpt10b-curriculum/phase1_2k.log,,670,10.706527256965638,,,,351272960,48969.00623485544,,
,,,,,,,train,,,,2.946892648935318,7.990986728612835e-06,0.5038624079397033,50.38624079397033,,,,,,,,,cpt10b_phase1_2k,,,,logs/cpt10b-curriculum/phase1_2k.log,,680,10.725494503974915,,,,356515840,48882.4081542997,,
,,,,,,,train,,,,2.9825404286384583,7.990506315384523e-06,0.5020276783800275,50.20276783800275,,,,,,,,,cpt10b_phase1_2k,,,,logs/cpt10b-curriculum/phase1_2k.log,,690,10.764692306518555,,,,361758720,48704.41115000729,,
,,,,,,,train,,,,3.005330055952072,7.990013446126797e-06,0.504497769639717,50.4497769639717,,,,,,,,,cpt10b_phase1_2k,,,,logs/cpt10b-curriculum/phase1_2k.log,,700,10.711986875534057,,,,367001600,48944.04801759627,,
,,,,,,,train,,,,2.98189739882946,7.989508122549507e-06,0.504156306086238,50.41563060862379,,,,,,,,,cpt10b_phase1_2k,,,,logs/cpt10b-curriculum/phase1_2k.log,,710,10.719242072105407,,,,372244480,48910.92079768869,,
,,,,,,,train,,,,2.921744227409363,7.988990346405694e-06,0.5040918826650488,50.40918826650488,,,,,,,,,cpt10b_phase1_2k,,,,logs/cpt10b-curriculum/phase1_2k.log,,720,10.720612001419067,,,,377487360,48904.67073433877,,
,,,,,,,train,,,,2.9768220633268356,7.988460119491607e-06,0.5038469047803671,50.38469047803671,,,,,,,,,cpt10b_phase1_2k,,,,logs/cpt10b-curriculum/phase1_2k.log,,730,10.725824522972108,,,,382730240,48880.90410924611,,
,,,,,,,train,,,,2.9618509858846664,7.987917443646688e-06,0.5043310853353087,50.43310853353087,,,,,,,,,cpt10b_phase1_2k,,,,logs/cpt10b-curriculum/phase1_2k.log,,740,10.715527248382568,,,,387973120,48927.87707475034,,
,,,,,,,train,,,,2.9649398773908615,7.987362320753559e-06,0.5041467187253297,50.41467187253297,,,,,,,,,cpt10b_phase1_2k,,,,logs/cpt10b-curriculum/phase1_2k.log,,750,10.71944591999054,,,,393216000,48909.99067612841,,
,,,,,,,eval,,,,2.8998187705874443,,,,,,,,,18.17085197819275,,,cpt10b_phase1_2k,,,,logs/cpt10b-curriculum/phase1_2k.log,,750,,,,,,,,
,,,,,,,train,,,,2.9567310959100723,7.986794752738034e-06,0.46916523736583704,46.916523736583706,,,,,,,,,cpt10b_phase1_2k,,,,logs/cpt10b-curriculum/phase1_2k.log,,760,11.518699717521667,,,,398458880,45516.248609422415,,
,,,,,,,train,,,,2.976494178175926,7.986214741569093e-06,0.5042230789915356,50.422307899153566,,,,,,,,,cpt10b_phase1_2k,,,,logs/cpt10b-curriculum/phase1_2k.log,,770,10.717822551727295,,,,403701760,48917.398797156355,,
,,,,,,,train,,,,2.977584406733513,7.985622289258886e-06,0.5043300159498665,50.43300159498665,,,,,,,,,cpt10b_phase1_2k,,,,logs/cpt10b-curriculum/phase1_2k.log,,780,10.715549969673157,,,,408944640,48927.7733279043,,
,,,,,,,train,,,,2.9520862102508545,7.985017397862723e-06,0.5038862917504465,50.388629175044656,,,,,,,,,cpt10b_phase1_2k,,,,logs/cpt10b-curriculum/phase1_2k.log,,790,10.724986124038697,,,,414187520,48884.725251520365,,
,,,,,,,train,,,,2.9572011083364487,7.984400069479066e-06,0.5042402048817175,50.42402048817175,,,,,,,,,cpt10b_phase1_2k,,,,logs/cpt10b-curriculum/phase1_2k.log,,800,10.717458534240723,,,,419430400,48919.06027207626,,
,,,,,,,train,,,,2.934364229440689,7.983770306249527e-06,0.5042005842401067,50.42005842401067,,,,,,,,,cpt10b_phase1_2k,,,,logs/cpt10b-curriculum/phase1_2k.log,,810,10.718300724029541,,,,424673280,48915.216460067204,,
,,,,,,,train,,,,2.9703765362501144,7.98312811035885e-06,0.5043377306631813,50.43377306631813,,,,,,,,,cpt10b_phase1_2k,,,,logs/cpt10b-curriculum/phase1_2k.log,,820,10.715386056900025,,,,429916160,48928.52177382746,,
,,,,,,,train,,,,2.9979637414216995,7.982473484034914e-06,0.5042184342935174,50.42184342935174,,,,,,,,,cpt10b_phase1_2k,,,,logs/cpt10b-curriculum/phase1_2k.log,,830,10.717921280860901,,,,435159040,48916.94818996538,,
,,,,,,,train,,,,2.984716236591339,7.98180642954872e-06,0.5042506977001245,50.425069770012456,,,,,,,,,cpt10b_phase1_2k,,,,logs/cpt10b-curriculum/phase1_2k.log,,840,10.71723551750183,,,,440401920,48920.07823694917,,
,,,,,,,train,,,,2.9705395102500916,7.981126949214389e-06,0.5041656785044856,50.41656785044856,,,,,,,,,cpt10b_phase1_2k,,,,logs/cpt10b-curriculum/phase1_2k.log,,850,10.719042801856995,,,,445644800,48911.83006650286,,
,,,,,,,train,,,,2.943380370736122,7.98043504538914e-06,0.5043424134690067,50.43424134690066,,,,,,,,,cpt10b_phase1_2k,,,,logs/cpt10b-curriculum/phase1_2k.log,,860,10.715286564826965,,,,450887680,48928.97607806221,,
,,,,,,,train,,,,2.9812409728765488,7.979730720473297e-06,0.5043550831782813,50.43550831782812,,,,,,,,,cpt10b_phase1_2k,,,,logs/cpt10b-curriculum/phase1_2k.log,,870,10.715017390251159,,,,456130560,48930.205234852234,,
,,,,,,,train,,,,3.0100621432065964,7.979013976910274e-06,0.5042366703562683,50.42366703562683,,,,,,,,,cpt10b_phase1_2k,,,,logs/cpt10b-curriculum/phase1_2k.log,,880,10.717533659934997,,,,461373440,48918.71736871035,,
,,,,,,,train,,,,2.9756458699703217,7.978284817186566e-06,0.5043357859721072,50.43357859721071,,,,,,,,,cpt10b_phase1_2k,,,,logs/cpt10b-curriculum/phase1_2k.log,,890,10.715427374839782,,,,466616320,48928.33310886391,,
,,,,,,,train,,,,2.98101370036602,7.977543243831745e-06,0.5044358027115861,50.44358027115861,,,,,,,,,cpt10b_phase1_2k,,,,logs/cpt10b-curriculum/phase1_2k.log,,900,10.713302779197694,,,,471859200,48938.036271879115,,
,,,,,,,train,,,,2.9817260801792145,7.976789259418442e-06,0.5021417186121179,50.21417186121179,,,,,,,,,cpt10b_phase1_2k,,,,logs/cpt10b-curriculum/phase1_2k.log,,910,10.762247562408447,,,,477102080,48715.47480763129,,
,,,,,,,train,,,,2.9812908470630646,7.976022866562349e-06,0.5049936497838349,50.49936497838349,,,,,,,,,cpt10b_phase1_2k,,,,logs/cpt10b-curriculum/phase1_2k.log,,920,10.701468205451965,,,,482344960,48992.15602331056,,
,,,,,,,train,,,,2.9388640224933624,7.975244067922201e-06,0.5050372199395178,50.50372199395178,,,,,,,,,cpt10b_phase1_2k,,,,logs/cpt10b-curriculum/phase1_2k.log,,930,10.70054497718811,,,,487587840,48996.38299896875,,
,,,,,,,train,,,,2.9971296936273575,7.974452866199776e-06,0.5049984347860663,50.499843478606635,,,,,,,,,cpt10b_phase1_2k,,,,logs/cpt10b-curriculum/phase1_2k.log,,940,10.701366806030274,,,,492830720,48992.62024216954,,
,,,,,,,train,,,,2.960492104291916,7.973649264139874e-06,0.5054223959493941,50.54223959493941,,,,,,,,,cpt10b_phase1_2k,,,,logs/cpt10b-curriculum/phase1_2k.log,,950,10.69239022731781,,,,498073600,49033.75099989386,,
,,,,,,,train,,,,3.006455510854721,7.972833264530319e-06,0.5049479240026534,50.49479240026534,,,,,,,,,cpt10b_phase1_2k,,,,logs/cpt10b-curriculum/phase1_2k.log,,960,10.702437281608582,,,,503316480,48987.71991880333,,
,,,,,,,train,,,,2.9649625420570374,7.972004870201938e-06,0.5047684646163195,50.47684646163195,,,,,,,,,cpt10b_phase1_2k,,,,logs/cpt10b-curriculum/phase1_2k.log,,970,10.706242299079895,,,,508559360,48970.309596398525,,
,,,,,,,train,,,,2.9619959741830826,7.971164084028563e-06,0.5052644639602045,50.526446396020454,,,,,,,,,cpt10b_phase1_2k,,,,logs/cpt10b-curriculum/phase1_2k.log,,980,10.695732378959656,,,,513802240,49018.42916632475,,
,,,,,,,train,,,,2.955211415886879,7.970310908927015e-06,0.5051287976894078,50.51287976894078,,,,,,,,,cpt10b_phase1_2k,,,,logs/cpt10b-curriculum/phase1_2k.log,,990,10.698605012893676,,,,519045120,49005.2674501154,,
,,,,,,,train,,,,2.936354547739029,7.969445347857089e-06,0.5048743431998604,50.487434319986036,,,,,,,,,cpt10b_phase1_2k,,,,logs/cpt10b-curriculum/phase1_2k.log,,1000,10.70399706363678,,,,524288000,48980.581448503166,,
,,,,,,,eval,,,,2.898592956364155,,,,,,,,,18.148591535759486,,,cpt10b_phase1_2k,,,,logs/cpt10b-curriculum/phase1_2k.log,,1000,,,,,,,,
,,,,,,,checkpoint,,,,,,,,,,,runs/l20-edu-135m-cpt10b-2k/step-001000,,,,,cpt10b_phase1_2k,,,,logs/cpt10b-curriculum/phase1_2k.log,,1000,,,,,,,,
,,,,,,,train,,,,2.951092019677162,7.968567403821553e-06,0.4649168573283952,46.49168573283952,,,,,,,,,cpt10b_phase1_2k,,,,logs/cpt10b-curriculum/phase1_2k.log,,1010,11.623956847190858,,,,529530880,45104.0903620271,,
,,,,,,,train,,,,2.9985890984535217,7.967677079866132e-06,0.504747869032698,50.474786903269795,,,,,,,,,cpt10b_phase1_2k,,,,logs/cpt10b-curriculum/phase1_2k.log,,1020,10.706679153442384,,,,534773760,48968.31150781541,,
,,,,,,,train,,,,2.944291055202484,7.9667743790795e-06,0.5046626191956087,50.46626191956087,,,,,,,,,cpt10b_phase1_2k,,,,logs/cpt10b-curriculum/phase1_2k.log,,1030,10.70848777294159,,,,540016640,48960.04096159879,,
,,,,,,,train,,,,2.9663937985897064,7.96585930459327e-06,0.5049661678731978,50.49661678731978,,,,,,,,,cpt10b_phase1_2k,,,,logs/cpt10b-curriculum/phase1_2k.log,,1040,10.702050614356995,,,,545259520,48989.48985502443,,
,,,,,,,train,,,,2.9180388748645782,7.964931859581976e-06,0.505158734680067,50.5158734680067,,,,,,,,,cpt10b_phase1_2k,,,,logs/cpt10b-curriculum/phase1_2k.log,,1050,10.697970986366272,,,,550502400,49008.17179894805,,
,,,,,,,train,,,,2.938999444246292,7.96399204726307e-06,0.5052314400620361,50.523144006203616,,,,,,,,,cpt10b_phase1_2k,,,,logs/cpt10b-curriculum/phase1_2k.log,,1060,10.696431493759155,,,,555745280,49015.22533995533,,
,,,,,,,train,,,,3.006464645266533,7.96303987089691e-06,0.5048176791642619,50.48176791642619,,,,,,,,,cpt10b_phase1_2k,,,,logs/cpt10b-curriculum/phase1_2k.log,,1070,10.705198550224305,,,,560988160,48975.08416497466,,
,,,,,,,train,,,,2.983855754137039,7.962075333786743e-06,0.505099811959092,50.509981195909205,,,,,,,,,cpt10b_phase1_2k,,,,logs/cpt10b-curriculum/phase1_2k.log,,1080,10.69921896457672,,,,566231040,49002.45538817624,,
,,,,,,,train,,,,2.972317799925804,7.961098439278702e-06,0.5049719963353636,50.49719963353636,,,,,,,,,cpt10b_phase1_2k,,,,logs/cpt10b-curriculum/phase1_2k.log,,1090,10.701927089691162,,,,571473920,48990.05530555619,,
,,,,,,,train,,,,2.9709757417440414,7.960109190761784e-06,0.5049934562704866,50.49934562704866,,,,,,,,,cpt10b_phase1_2k,,,,logs/cpt10b-curriculum/phase1_2k.log,,1100,10.701472306251526,,,,576716800,48992.13724953756,,
,,,,,,,train,,,,2.9744320064783096,7.95910759166785e-06,0.5048759074488779,50.48759074488779,,,,,,,,,cpt10b_phase1_2k,,,,logs/cpt10b-curriculum/phase1_2k.log,,1110,10.703963899612427,,,,581959680,48980.73320473209,,
,,,,,,,train,,,,2.9775737822055817,7.958093645471605e-06,0.5050833636905899,50.508336369058995,,,,,,,,,cpt10b_phase1_2k,,,,logs/cpt10b-curriculum/phase1_2k.log,,1120,10.69956738948822,,,,587202560,49000.85965298805,,
,,,,,,,train,,,,2.9412401616573334,7.957067355690585e-06,0.5050735632198944,50.50735632198944,,,,,,,,,cpt10b_phase1_2k,,,,logs/cpt10b-curriculum/phase1_2k.log,,1130,10.699775004386902,,,,592445440,48999.908856498594,,
,,,,,,,train,,,,2.939129501581192,7.95602872588515e-06,0.5048278317440009,50.48278317440009,,,,,,,,,cpt10b_phase1_2k,,,,logs/cpt10b-curriculum/phase1_2k.log,,1140,10.704983258247376,,,,597688320,48976.069121460416,,
,,,,,,,train,,,,2.9492405354976654,7.954977759658471e-06,0.5050626715031246,50.50626715031245,,,,,,,,,cpt10b_phase1_2k,,,,logs/cpt10b-curriculum/phase1_2k.log,,1150,10.700005745887756,,,,602931200,48998.85219234534,,
,,,,,,,train,,,,2.957793951034546,7.953914460656515e-06,0.5047495921047509,50.47495921047509,,,,,,,,,cpt10b_phase1_2k,,,,logs/cpt10b-curriculum/phase1_2k.log,,1160,10.706642603874206,,,,608174080,48968.47867232311,,
,,,,,,,train,,,,2.9756598323583603,7.95283883256803e-06,0.5048681908809722,50.48681908809722,,,,,,,,,cpt10b_phase1_2k,,,,logs/cpt10b-curriculum/phase1_2k.log,,1170,10.704127502441406,,,,613416960,48979.9845788851,,
,,,,,,,train,,,,2.95372511446476,7.951750879124544e-06,0.5048446040706321,50.48446040706322,,,,,,,,,cpt10b_phase1_2k,,,,logs/cpt10b-curriculum/phase1_2k.log,,1180,10.70462760925293,,,,618659840,48977.696295274465,,
,,,,,,,train,,,,2.967918798327446,7.950650604100334e-06,0.5049815026084639,50.49815026084639,,,,,,,,,cpt10b_phase1_2k,,,,logs/cpt10b-curriculum/phase1_2k.log,,1190,10.701725625991822,,,,623902720,48990.97756035113,,
,,,,,,,train,,,,2.9894965440034866,7.949538011312426e-06,0.5053043578740041,50.53043578740041,,,,,,,,,cpt10b_phase1_2k,,,,logs/cpt10b-curriculum/phase1_2k.log,,1200,10.694887948036193,,,,629145600,49022.299489941855,,
,,,,,,,train,,,,2.978637680411339,7.948413104620582e-06,0.5049002259642155,50.49002259642155,,,,,,,,,cpt10b_phase1_2k,,,,logs/cpt10b-curriculum/phase1_2k.log,,1210,10.703448343276978,,,,634388480,48983.092474988625,,
,,,,,,,train,,,,2.9145904034376144,7.947275887927275e-06,0.5048421865920747,50.48421865920747,,,,,,,,,cpt10b_phase1_2k,,,,logs/cpt10b-curriculum/phase1_2k.log,,1220,10.704678869247436,,,,639631360,48977.461762648716,,
,,,,,,,train,,,,2.968691885471344,7.946126365177694e-06,0.5051096044437291,50.51096044437291,,,,,,,,,cpt10b_phase1_2k,,,,logs/cpt10b-curriculum/phase1_2k.log,,1230,10.699011540412902,,,,644874240,49003.405409895124,,
,,,,,,,train,,,,2.946147695183754,7.94496454035971e-06,0.505303266333793,50.530326633379296,,,,,,,,,cpt10b_phase1_2k,,,,logs/cpt10b-curriculum/phase1_2k.log,,1240,10.69491105079651,,,,650117120,49022.19359374227,,
,,,,,,,train,,,,2.9220069497823715,7.943790417503876e-06,0.5049476427842347,50.49476427842347,,,,,,,,,cpt10b_phase1_2k,,,,logs/cpt10b-curriculum/phase1_2k.log,,1250,10.702443242073059,,,,655360000,48987.69263628869,,
,,,,,,,eval,,,,2.8978536501526833,,,,,,,,,18.13517912785678,,,cpt10b_phase1_2k,,,,logs/cpt10b-curriculum/phase1_2k.log,,1250,,,,,,,,
,,,,,,,train,,,,2.9682908207178116,7.942604000683408e-06,0.4703974384348958,47.03974384348958,,,,,,,,,cpt10b_phase1_2k,,,,logs/cpt10b-curriculum/phase1_2k.log,,1260,11.488526606559754,,,,660602880,45635.79107704207,,
,,,,,,,train,,,,3.0008370876312256,7.941405294014172e-06,0.5049533155827459,50.49533155827459,,,,,,,,,cpt10b_phase1_2k,,,,logs/cpt10b-curriculum/phase1_2k.log,,1270,10.702323007583619,,,,665845760,48988.242985050245,,
,,,,,,,train,,,,2.980804994702339,7.940194301654671e-06,0.5049866777714963,50.49866777714963,,,,,,,,,cpt10b_phase1_2k,,,,logs/cpt10b-curriculum/phase1_2k.log,,1280,10.701615953445435,,,,671088640,48991.47963081249,,
,,,,,,,train,,,,2.9754838347434998,7.938971027806024e-06,0.5052588494915814,50.52588494915814,,,,,,,,,cpt10b_phase1_2k,,,,logs/cpt10b-curriculum/phase1_2k.log,,1290,10.695851230621338,,,,676331520,49017.884476460065,,
,,,,,,,train,,,,2.9746178835630417,7.937735476711963e-06,0.5051812373217285,50.518123732172846,,,,,,,,,cpt10b_phase1_2k,,,,logs/cpt10b-curriculum/phase1_2k.log,,1300,10.697494459152221,,,,681574400,49010.3549015112,,
,,,,,,,train,,,,2.960266634821892,7.936487652658809e-06,0.5049648753025378,50.49648753025377,,,,,,,,,cpt10b_phase1_2k,,,,logs/cpt10b-curriculum/phase1_2k.log,,1310,10.702078008651734,,,,686817280,48989.36445577738,,
,,,,,,,train,,,,2.961911618709564,7.935227559975455e-06,0.5050143486928667,50.50143486928667,,,,,,,,,cpt10b_phase1_2k,,,,logs/cpt10b-curriculum/phase1_2k.log,,1320,10.701029586791993,,,,692060160,48994.164136048676,,
,,,,,,,train,,,,2.9569816291332245,7.933955203033366e-06,0.505324832167125,50.5324832167125,,,,,,,,,cpt10b_phase1_2k,,,,logs/cpt10b-curriculum/phase1_2k.log,,1330,10.694454622268676,,,,697303040,49024.28581147972,,
,,,,,,,train,,,,2.957934319972992,7.932670586246543e-06,0.5052480826751624,50.52480826751624,,,,,,,,,cpt10b_phase1_2k,,,,logs/cpt10b-curriculum/phase1_2k.log,,1340,10.69607915878296,,,,702545920,49016.83992956308,,
,,,,,,,train,,,,2.9631590992212296,7.931373714071525e-06,0.5051043952448634,50.51043952448634,,,,,,,,,cpt10b_phase1_2k,,,,logs/cpt10b-curriculum/phase1_2k.log,,1350,10.699121880531312,,,,707788800,49002.90003743412,,
,,,,,,,train,,,,3.010372057557106,7.930064591007365e-06,0.5050654748542289,50.50654748542289,,,,,,,,,cpt10b_phase1_2k,,,,logs/cpt10b-curriculum/phase1_2k.log,,1360,10.699946355819701,,,,713031680,48999.12416054682,,
,,,,,,,train,,,,2.97815702855587,7.928743221595615e-06,0.5047648945797553,50.476489457975525,,,,,,,,,cpt10b_phase1_2k,,,,logs/cpt10b-curriculum/phase1_2k.log,,1370,10.706318020820618,,,,718274560,48969.96324790793,,
,,,,,,,train,,,,3.0005724281072617,7.927409610420313e-06,0.5053128594326908,50.531285943269076,,,,,,,,,cpt10b_phase1_2k,,,,logs/cpt10b-curriculum/phase1_2k.log,,1380,10.694708013534546,,,,723517440,49023.124271975845,,
,,,,,,,train,,,,2.9384447038173676,7.926063762107966e-06,0.5051675871086674,50.51675871086674,,,,,,,,,cpt10b_phase1_2k,,,,logs/cpt10b-curriculum/phase1_2k.log,,1390,10.697783517837525,,,,728760320,49009.03062076366,,
,,,,,,,train,,,,2.9777956306934357,7.924705681327534e-06,0.5047674001196546,50.47674001196546,,,,,,,,,cpt10b_phase1_2k,,,,logs/cpt10b-curriculum/phase1_2k.log,,1400,10.706264877319336,,,,734003200,48970.20632383912,,
,,,,,,,train,,,,2.983383744955063,7.923335372790408e-06,0.504892607620157,50.4892607620157,,,,,,,,,cpt10b_phase1_2k,,,,logs/cpt10b-curriculum/phase1_2k.log,,1410,10.703609848022461,,,,739246080,48982.353378366504,,
,,,,,,,train,,,,2.936560347676277,7.92195284125041e-06,0.5051048927479794,50.51048927479794,,,,,,,,,cpt10b_phase1_2k,,,,logs/cpt10b-curriculum/phase1_2k.log,,1420,10.699111342430115,,,,744488960,49002.94830289309,,
,,,,,,,train,,,,2.955728828907013,7.92055809150375e-06,0.5050477493308816,50.50477493308816,,,,,,,,,cpt10b_phase1_2k,,,,logs/cpt10b-curriculum/phase1_2k.log,,1430,10.700321888923645,,,,749731840,48997.40451198133,,
,,,,,,,train,,,,2.9472804814577103,7.919151128389039e-06,0.505096212472244,50.5096212472244,,,,,,,,,cpt10b_phase1_2k,,,,logs/cpt10b-curriculum/phase1_2k.log,,1440,10.699295210838319,,,,754974720,49002.10618255487,,
,,,,,,,train,,,,2.957381322979927,7.917731956787253e-06,0.50510118851187,50.510118851187,,,,,,,,,cpt10b_phase1_2k,,,,logs/cpt10b-curriculum/phase1_2k.log,,1450,10.699189805984497,,,,760217600,49002.58893498124,,
,,,,,,,train,,,,2.94725701212883,7.916300581621722e-06,0.5050708779483022,50.50708779483022,,,,,,,,,cpt10b_phase1_2k,,,,logs/cpt10b-curriculum/phase1_2k.log,,1460,10.699831891059876,,,,765460480,48999.64834382706,,
,,,,,,,train,,,,3.0023450404405594,7.914857007858106e-06,0.5051423703816057,50.51423703816057,,,,,,,,,cpt10b_phase1_2k,,,,logs/cpt10b-curriculum/phase1_2k.log,,1470,10.698317551612854,,,,770703360,49006.58421014616,,
,,,,,,,train,,,,2.9300067871809006,7.913401240504391e-06,0.5047238810003818,50.47238810003818,,,,,,,,,cpt10b_phase1_2k,,,,logs/cpt10b-curriculum/phase1_2k.log,,1480,10.70718801021576,,,,775946240,48965.98429949818,,
,,,,,,,train,,,,2.9734977632761,7.911933284610865e-06,0.5053736549837776,50.53736549837776,,,,,,,,,cpt10b_phase1_2k,,,,logs/cpt10b-curriculum/phase1_2k.log,,1490,10.693421459197998,,,,781189120,49029.0223760919,,
,,,,,,,train,,,,2.950166165828705,7.91045314527009e-06,0.5049128641051637,50.491286410516366,,,,,,,,,cpt10b_phase1_2k,,,,logs/cpt10b-curriculum/phase1_2k.log,,1500,10.703180432319641,,,,786432000,48984.318569165145,,
,,,,,,,eval,,,,2.8973980471491814,,,,,,,,,18.126918567687987,,,cpt10b_phase1_2k,,,,logs/cpt10b-curriculum/phase1_2k.log,,1500,,,,,,,,
,,,,,,,checkpoint,,,,,,,,,,,runs/l20-edu-135m-cpt10b-2k/step-001500,,,,,cpt10b_phase1_2k,,,,logs/cpt10b-curriculum/phase1_2k.log,,1500,,,,,,,,
,,8192,False,,cuda,bfloat16,start,2505783168,runs/l20-edu-135m-stage3-dclm-edu-replay-8k/final,True,,,,,,,134515008,,,,3000500224,"{'rope_type': 'yarn', 'factor': 4.0, 'original_max_position_embeddings': 2048}",stage4_cpt_8k,l20-edu-135m-stage4-hq-crossdedup-8k,,,logs/l20_stage4_hq_crossdedup_train_latest.log,0,,,,,,,,524288,
,,,,,,,train,,,,2.949459582567215,6.000000000000001e-08,0.4065760538213771,40.65760538213771,,,,,,,,,stage4_cpt_8k,,,,logs/l20_stage4_hq_crossdedup_train_latest.log,,1,27.039814233779907,,,,524288,19389.482319187868,,
,,,,,,,train,,,,2.9060451686382294,9e-08,0.4256247867837897,42.562478678378966,,,,,,,,,stage4_cpt_8k,,,,logs/l20_stage4_hq_crossdedup_train_latest.log,,2,25.82965397834778,,,,1048576,20297.91031809775,,
,,,,,,,train,,,,2.965232014656067,1.2000000000000002e-07,0.4179841448600907,41.79841448600907,,,,,,,,,stage4_cpt_8k,,,,logs/l20_stage4_hq_crossdedup_train_latest.log,,3,26.30181336402893,,,,1572864,19933.530541929493,,
,,,,,,,train,,,,2.9680056869983673,1.5000000000000002e-07,0.41868219520283884,41.86821952028389,,,,,,,,,stage4_cpt_8k,,,,logs/l20_stage4_hq_crossdedup_train_latest.log,,4,26.25796151161194,,,,2097152,19966.820340114617,,
,,,,,,,train,,,,2.9164216369390488,1.8e-07,0.41836720954308537,41.83672095430854,,,,,,,,,stage4_cpt_8k,,,,logs/l20_stage4_hq_crossdedup_train_latest.log,,5,26.27773094177246,,,,2621440,19951.798774473493,,
,,,,,,,train,,,,2.943421334028244,2.1000000000000003e-07,0.41808550381302595,41.808550381302595,,,,,,,,,stage4_cpt_8k,,,,logs/l20_stage4_hq_crossdedup_train_latest.log,,6,26.29543685913086,,,,3145728,19938.364318064014,,
,,,,,,,train,,,,2.963750720024109,2.4000000000000003e-07,0.417841666041541,41.7841666041541,,,,,,,,,stage4_cpt_8k,,,,logs/l20_stage4_hq_crossdedup_train_latest.log,,7,26.310781955718994,,,,3670016,19926.735772520024,,
,,,,,,,train,,,,2.9755110293626785,2.7e-07,0.41812064320131725,41.812064320131725,,,,,,,,,stage4_cpt_8k,,,,logs/l20_stage4_hq_crossdedup_train_latest.log,,8,26.293226957321167,,,,4194304,19940.04010428304,,
,,,,,,,train,,,,2.9289059787988663,3.0000000000000004e-07,0.41815099543634643,41.815099543634645,,,,,,,,,stage4_cpt_8k,,,,logs/l20_stage4_hq_crossdedup_train_latest.log,,9,26.29131841659546,,,,4718592,19941.487592689984,,
,,,,,,,train,,,,2.9179070591926575,3.3e-07,0.4180748331322115,41.80748331322115,,,,,,,,,stage4_cpt_8k,,,,logs/l20_stage4_hq_crossdedup_train_latest.log,,10,26.29610800743103,,,,5242880,19937.85543669965,,
,,,,,,,train,,,,2.909867584705353,3.6e-07,0.417890666854796,41.7890666854796,,,,,,,,,stage4_cpt_8k,,,,logs/l20_stage4_hq_crossdedup_train_latest.log,,11,26.30769681930542,,,,5767168,19929.072605674126,,
,,,,,,,train,,,,2.9644874185323715,3.9e-07,0.41790988785399147,41.79098878539914,,,,,,,,,stage4_cpt_8k,,,,logs/l20_stage4_hq_crossdedup_train_latest.log,,12,26.30648684501648,,,,6291456,19929.98924899474,,
,,,,,,,train,,,,2.9644502252340317,4.2000000000000006e-07,0.4178294668530771,41.78294668530771,,,,,,,,,stage4_cpt_8k,,,,logs/l20_stage4_hq_crossdedup_train_latest.log,,13,26.31155014038086,,,,6815744,19926.15399711341,,
,,,,,,,train,,,,2.8871664106845856,4.5e-07,0.4174630133343154,41.74630133343154,,,,,,,,,stage4_cpt_8k,,,,logs/l20_stage4_hq_crossdedup_train_latest.log,,14,26.334646701812744,,,,7340032,19908.67794569314,,
,,,,,,,train,,,,2.9706243127584457,4.800000000000001e-07,0.4181280213654884,41.81280213654884,,,,,,,,,stage4_cpt_8k,,,,logs/l20_stage4_hq_crossdedup_train_latest.log,,15,26.292762994766235,,,,7864320,19940.391966578914,,
,,,,,,,train,,,,2.94355346262455,5.100000000000001e-07,0.41823599755568264,41.82359975556827,,,,,,,,,stage4_cpt_8k,,,,logs/l20_stage4_hq_crossdedup_train_latest.log,,16,26.285974979400635,,,,8388608,19945.541316647585,,
,,,,,,,train,,,,2.9347622990608215,5.4e-07,0.418179489976306,41.8179489976306,,,,,,,,,stage4_cpt_8k,,,,logs/l20_stage4_hq_crossdedup_train_latest.log,,17,26.28952693939209,,,,8912896,19942.84648821161,,
,,,,,,,train,,,,2.953614130616188,5.7e-07,0.41815816231602027,41.81581623160203,,,,,,,,,stage4_cpt_8k,,,,logs/l20_stage4_hq_crossdedup_train_latest.log,,18,26.290867805480957,,,,9437184,19941.829378895574,,
,,,,,,,train,,,,2.899103209376335,6.000000000000001e-07,0.4182486264207693,41.82486264207693,,,,,,,,,stage4_cpt_8k,,,,logs/l20_stage4_hq_crossdedup_train_latest.log,,19,26.285181283950806,,,,9961472,19946.14358319528,,
,,,,,,,train,,,,2.9315328299999237,6.3e-07,0.417989585804705,41.798958580470504,,,,,,,,,stage4_cpt_8k,,,,logs/l20_stage4_hq_crossdedup_train_latest.log,,20,26.30147099494934,,,,10485760,19933.790018842625,,
,,,,,,,train,,,,2.9778129309415817,6.6e-07,0.4177846328155569,41.77846328155569,,,,,,,,,stage4_cpt_8k,,,,logs/l20_stage4_hq_crossdedup_train_latest.log,,21,26.31437373161316,,,,11010048,19924.015876165005,,
,,,,,,,train,,,,2.9473856389522552,6.900000000000001e-07,0.4180248151807522,41.80248151807522,,,,,,,,,stage4_cpt_8k,,,,logs/l20_stage4_hq_crossdedup_train_latest.log,,22,26.299254417419434,,,,11534336,19935.470096549026,,
,,,,,,,train,,,,2.974500820040703,7.2e-07,0.41767012880675014,41.76701288067501,,,,,,,,,stage4_cpt_8k,,,,logs/l20_stage4_hq_crossdedup_train_latest.log,,23,26.321587800979614,,,,12058624,19918.555216508918,,
,,,,,,,train,,,,2.9627356082201004,7.5e-07,0.4179249022939516,41.792490229395156,,,,,,,,,stage4_cpt_8k,,,,logs/l20_stage4_hq_crossdedup_train_latest.log,,24,26.30554175376892,,,,12582912,19930.705282847208,,
,,,,,,,train,,,,2.9676640927791595,7.8e-07,0.41837757628612066,41.83775762861207,,,,,,,,,stage4_cpt_8k,,,,logs/l20_stage4_hq_crossdedup_train_latest.log,,25,26.277079820632935,,,,13107200,19952.293161142115,,
,,,,,,,train,,,,2.9145599603652954,8.100000000000001e-07,0.41833872357408336,41.83387235740834,,,,,,,,,stage4_cpt_8k,,,,logs/l20_stage4_hq_crossdedup_train_latest.log,,26,26.279520273208618,,,,13631488,19950.440287698093,,
,,,,,,,train,,,,2.983492434024811,8.400000000000001e-07,0.417851238094722,41.7851238094722,,,,,,,,,stage4_cpt_8k,,,,logs/l20_stage4_hq_crossdedup_train_latest.log,,27,26.310179233551025,,,,14155776,19927.19226068298,,
,,,,,,,train,,,,2.9368409663438797,8.699999999999999e-07,0.41753586394066783,41.75358639406678,,,,,,,,,stage4_cpt_8k,,,,logs/l20_stage4_hq_crossdedup_train_latest.log,,28,26.3300518989563,,,,14680064,19912.152167872573,,
,,,,,,,train,,,,2.9287407100200653,9e-07,0.4185190305821222,41.85190305821222,,,,,,,,,stage4_cpt_8k,,,,logs/l20_stage4_hq_crossdedup_train_latest.log,,29,26.268198490142822,,,,15204352,19959.039071398056,,
,,,,,,,train,,,,2.9862742722034454,9.3e-07,0.41850430387887005,41.850430387887,,,,,,,,,stage4_cpt_8k,,,,logs/l20_stage4_hq_crossdedup_train_latest.log,,30,26.269122838974,,,,15728640,19958.33675961741,,
,,,,,,,train,,,,2.953461602330208,9.600000000000001e-07,0.4185533538626034,41.855335386260336,,,,,,,,,stage4_cpt_8k,,,,logs/l20_stage4_hq_crossdedup_train_latest.log,,31,26.26604437828064,,,,16252928,19960.675937695938,,
,,,,,,,train,,,,2.9060590863227844,9.9e-07,0.4186515491472949,41.865154914729494,,,,,,,,,stage4_cpt_8k,,,,logs/l20_stage4_hq_crossdedup_train_latest.log,,32,26.259883642196655,,,,16777216,19965.35883950105,,
,,,,,,,train,,,,2.8991848677396774,1.0200000000000002e-06,0.41845687551729643,41.84568755172965,,,,,,,,,stage4_cpt_8k,,,,logs/l20_stage4_hq_crossdedup_train_latest.log,,33,26.27210021018982,,,,17301504,19956.07491618242,,
,,,,,,,train,,,,2.9883915930986404,1.05e-06,0.4183174365932115,41.831743659321155,,,,,,,,,stage4_cpt_8k,,,,logs/l20_stage4_hq_crossdedup_train_latest.log,,34,26.2808575630188,,,,17825792,19949.425118370327,,
,,,,,,,train,,,,2.953183189034462,1.08e-06,0.41847794882004863,41.84779488200486,,,,,,,,,stage4_cpt_8k,,,,logs/l20_stage4_hq_crossdedup_train_latest.log,,35,26.270777225494385,,,,18350080,19957.07989526882,,
,,,,,,,train,,,,2.9601875692605972,1.11e-06,0.4183787151028325,41.83787151028325,,,,,,,,,stage4_cpt_8k,,,,logs/l20_stage4_hq_crossdedup_train_latest.log,,36,26.277008295059204,,,,18874368,19952.347470947843,,
,,,,,,,train,,,,2.9324078261852264,1.14e-06,0.41859893825842404,41.859893825842406,,,,,,,,,stage4_cpt_8k,,,,logs/l20_stage4_hq_crossdedup_train_latest.log,,37,26.263184070587158,,,,19398656,19962.84984299235,,
,,,,,,,train,,,,2.9257998019456863,1.17e-06,0.41841344060086877,41.841344060086875,,,,,,,,,stage4_cpt_8k,,,,logs/l20_stage4_hq_crossdedup_train_latest.log,,38,26.274827480316162,,,,19922944,19954.003518872632,,
,,,,,,,train,,,,2.937088832259178,1.2000000000000002e-06,0.4182700581626591,41.82700581626591,,,,,,,,,stage4_cpt_8k,,,,logs/l20_stage4_hq_crossdedup_train_latest.log,,39,26.28383445739746,,,,20447232,19947.16565612981,,
,,,,,,,train,,,,2.9521354585886,1.2299999999999999e-06,0.41815160214680047,41.81516021468005,,,,,,,,,stage4_cpt_8k,,,,logs/l20_stage4_hq_crossdedup_train_latest.log,,40,26.291280269622803,,,,20971520,19941.51652651801,,
,,,,,,,train,,,,2.9106358140707016,1.26e-06,0.41825323203025755,41.825323203025754,,,,,,,,,stage4_cpt_8k,,,,logs/l20_stage4_hq_crossdedup_train_latest.log,,41,26.284891843795776,,,,21495808,19946.363223242697,,
,,,,,,,train,,,,2.9691512882709503,1.29e-06,0.4182147096483256,41.82147096483256,,,,,,,,,stage4_cpt_8k,,,,logs/l20_stage4_hq_crossdedup_train_latest.log,,42,26.287312984466553,,,,22020096,19944.526103136035,,
,,,,,,,train,,,,2.970427945256233,1.32e-06,0.4179813183528483,41.79813183528483,,,,,,,,,stage4_cpt_8k,,,,logs/l20_stage4_hq_crossdedup_train_latest.log,,43,26.30199122428894,,,,22544384,19933.395746700688,,
,,,,,,,train,,,,2.9611814320087433,1.35e-06,0.4176690922074463,41.76690922074463,,,,,,,,,stage4_cpt_8k,,,,logs/l20_stage4_hq_crossdedup_train_latest.log,,44,26.321653127670288,,,,23068672,19918.505781418768,,
,,,,,,,train,,,,2.914141446352005,1.3800000000000001e-06,0.4184984621052141,41.849846210521406,,,,,,,,,stage4_cpt_8k,,,,logs/l20_stage4_hq_crossdedup_train_latest.log,,45,26.269489526748657,,,,23592960,19958.058167295134,,
,,,,,,,train,,,,2.92019385099411,1.41e-06,0.4186350419741887,41.86350419741887,,,,,,,,,stage4_cpt_8k,,,,logs/l20_stage4_hq_crossdedup_train_latest.log,,46,26.260919094085693,,,,24117248,19964.57161768099,,
,,,,,,,train,,,,2.9246644377708435,1.44e-06,0.4176504607798336,41.76504607798336,,,,,,,,,stage4_cpt_8k,,,,logs/l20_stage4_hq_crossdedup_train_latest.log,,47,26.322827339172363,,,,24641536,19917.617254578876,,
,,,,,,,train,,,,2.897158667445183,1.4700000000000001e-06,0.41748926716578755,41.74892671657876,,,,,,,,,stage4_cpt_8k,,,,logs/l20_stage4_hq_crossdedup_train_latest.log,,48,26.332990646362305,,,,25165824,19909.929982541737,,
,,,,,,,train,,,,2.8709670454263687,1.5e-06,0.4176286726300805,41.762867263008054,,,,,,,,,stage4_cpt_8k,,,,logs/l20_stage4_hq_crossdedup_train_latest.log,,49,26.32420063018799,,,,25690112,19916.578184667025,,
,,,,,,,train,,,,2.937414512038231,1.53e-06,0.41866968459284704,41.866968459284706,,,,,,,,,stage4_cpt_8k,,,,logs/l20_stage4_hq_crossdedup_train_latest.log,,50,26.25874614715576,,,,26214400,19966.223713114676,,
,,,,,,,train,,,,2.8962970227003098,1.56e-06,0.4184416519557402,41.84416519557402,,,,,,,,,stage4_cpt_8k,,,,logs/l20_stage4_hq_crossdedup_train_latest.log,,51,26.273056030273438,,,,26738688,19955.34890938774,,
,,,,,,,train,,,,2.9414132237434387,1.59e-06,0.41811894845937436,41.81189484593744,,,,,,,,,stage4_cpt_8k,,,,logs/l20_stage4_hq_crossdedup_train_latest.log,,52,26.293333530426025,,,,27262976,19939.959282580367,,
,,,,,,,train,,,,2.94811849296093,1.6200000000000002e-06,0.4176396988140995,41.76396988140995,,,,,,,,,stage4_cpt_8k,,,,logs/l20_stage4_hq_crossdedup_train_latest.log,,53,26.323505640029907,,,,27787264,19917.104019865812,,
,,,,,,,train,,,,2.92339850962162,1.65e-06,0.41874355401362606,41.87435540136261,,,,,,,,,stage4_cpt_8k,,,,logs/l20_stage4_hq_crossdedup_train_latest.log,,54,26.254113912582397,,,,28311552,19969.74652222914,,
,,,,,,,train,,,,2.9529311060905457,1.6800000000000002e-06,0.4189357198091111,41.89357198091111,,,,,,,,,stage4_cpt_8k,,,,logs/l20_stage4_hq_crossdedup_train_latest.log,,55,26.2420711517334,,,,28835840,19978.910847719755,,
,,,,,,,train,,,,2.963089630007744,1.71e-06,0.41865384117408955,41.86538411740896,,,,,,,,,stage4_cpt_8k,,,,logs/l20_stage4_hq_crossdedup_train_latest.log,,56,26.259739875793457,,,,29360128,19965.468145527786,,
,,,,,,,train,,,,2.9084894955158234,1.7399999999999999e-06,0.41773928614087347,41.773928614087346,,,,,,,,,stage4_cpt_8k,,,,logs/l20_stage4_hq_crossdedup_train_latest.log,,57,26.317230224609375,,,,29884416,19921.853307713805,,
,,,,,,,train,,,,2.961077868938446,1.77e-06,0.4178268014517254,41.78268014517254,,,,,,,,,stage4_cpt_8k,,,,logs/l20_stage4_hq_crossdedup_train_latest.log,,58,26.311717987060547,,,,30408704,19926.026884973147,,
,,,,,,,train,,,,2.906296268105507,1.8e-06,0.4179412701715849,41.79412701715849,,,,,,,,,stage4_cpt_8k,,,,logs/l20_stage4_hq_crossdedup_train_latest.log,,59,26.304511547088623,,,,30932992,19931.485861710597,,
,,,,,,,train,,,,2.900787726044655,1.83e-06,0.4178657484672924,41.78657484672924,,,,,,,,,stage4_cpt_8k,,,,logs/l20_stage4_hq_crossdedup_train_latest.log,,60,26.309265613555908,,,,31457280,19927.88425572242,,
,,,,,,,train,,,,2.962919443845749,1.86e-06,0.4182082045993221,41.820820459932214,,,,,,,,,stage4_cpt_8k,,,,logs/l20_stage4_hq_crossdedup_train_latest.log,,61,26.287721872329712,,,,31981568,19944.215879424006,,
,,,,,,,train,,,,2.959303706884384,1.8900000000000001e-06,0.4181562776682988,41.815627766829884,,,,,,,,,stage4_cpt_8k,,,,logs/l20_stage4_hq_crossdedup_train_latest.log,,62,26.29098629951477,,,,32505856,19941.739500646894,,
,,,,,,,train,,,,2.9092453569173813,1.9200000000000003e-06,0.4177466281445688,41.77466281445688,,,,,,,,,stage4_cpt_8k,,,,logs/l20_stage4_hq_crossdedup_train_latest.log,,63,26.316767692565918,,,,33030144,19922.203445528125,,
,,,,,,,train,,,,2.9994866102933884,1.95e-06,0.4177431803983221,41.77431803983221,,,,,,,,,stage4_cpt_8k,,,,logs/l20_stage4_hq_crossdedup_train_latest.log,,64,26.31698489189148,,,,33554432,19922.03902360936,,
,,,,,,,train,,,,2.9471259713172913,1.98e-06,0.418125196703531,41.8125196703531,,,,,,,,,stage4_cpt_8k,,,,logs/l20_stage4_hq_crossdedup_train_latest.log,,65,26.292940616607666,,,,34078720,19940.25725935116,,
,,,,,,,train,,,,2.932336911559105,2.0100000000000002e-06,0.4180728696346526,41.80728696346526,,,,,,,,,stage4_cpt_8k,,,,logs/l20_stage4_hq_crossdedup_train_latest.log,,66,26.296231508255005,,,,34603008,19937.761798127372,,
,,,,,,,train,,,,2.951945886015892,2.0400000000000004e-06,0.41762045727216834,41.76204572721684,,,,,,,,,stage4_cpt_8k,,,,logs/l20_stage4_hq_crossdedup_train_latest.log,,67,26.324718475341797,,,,35127296,19916.186396868685,,
,,,,,,,train,,,,2.86479514837265,2.07e-06,0.4178645632137828,41.78645632137828,,,,,,,,,stage4_cpt_8k,,,,logs/l20_stage4_hq_crossdedup_train_latest.log,,68,26.309340238571167,,,,35651584,19927.82773136061,,
,,,,,,,train,,,,2.966193273663521,2.1e-06,0.41851497750161465,41.851497750161464,,,,,,,,,stage4_cpt_8k,,,,logs/l20_stage4_hq_crossdedup_train_latest.log,,69,26.268452882766724,,,,36175872,19958.84578128148,,
,,,,,,,train,,,,2.943809285759926,2.13e-06,0.4177555751412296,41.77555751412296,,,,,,,,,stage4_cpt_8k,,,,logs/l20_stage4_hq_crossdedup_train_latest.log,,70,26.316204071044922,,,,36700160,19922.630124945008,,
,,,,,,,train,,,,2.936763748526573,2.16e-06,0.41759790074159014,41.759790074159014,,,,,,,,,stage4_cpt_8k,,,,logs/l20_stage4_hq_crossdedup_train_latest.log,,71,26.32614040374756,,,,37224448,19915.110683120376,,
,,,,,,,train,,,,2.946118250489235,2.19e-06,0.41791447085572964,41.79144708557296,,,,,,,,,stage4_cpt_8k,,,,logs/l20_stage4_hq_crossdedup_train_latest.log,,72,26.306198358535767,,,,37748736,19930.20781088577,,
,,,,,,,train,,,,2.9452817887067795,2.22e-06,0.4179514150355134,41.79514150355134,,,,,,,,,stage4_cpt_8k,,,,logs/l20_stage4_hq_crossdedup_train_latest.log,,73,26.30387306213379,,,,38273024,19931.96966703539,,
,,,,,,,train,,,,2.9260196834802628,2.25e-06,0.417708085504104,41.7708085504104,,,,,,,,,stage4_cpt_8k,,,,logs/l20_stage4_hq_crossdedup_train_latest.log,,74,26.319195985794067,,,,38797312,19920.36535929849,,
,,,,,,,train,,,,2.990949660539627,2.28e-06,0.4177411140485934,41.77411140485934,,,,,,,,,stage4_cpt_8k,,,,logs/l20_stage4_hq_crossdedup_train_latest.log,,75,26.31711506843567,,,,39321600,19921.94048004991,,
,,,,,,,train,,,,2.9508589804172516,2.31e-06,0.41748259567339346,41.748259567339346,,,,,,,,,stage4_cpt_8k,,,,logs/l20_stage4_hq_crossdedup_train_latest.log,,76,26.33341145515442,,,,39845888,19909.611821197497,,
,,,,,,,train,,,,2.933038517832756,2.34e-06,0.41777276247352785,41.77727624735279,,,,,,,,,stage4_cpt_8k,,,,logs/l20_stage4_hq_crossdedup_train_latest.log,,77,26.31512141227722,,,,40370176,19923.449783339984,,
,,,,,,,train,,,,2.9492245614528656,2.37e-06,0.4180467508067963,41.80467508067963,,,,,,,,,stage4_cpt_8k,,,,logs/l20_stage4_hq_crossdedup_train_latest.log,,78,26.297874450683594,,,,40894464,19936.516199558155,,
,,,,,,,train,,,,2.9104762375354767,2.4000000000000003e-06,0.4178754731014159,41.78754731014159,,,,,,,,,stage4_cpt_8k,,,,logs/l20_stage4_hq_crossdedup_train_latest.log,,79,26.308653354644775,,,,41418752,19928.348020421854,,
,,,,,,,train,,,,2.9005135893821716,2.43e-06,0.41797872300117767,41.79787230011777,,,,,,,,,stage4_cpt_8k,,,,logs/l20_stage4_hq_crossdedup_train_latest.log,,80,26.302154541015625,,,,41943040,19933.271975207368,,
,,,,,,,train,,,,2.9115094989538193,2.4599999999999997e-06,0.41804471556285117,41.804471556285115,,,,,,,,,stage4_cpt_8k,,,,logs/l20_stage4_hq_crossdedup_train_latest.log,,81,26.29800248146057,,,,42467328,19936.419139423604,,
,,,,,,,train,,,,2.952783763408661,2.49e-06,0.4182030917349132,41.820309173491324,,,,,,,,,stage4_cpt_8k,,,,logs/l20_stage4_hq_crossdedup_train_latest.log,,82,26.28804326057434,,,,42991616,19943.972048551223,,
,,,,,,,train,,,,2.957393690943718,2.52e-06,0.41785431275549395,41.78543127554939,,,,,,,,,stage4_cpt_8k,,,,logs/l20_stage4_hq_crossdedup_train_latest.log,,83,26.309985637664795,,,,43515904,19927.338890274455,,
,,,,,,,train,,,,2.919630602002144,2.55e-06,0.41792709167426245,41.792709167426246,,,,,,,,,stage4_cpt_8k,,,,logs/l20_stage4_hq_crossdedup_train_latest.log,,84,26.3054039478302,,,,44040192,19930.80969369588,,
,,,,,,,train,,,,2.951703667640686,2.58e-06,0.4178915795755588,41.78915795755588,,,,,,,,,stage4_cpt_8k,,,,logs/l20_stage4_hq_crossdedup_train_latest.log,,85,26.307639360427856,,,,44564480,19929.116133036165,,
,,,,,,,train,,,,2.945436716079712,2.61e-06,0.4178386900099487,41.78386900099487,,,,,,,,,stage4_cpt_8k,,,,logs/l20_stage4_hq_crossdedup_train_latest.log,,86,26.310969352722168,,,,45088768,19926.593846522665,,
,,,,,,,train,,,,2.956343948841095,2.64e-06,0.4177360239519387,41.77360239519387,,,,,,,,,stage4_cpt_8k,,,,logs/l20_stage4_hq_crossdedup_train_latest.log,,87,26.31743574142456,,,,45613056,19921.697734964066,,
,,,,,,,train,,,,2.872696027159691,2.6700000000000003e-06,0.41792643258504275,41.79264325850428,,,,,,,,,stage4_cpt_8k,,,,logs/l20_stage4_hq_crossdedup_train_latest.log,,88,26.305445432662964,,,,46137344,19930.77826194122,,
,,,,,,,train,,,,2.931246742606163,2.7e-06,0.4178471222095662,41.78471222095662,,,,,,,,,stage4_cpt_8k,,,,logs/l20_stage4_hq_crossdedup_train_latest.log,,89,26.31043839454651,,,,46661632,19926.995975432765,,
,,,,,,,train,,,,2.991882339119911,2.73e-06,0.4177088536384702,41.77088536384702,,,,,,,,,stage4_cpt_8k,,,,logs/l20_stage4_hq_crossdedup_train_latest.log,,90,26.31914758682251,,,,47185920,19920.401991381397,,
,,,,,,,train,,,,2.9004586786031723,2.7600000000000003e-06,0.4176347587090628,41.763475870906284,,,,,,,,,stage4_cpt_8k,,,,logs/l20_stage4_hq_crossdedup_train_latest.log,,91,26.323817014694214,,,,47710208,19916.86842783238,,
,,,,,,,train,,,,2.9421112686395645,2.7900000000000004e-06,0.4172711197562443,41.72711197562443,,,,,,,,,stage4_cpt_8k,,,,logs/l20_stage4_hq_crossdedup_train_latest.log,,92,26.346757411956787,,,,48234496,19899.526602164166,,
,,,,,,,train,,,,2.9454174786806107,2.82e-06,0.4174513955748797,41.74513955748797,,,,,,,,,stage4_cpt_8k,,,,logs/l20_stage4_hq_crossdedup_train_latest.log,,93,26.335379600524902,,,,48758784,19908.123898451428,,
,,,,,,,train,,,,2.949109807610512,2.85e-06,0.4176734921151041,41.76734921151041,,,,,,,,,stage4_cpt_8k,,,,logs/l20_stage4_hq_crossdedup_train_latest.log,,94,26.321375846862793,,,,49283072,19918.715611611507,,
,,,,,,,train,,,,2.9141175150871277,2.88e-06,0.41780211403073453,41.78021140307345,,,,,,,,,stage4_cpt_8k,,,,logs/l20_stage4_hq_crossdedup_train_latest.log,,95,26.313272714614868,,,,49807360,19924.849549740764,,
,,,,,,,train,,,,2.946547120809555,2.91e-06,0.4177552004496707,41.77552004496707,,,,,,,,,stage4_cpt_8k,,,,logs/l20_stage4_hq_crossdedup_train_latest.log,,96,26.316227674484253,,,,50331648,19922.612256024076,,
,,,,,,,train,,,,2.964297577738762,2.9400000000000002e-06,0.4178707167596397,41.78707167596397,,,,,,,,,stage4_cpt_8k,,,,logs/l20_stage4_hq_crossdedup_train_latest.log,,97,26.308952808380127,,,,50855936,19928.1211919997,,
,,,,,,,train,,,,2.9392776042222977,2.97e-06,0.41769699138585953,41.769699138585956,,,,,,,,,stage4_cpt_8k,,,,logs/l20_stage4_hq_crossdedup_train_latest.log,,98,26.319895029067993,,,,51380224,19919.836284338155,,
,,,,,,,train,,,,2.9489153176546097,3e-06,0.4176816376746281,41.76816376746281,,,,,,,,,stage4_cpt_8k,,,,logs/l20_stage4_hq_crossdedup_train_latest.log,,99,26.320862531661987,,,,51904512,19919.10407074698,,
,,,,,,,train,,,,2.8878803849220276,3e-06,0.4176347738393746,41.763477383937456,,,,,,,,,stage4_cpt_8k,,,,logs/l20_stage4_hq_crossdedup_train_latest.log,,100,26.323816061019897,,,,52428800,19916.86914939212,,
,,,,,,,train,,,,2.94338296353817,2.999999801004271e-06,0.41776249380918595,41.77624938091859,,,,,,,,,stage4_cpt_8k,,,,logs/l20_stage4_hq_crossdedup_train_latest.log,,101,26.315768241882324,,,,52953088,19922.960074012968,,
,,,,,,,train,,,,3.0411288291215897,2.9999992040171445e-06,0.4176303293574406,41.76303293574406,,,,,,,,,stage4_cpt_8k,,,,logs/l20_stage4_hq_crossdedup_train_latest.log,,102,26.324096202850342,,,,53477376,19916.65719346637,,
,,,,,,,train,,,,2.9168830960989,2.9999982090388083e-06,0.4177424537675157,41.774245376751566,,,,,,,,,stage4_cpt_8k,,,,logs/l20_stage4_hq_crossdedup_train_latest.log,,103,26.317030668258667,,,,54001664,19922.00437081798,,
,,,,,,,train,,,,3.002428650856018,2.9999968160695723e-06,0.41772072034899155,41.77207203489915,,,,,,,,,stage4_cpt_8k,,,,logs/l20_stage4_hq_crossdedup_train_latest.log,,104,26.318399906158447,,,,54525952,19920.96791102098,,
,,,,,,,train,,,,2.903152272105217,2.9999950251098713e-06,0.41753706245346034,41.75370624534603,,,,,,,,,stage4_cpt_8k,,,,logs/l20_stage4_hq_crossdedup_train_latest.log,,105,26.329976320266724,,,,55050240,19912.209324565352,,
,,,,,,,train,,,,2.91409532725811,2.9999928361602645e-06,0.4178141601888264,41.78141601888264,,,,,,,,,stage4_cpt_8k,,,,logs/l20_stage4_hq_crossdedup_train_latest.log,,106,26.312514066696167,,,,55574528,19925.424027177738,,
,,,,,,,train,,,,2.9902352690696716,2.9999902492214353e-06,0.417749629357501,41.7749629357501,,,,,,,,,stage4_cpt_8k,,,,logs/l20_stage4_hq_crossdedup_train_latest.log,,107,26.31657862663269,,,,56098816,19922.346572415547,,
,,,,,,,train,,,,2.8998460471630096,2.9999872642941907e-06,0.4177449742789489,41.77449742789489,,,,,,,,,stage4_cpt_8k,,,,logs/l20_stage4_hq_crossdedup_train_latest.log,,108,26.316871881484985,,,,56623104,19922.12457320425,,
,,,,,,,train,,,,2.9578914791345596,2.999983881379463e-06,0.41787701439144564,41.78770143914456,,,,,,,,,stage4_cpt_8k,,,,logs/l20_stage4_hq_crossdedup_train_latest.log,,109,26.30855631828308,,,,57147392,19928.42152405174,,
,,,,,,,train,,,,2.942496657371521,2.999980100478308e-06,0.4176478960149895,41.76478960149895,,,,,,,,,stage4_cpt_8k,,,,logs/l20_stage4_hq_crossdedup_train_latest.log,,110,26.322988986968994,,,,57671680,19917.494941761553,,
,,,,,,,train,,,,2.922580987215042,2.9999759215919056e-06,0.41778804339252323,41.778804339252325,,,,,,,,,stage4_cpt_8k,,,,logs/l20_stage4_hq_crossdedup_train_latest.log,,111,26.31415891647339,,,,58195968,19924.178525492647,,
,,,,,,,train,,,,2.943803548812866,2.9999713447215614e-06,0.41796881549518167,41.79688154951817,,,,,,,,,stage4_cpt_8k,,,,logs/l20_stage4_hq_crossdedup_train_latest.log,,112,26.302778005599976,,,,58720256,19932.79948940666,,
,,,,,,,train,,,,2.947272226214409,2.999966369868702e-06,0.41779307418982753,41.779307418982754,,,,,,,,,stage4_cpt_8k,,,,logs/l20_stage4_hq_crossdedup_train_latest.log,,113,26.313842058181763,,,,59244544,19924.41844261139,,
,,,,,,,train,,,,2.9519376307725906,2.999960997034882e-06,0.4177566954351523,41.77566954351523,,,,,,,,,stage4_cpt_8k,,,,logs/l20_stage4_hq_crossdedup_train_latest.log,,114,26.316133499145508,,,,59768832,19922.683551404836,,
,,,,,,,train,,,,2.880682095885277,2.9999552262217783e-06,0.41803424403438794,41.8034244034388,,,,,,,,,stage4_cpt_8k,,,,logs/l20_stage4_hq_crossdedup_train_latest.log,,115,26.29866123199463,,,,60293120,19935.919755571347,,
,,,,,,,train,,,,2.9026977866888046,2.9999490574311917e-06,0.4183488194230926,41.83488194230926,,,,,,,,,stage4_cpt_8k,,,,logs/l20_stage4_hq_crossdedup_train_latest.log,,116,26.278886079788208,,,,60817408,19950.92175551702,,
,,,,,,,train,,,,2.9665369540452957,2.999942490665048e-06,0.4184297594376287,41.84297594376287,,,,,,,,,stage4_cpt_8k,,,,logs/l20_stage4_hq_crossdedup_train_latest.log,,117,26.273802757263184,,,,61341696,19954.781758992416,,
,,,,,,,train,,,,2.878609761595726,2.9999355259253973e-06,0.4177677018854772,41.776770188547715,,,,,,,,,stage4_cpt_8k,,,,logs/l20_stage4_hq_crossdedup_train_latest.log,,118,26.31544017791748,,,,61865984,19923.20844551005,,
,,,,,,,train,,,,2.960182711482048,2.9999281632144133e-06,0.4178511169267513,41.78511169267513,,,,,,,,,stage4_cpt_8k,,,,logs/l20_stage4_hq_crossdedup_train_latest.log,,119,26.310186862945557,,,,62390272,19927.186482221106,,
,,,,,,,train,,,,2.869652286171913,2.9999204025343943e-06,0.4178948479817794,41.78948479817794,,,,,,,,,stage4_cpt_8k,,,,logs/l20_stage4_hq_crossdedup_train_latest.log,,120,26.307433605194092,,,,62914560,19929.272002286285,,
,,,,,,,train,,,,2.9386739879846573,2.9999122438877633e-06,0.41770260269602355,41.77026026960235,,,,,,,,,stage4_cpt_8k,,,,logs/l20_stage4_hq_crossdedup_train_latest.log,,121,26.319541454315186,,,,63438848,19920.103885930013,,
,,,,,,,train,,,,2.9385235756635666,2.999903687277066e-06,0.4176284154224454,41.76284154224454,,,,,,,,,stage4_cpt_8k,,,,logs/l20_stage4_hq_crossdedup_train_latest.log,,122,26.324216842651367,,,,63963136,19916.565918516946,,
,,,,,,,train,,,,2.9067869782447815,2.9998947327049743e-06,0.4178609241867135,41.78609241867135,,,,,,,,,stage4_cpt_8k,,,,logs/l20_stage4_hq_crossdedup_train_latest.log,,123,26.309569358825684,,,,64487424,19927.654187320433,,
,,,,,,,train,,,,2.9608529657125473,2.999885380174283e-06,0.4173047892317774,41.73047892317774,,,,,,,,,stage4_cpt_8k,,,,logs/l20_stage4_hq_crossdedup_train_latest.log,,124,26.344631671905518,,,,65011712,19901.13228871262,,
,,,,,,,train,,,,2.9334710985422134,2.9998756296879117e-06,0.4177398992261519,41.77398992261519,,,,,,,,,stage4_cpt_8k,,,,logs/l20_stage4_hq_crossdedup_train_latest.log,,125,26.31719160079956,,,,65536000,19921.882545555174,,
,,,,,,,train,,,,2.951427608728409,2.9998654812489035e-06,0.41762294605273115,41.76229460527311,,,,,,,,,stage4_cpt_8k,,,,logs/l20_stage4_hq_crossdedup_train_latest.log,,126,26.324561595916748,,,,66060288,19916.305086019867,,
,,,,,,,train,,,,2.9632911682128906,2.999854934860427e-06,0.4177232670874341,41.772326708743414,,,,,,,,,stage4_cpt_8k,,,,logs/l20_stage4_hq_crossdedup_train_latest.log,,127,26.318239450454712,,,,66584576,19921.08936416496,,
,,,,,,,train,,,,2.904289036989212,2.999843990525774e-06,0.4176904797307578,41.76904797307578,,,,,,,,,stage4_cpt_8k,,,,logs/l20_stage4_hq_crossdedup_train_latest.log,,128,26.320305347442627,,,,67108864,19919.525745583407,,
,,,,,,,train,,,,2.948629006743431,2.9998326482483597e-06,0.4182566426746452,41.82566426746452,,,,,,,,,stage4_cpt_8k,,,,logs/l20_stage4_hq_crossdedup_train_latest.log,,129,26.284677505493164,,,,67633152,19946.525875785635,,
,,,,,,,train,,,,2.964802235364914,2.999820908031726e-06,0.41875814163869235,41.87581416386924,,,,,,,,,stage4_cpt_8k,,,,logs/l20_stage4_hq_crossdedup_train_latest.log,,130,26.253199338912964,,,,68157440,19970.442201415462,,
,,,,,,,train,,,,2.946678414940834,2.9998087698795374e-06,0.4180471032812246,41.80471032812246,,,,,,,,,stage4_cpt_8k,,,,logs/l20_stage4_hq_crossdedup_train_latest.log,,131,26.297852277755737,,,,68681728,19936.53300895121,,
,,,,,,,train,,,,3.002961590886116,2.9997962337955823e-06,0.4176986032504865,41.769860325048654,,,,,,,,,stage4_cpt_8k,,,,logs/l20_stage4_hq_crossdedup_train_latest.log,,132,26.319793462753296,,,,69206016,19919.913153648075,,
,,,,,,,train,,,,2.8784574568271637,2.999783299783774e-06,0.4180911255666087,41.80911255666087,,,,,,,,,stage4_cpt_8k,,,,logs/l20_stage4_hq_crossdedup_train_latest.log,,133,26.29508328437805,,,,69730304,19938.632417699177,,
,,,,,,,train,,,,2.9365017265081406,2.9997699678481502e-06,0.41785499433666895,41.78549943366689,,,,,,,,,stage4_cpt_8k,,,,logs/l20_stage4_hq_crossdedup_train_latest.log,,134,26.309942722320557,,,,70254592,19927.37139466328,,
,,,,,,,train,,,,3.013043761253357,2.9997562379928726e-06,0.4179920941430312,41.79920941430312,,,,,,,,,stage4_cpt_8k,,,,logs/l20_stage4_hq_crossdedup_train_latest.log,,135,26.301313161849976,,,,70778880,19933.9096406973,,
,,,,,,,train,,,,2.941047638654709,2.9997421102222258e-06,0.417847326676648,41.7847326676648,,,,,,,,,stage4_cpt_8k,,,,logs/l20_stage4_hq_crossdedup_train_latest.log,,136,26.310425519943237,,,,71303168,19927.005726402676,,
,,,,,,,train,,,,2.9280406534671783,2.999727584540621e-06,0.4177809156907599,41.77809156907599,,,,,,,,,stage4_cpt_8k,,,,logs/l20_stage4_hq_crossdedup_train_latest.log,,137,26.314607858657837,,,,71827456,19923.83860766911,,
,,,,,,,train,,,,2.9557908922433853,2.999712660952592e-06,0.4177071962880457,41.77071962880457,,,,,,,,,stage4_cpt_8k,,,,logs/l20_stage4_hq_crossdedup_train_latest.log,,138,26.319252014160156,,,,72351744,19920.322952868308,,
,,,,,,,train,,,,2.928859919309616,2.9996973394627964e-06,0.41785511550688836,41.78551155068884,,,,,,,,,stage4_cpt_8k,,,,logs/l20_stage4_hq_crossdedup_train_latest.log,,139,26.309935092926025,,,,72876032,19927.377173232395,,
,,,,,,,train,,,,3.003157690167427,2.9996816200760187e-06,0.41774453526876415,41.774453526876414,,,,,,,,,stage4_cpt_8k,,,,logs/l20_stage4_hq_crossdedup_train_latest.log,,140,26.31689953804016,,,,73400320,19922.10363694857,,
,,,,,,,train,,,,2.924938812851906,2.9996655027971637e-06,0.4179677395266292,41.79677395266292,,,,,,,,,stage4_cpt_8k,,,,logs/l20_stage4_hq_crossdedup_train_latest.log,,141,26.30284571647644,,,,73924608,19932.7481768096,,
,,,,,,,train,,,,2.952083706855774,2.9996489876312636e-06,0.4179143041993598,41.791430419935985,,,,,,,,,stage4_cpt_8k,,,,logs/l20_stage4_hq_crossdedup_train_latest.log,,142,26.306208848953247,,,,74448896,19930.199863096655,,
,,,,,,,train,,,,2.9590143859386444,2.9996320745834733e-06,0.4175864532133229,41.75864532133229,,,,,,,,,stage4_cpt_8k,,,,logs/l20_stage4_hq_crossdedup_train_latest.log,,143,26.3268620967865,,,,74973184,19914.564754148785,,
,,,,,,,train,,,,2.9311323314905167,2.999614763659073e-06,0.41791183845814706,41.79118384581471,,,,,,,,,stage4_cpt_8k,,,,logs/l20_stage4_hq_crossdedup_train_latest.log,,144,26.306364059448242,,,,75497472,19930.082272684725,,
,,,,,,,train,,,,2.9271183758974075,2.9995970548634643e-06,0.41785945496169546,41.785945496169546,,,,,,,,,stage4_cpt_8k,,,,logs/l20_stage4_hq_crossdedup_train_latest.log,,145,26.309661865234375,,,,76021760,19927.58412044797,,
,,,,,,,train,,,,2.971108227968216,2.9995789482021765e-06,0.4176810361105979,41.76810361105979,,,,,,,,,stage4_cpt_8k,,,,logs/l20_stage4_hq_crossdedup_train_latest.log,,146,26.320900440216064,,,,76546048,19919.075382350264,,
,,,,,,,train,,,,2.9639199674129486,2.999560443680862e-06,0.4175820702657494,41.75820702657494,,,,,,,,,stage4_cpt_8k,,,,logs/l20_stage4_hq_crossdedup_train_latest.log,,147,26.327138423919678,,,,77070336,19914.355732777058,,
,,,,,,,train,,,,2.950903668999672,2.9995415413052953e-06,0.41771790497145966,41.771790497145965,,,,,,,,,stage4_cpt_8k,,,,logs/l20_stage4_hq_crossdedup_train_latest.log,,148,26.3185772895813,,,,77594624,19920.83364656452,,
,,,,,,,train,,,,2.953457549214363,2.9995222410813786e-06,0.41813088777287793,41.813088777287795,,,,,,,,,stage4_cpt_8k,,,,logs/l20_stage4_hq_crossdedup_train_latest.log,,149,26.292582750320435,,,,78118912,19940.52866463301,,
,,,,,,,train,,,,2.927275061607361,2.9995025430151355e-06,0.4180491120178066,41.80491120178066,,,,,,,,,stage4_cpt_8k,,,,logs/l20_stage4_hq_crossdedup_train_latest.log,,150,26.297725915908813,,,,78643200,19936.62880495807,,
,,,,,,,train,,,,2.9696750342845917,2.999482447112715e-06,0.41817956203289974,41.817956203289974,,,,,,,,,stage4_cpt_8k,,,,logs/l20_stage4_hq_crossdedup_train_latest.log,,151,26.289522409439087,,,,79167488,19942.84992456758,,
,,,,,,,train,,,,2.9184375554323196,2.9994619533803896e-06,0.4181242071329998,41.81242071329998,,,,,,,,,stage4_cpt_8k,,,,logs/l20_stage4_hq_crossdedup_train_latest.log,,152,26.29300284385681,,,,79691776,19940.210067048178,,
,,,,,,,train,,,,2.9759638607501984,2.999441061824557e-06,0.4179702892779994,41.79702892779994,,,,,,,,,stage4_cpt_8k,,,,logs/l20_stage4_hq_crossdedup_train_latest.log,,153,26.302685260772705,,,,80216064,19932.86977363914,,
,,,,,,,train,,,,2.953602284193039,2.9994197724517385e-06,0.41762221984014025,41.762221984014026,,,,,,,,,stage4_cpt_8k,,,,logs/l20_stage4_hq_crossdedup_train_latest.log,,154,26.324607372283936,,,,80740352,19916.27045317305,,
,,,,,,,train,,,,2.9265802204608917,2.999398085268579e-06,0.4177107985824536,41.77107985824536,,,,,,,,,stage4_cpt_8k,,,,logs/l20_stage4_hq_crossdedup_train_latest.log,,155,26.31902503967285,,,,81264640,19920.49474513958,,
,,,,,,,train,,,,2.901647374033928,2.9993760002818487e-06,0.41799849774144887,41.79984977414489,,,,,,,,,stage4_cpt_8k,,,,logs/l20_stage4_hq_crossdedup_train_latest.log,,156,26.300910234451294,,,,81788928,19934.215026263253,,
,,,,,,,train,,,,2.924847662448883,2.999353517498441e-06,0.4183322715949728,41.833227159497284,,,,,,,,,stage4_cpt_8k,,,,logs/l20_stage4_hq_crossdedup_train_latest.log,,157,26.27992558479309,,,,82313216,19950.13259487233,,
,,,,,,,train,,,,2.9553931951522827,2.9993306369253746e-06,0.4177637579669328,41.77637579669328,,,,,,,,,stage4_cpt_8k,,,,logs/l20_stage4_hq_crossdedup_train_latest.log,,158,26.315688610076904,,,,82837504,19923.020361292678,,
,,,,,,,train,,,,2.942256808280945,2.9993073585697906e-06,0.4175613517789115,41.75613517789115,,,,,,,,,stage4_cpt_8k,,,,logs/l20_stage4_hq_crossdedup_train_latest.log,,159,26.328444719314575,,,,83361792,19913.367674748435,,
,,,,,,,train,,,,2.9043149799108505,2.9992836824389567e-06,0.4174361392718185,41.74361392718185,,,,,,,,,stage4_cpt_8k,,,,logs/l20_stage4_hq_crossdedup_train_latest.log,,160,26.336342096328735,,,,83886080,19907.396330224816,,
,,,,,,,train,,,,2.9066563099622726,2.9992596085402624e-06,0.41776152866396077,41.776152866396075,,,,,,,,,stage4_cpt_8k,,,,logs/l20_stage4_hq_crossdedup_train_latest.log,,161,26.315829038619995,,,,84410368,19922.914046545033,,
,,,,,,,train,,,,2.918979659676552,2.9992351368812226e-06,0.4180606834744176,41.80606834744176,,,,,,,,,stage4_cpt_8k,,,,logs/l20_stage4_hq_crossdedup_train_latest.log,,162,26.296998023986816,,,,84934656,19937.180644032847,,
,,,,,,,train,,,,2.892357721924782,2.999210267469476e-06,0.4177871349093112,41.77871349093112,,,,,,,,,stage4_cpt_8k,,,,logs/l20_stage4_hq_crossdedup_train_latest.log,,163,26.314216136932373,,,,85458944,19924.135200218047,,
,,,,,,,train,,,,2.888061434030533,2.9991850003127858e-06,0.41753453310802624,41.75345331080263,,,,,,,,,stage4_cpt_8k,,,,logs/l20_stage4_hq_crossdedup_train_latest.log,,164,26.330135822296143,,,,85983232,19912.088700888402,,
,,,,,,,train,,,,2.919638231396675,2.9991593354190395e-06,0.417851817430053,41.7851817430053,,,,,,,,,stage4_cpt_8k,,,,logs/l20_stage4_hq_crossdedup_train_latest.log,,165,26.310142755508423,,,,86507520,19927.219889000124,,
,,,,,,,train,,,,2.9878089278936386,2.9991332727962476e-06,0.417754030962158,41.775403096215804,,,,,,,,,stage4_cpt_8k,,,,logs/l20_stage4_hq_crossdedup_train_latest.log,,166,26.316301345825195,,,,87031808,19922.55648353764,,
,,,,,,,train,,,,2.942425489425659,2.999106812452546e-06,0.4181019563029754,41.81019563029754,,,,,,,,,stage4_cpt_8k,,,,logs/l20_stage4_hq_crossdedup_train_latest.log,,167,26.29440212249756,,,,87556096,19939.148932061773,,
,,,,,,,train,,,,2.9357090443372726,2.9990799543961947e-06,0.41812987542609664,41.81298754260966,,,,,,,,,stage4_cpt_8k,,,,logs/l20_stage4_hq_crossdedup_train_latest.log,,168,26.292646408081055,,,,88080384,19940.480386137922,,
,,,,,,,train,,,,2.8748891949653625,2.999052698635577e-06,0.4175965808591125,41.75965808591125,,,,,,,,,stage4_cpt_8k,,,,logs/l20_stage4_hq_crossdedup_train_latest.log,,169,26.326223611831665,,,,88604672,19915.047738346027,,
,,,,,,,train,,,,2.919627845287323,2.9990250451792005e-06,0.41749286948233927,41.74928694823393,,,,,,,,,stage4_cpt_8k,,,,logs/l20_stage4_hq_crossdedup_train_latest.log,,170,26.33276343345642,,,,89128960,19910.10177586904,,
,,,,,,,train,,,,2.941300004720688,2.9989969940356973e-06,0.4176459440911731,41.764594409117315,,,,,,,,,stage4_cpt_8k,,,,logs/l20_stage4_hq_crossdedup_train_latest.log,,171,26.32311201095581,,,,89653248,19917.401855137367,,
,,,,,,,train,,,,2.974724531173706,2.9989685452138243e-06,0.41768787663897994,41.768787663897996,,,,,,,,,stage4_cpt_8k,,,,logs/l20_stage4_hq_crossdedup_train_latest.log,,172,26.32046937942505,,,,90177536,19919.401604966843,,
,,,,,,,train,,,,2.9189407229423523,2.998939698722461e-06,0.41792270536098813,41.79227053609881,,,,,,,,,stage4_cpt_8k,,,,logs/l20_stage4_hq_crossdedup_train_latest.log,,173,26.3056800365448,,,,90701824,19930.600511814948,,
,,,,,,,train,,,,2.9713250398635864,2.9989104545706124e-06,0.4179129141389077,41.79129141389077,,,,,,,,,stage4_cpt_8k,,,,logs/l20_stage4_hq_crossdedup_train_latest.log,,174,26.306296348571777,,,,91226112,19930.133571557086,,
,,,,,,,train,,,,2.9950283020734787,2.998880812767407e-06,0.4178788056346842,41.78788056346842,,,,,,,,,stage4_cpt_8k,,,,logs/l20_stage4_hq_crossdedup_train_latest.log,,175,26.308443546295166,,,,91750400,19928.506947870424,,
,,,,,,,train,,,,2.944233238697052,2.998850773322097e-06,0.4180893021761569,41.80893021761569,,,,,,,,,stage4_cpt_8k,,,,logs/l20_stage4_hq_crossdedup_train_latest.log,,176,26.2951979637146,,,,92274688,19938.545460790145,,
,,,,,,,train,,,,2.9082426577806473,2.9988203362440595e-06,0.41815572403255863,41.815572403255864,,,,,,,,,stage4_cpt_8k,,,,logs/l20_stage4_hq_crossdedup_train_latest.log,,177,26.29102110862732,,,,92798976,19941.71309793504,,
,,,,,,,train,,,,2.96986223757267,2.998789501542795e-06,0.4178463952171183,41.78463952171183,,,,,,,,,stage4_cpt_8k,,,,logs/l20_stage4_hq_crossdedup_train_latest.log,,178,26.310484170913696,,,,93323264,19926.961305394816,,
,,,,,,,train,,,,2.9191761165857315,2.99875826922793e-06,0.41785751241973584,41.785751241973585,,,,,,,,,stage4_cpt_8k,,,,logs/l20_stage4_hq_crossdedup_train_latest.log,,179,26.309784173965454,,,,93847552,19927.491481241537,,
,,,,,,,train,,,,2.9319717437028885,2.9987266393092123e-06,0.4175381626715763,41.75381626715763,,,,,,,,,stage4_cpt_8k,,,,logs/l20_stage4_hq_crossdedup_train_latest.log,,180,26.329906940460205,,,,94371840,19912.261793616362,,
,,,,,,,train,,,,2.9804489761590958,2.9986946117965153e-06,0.4175290586357069,41.75290586357069,,,,,,,,,stage4_cpt_8k,,,,logs/l20_stage4_hq_crossdedup_train_latest.log,,181,26.33048105239868,,,,94896128,19911.827625049707,,
,,,,,,,train,,,,2.9474615901708603,2.9986621866998373e-06,0.4174930584828254,41.74930584828254,,,,,,,,,stage4_cpt_8k,,,,logs/l20_stage4_hq_crossdedup_train_latest.log,,182,26.332751512527466,,,,95420416,19910.110789241935,,
,,,,,,,train,,,,2.8931257724761963,2.998629364029299e-06,0.4177494628325765,41.774946283257655,,,,,,,,,stage4_cpt_8k,,,,logs/l20_stage4_hq_crossdedup_train_latest.log,,183,26.31658911705017,,,,95944704,19922.338630895018,,
,,,,,,,train,,,,2.924511030316353,2.998596143795146e-06,0.4180597169509035,41.80597169509035,,,,,,,,,stage4_cpt_8k,,,,logs/l20_stage4_hq_crossdedup_train_latest.log,,184,26.297058820724487,,,,96468992,19937.134550834755,,
,,,,,,,train,,,,2.9291221648454666,2.9985625260077476e-06,0.4182069946445982,41.82069946445982,,,,,,,,,stage4_cpt_8k,,,,logs/l20_stage4_hq_crossdedup_train_latest.log,,185,26.287797927856445,,,,96993280,19944.158177069166,,
,,,,,,,train,,,,2.879043385386467,2.998528510677599e-06,0.4178126723636324,41.78126723636324,,,,,,,,,stage4_cpt_8k,,,,logs/l20_stage4_hq_crossdedup_train_latest.log,,186,26.312607765197754,,,,97517568,19925.353073268816,,
,,,,,,,train,,,,2.8776895850896835,2.998494097815317e-06,0.4175272855121223,41.75272855121223,,,,,,,,,stage4_cpt_8k,,,,logs/l20_stage4_hq_crossdedup_train_latest.log,,187,26.33059287071228,,,,98041856,19911.74306535154,,
,,,,,,,train,,,,2.8921594470739365,2.998459287431644e-06,0.41765187179221375,41.76518717922137,,,,,,,,,stage4_cpt_8k,,,,logs/l20_stage4_hq_crossdedup_train_latest.log,,188,26.32273840904236,,,,98566144,19917.684545309206,,
,,,,,,,train,,,,2.885562002658844,2.998424079537446e-06,0.4180207906147141,41.80207906147141,,,,,,,,,stage4_cpt_8k,,,,logs/l20_stage4_hq_crossdedup_train_latest.log,,189,26.29950761795044,,,,99090432,19935.278166278407,,
,,,,,,,train,,,,2.9315325915813446,2.9983884741437126e-06,0.41813504716671707,41.81350471667171,,,,,,,,,stage4_cpt_8k,,,,logs/l20_stage4_hq_crossdedup_train_latest.log,,190,26.29232120513916,,,,99614720,19940.727024798456,,
,,,,,,,train,,,,2.972171515226364,2.998352471261559e-06,0.41798220494752,41.798220494751995,,,,,,,,,stage4_cpt_8k,,,,logs/l20_stage4_hq_crossdedup_train_latest.log,,191,26.30193543434143,,,,100139008,19933.43802811778,,
,,,,,,,train,,,,2.9169259816408157,2.998316070902223e-06,0.41780800830854364,41.78080083085437,,,,,,,,,stage4_cpt_8k,,,,logs/l20_stage4_hq_crossdedup_train_latest.log,,192,26.312901496887207,,,,100663296,19925.130645969348,,
,,,,,,,train,,,,2.9706289023160934,2.9982792730770663e-06,0.41769127428558334,41.769127428558335,,,,,,,,,stage4_cpt_8k,,,,logs/l20_stage4_hq_crossdedup_train_latest.log,,193,26.320255279541016,,,,101187584,19919.563637649597,,
,,,,,,,train,,,,2.9594839960336685,2.9982420777975764e-06,0.4176633191244273,41.76633191244273,,,,,,,,,stage4_cpt_8k,,,,logs/l20_stage4_hq_crossdedup_train_latest.log,,194,26.322016954421997,,,,101711872,19918.230464931057,,
,,,,,,,train,,,,2.9278124570846558,2.998204485075364e-06,0.4178285695479727,41.78285695479727,,,,,,,,,stage4_cpt_8k,,,,logs/l20_stage4_hq_crossdedup_train_latest.log,,195,26.311606645584106,,,,102236160,19926.1112049192,,
,,,,,,,train,,,,2.9473099410533905,2.9981664949221624e-06,0.4178923938318863,41.78923938318863,,,,,,,,,stage4_cpt_8k,,,,logs/l20_stage4_hq_crossdedup_train_latest.log,,196,26.30758810043335,,,,102760448,19929.154964660698,,
,,,,,,,train,,,,2.9962328672409058,2.998128107349831e-06,0.41774441037810417,41.77444103781042,,,,,,,,,stage4_cpt_8k,,,,logs/l20_stage4_hq_crossdedup_train_latest.log,,197,26.31690740585327,,,,103284736,19922.097680952837,,
,,,,,,,train,,,,2.9755008667707443,2.998089322370353e-06,0.41825723831012673,41.825723831012674,,,,,,,,,stage4_cpt_8k,,,,logs/l20_stage4_hq_crossdedup_train_latest.log,,198,26.284640073776245,,,,103809024,19946.554281451758,,
,,,,,,,train,,,,2.905293896794319,2.998050139995834e-06,0.41786150354890367,41.78615035489037,,,,,,,,,stage4_cpt_8k,,,,logs/l20_stage4_hq_crossdedup_train_latest.log,,199,26.30953288078308,,,,104333312,19927.681816918484,,
,,,,,,,train,,,,2.9567494839429855,2.998010560238505e-06,0.41742292459429925,41.742292459429926,,,,,,,,,stage4_cpt_8k,,,,logs/l20_stage4_hq_crossdedup_train_latest.log,,200,26.337175846099854,,,,104857600,19906.766126469072,,
,,,,,,,train,,,,2.9651677310466766,2.997970583110722e-06,0.417388098839241,41.7388098839241,,,,,,,,,stage4_cpt_8k,,,,logs/l20_stage4_hq_crossdedup_train_latest.log,,201,26.339373350143433,,,,105381888,19905.10529731889,,
,,,,,,,train,,,,2.960012510418892,2.997930208624963e-06,0.4181896767495787,41.81896767495787,,,,,,,,,stage4_cpt_8k,,,,logs/l20_stage4_hq_crossdedup_train_latest.log,,202,26.288886547088623,,,,105906176,19943.33229217966,,
,,,,,,,train,,,,2.9334748536348343,2.9978894367938307e-06,0.418942879356953,41.8942879356953,,,,,,,,,stage4_cpt_8k,,,,logs/l20_stage4_hq_crossdedup_train_latest.log,,203,26.24162268638611,,,,106430464,19979.252284272625,,
,,,,,,,train,,,,2.9279819279909134,2.9978482676300525e-06,0.4185313384492366,41.85313384492366,,,,,,,,,stage4_cpt_8k,,,,logs/l20_stage4_hq_crossdedup_train_latest.log,,204,26.267426013946533,,,,106954752,19959.626029654843,,
,,,,,,,train,,,,3.0037750750780106,2.997806701146479e-06,0.41762710669438563,41.76271066943856,,,,,,,,,stage4_cpt_8k,,,,logs/l20_stage4_hq_crossdedup_train_latest.log,,205,26.324299335479736,,,,107479040,19916.503505693225,,
,,,,,,,train,,,,2.9185697436332703,2.9977647373560857e-06,0.4174418191572476,41.74418191572476,,,,,,,,,stage4_cpt_8k,,,,logs/l20_stage4_hq_crossdedup_train_latest.log,,206,26.335983753204346,,,,108003328,19907.667202149187,,
,,,,,,,train,,,,2.943352922797203,2.9977223762719704e-06,0.41733552926780676,41.733552926780675,,,,,,,,,stage4_cpt_8k,,,,logs/l20_stage4_hq_crossdedup_train_latest.log,,207,26.34269118309021,,,,108527616,19902.59827122556,,
,,,,,,,train,,,,2.8623822033405304,2.9976796179073575e-06,0.41795024066086117,41.795024066086114,,,,,,,,,stage4_cpt_8k,,,,logs/l20_stage4_hq_crossdedup_train_latest.log,,208,26.30394697189331,,,,109051904,19931.913661482824,,
,,,,,,,train,,,,2.9453674852848053,2.9976364622755934e-06,0.41803562732240707,41.80356273224071,,,,,,,,,stage4_cpt_8k,,,,logs/l20_stage4_hq_crossdedup_train_latest.log,,209,26.298574209213257,,,,109576192,19935.985724135746,,
,,,,,,,train,,,,2.9861430674791336,2.997592909390149e-06,0.417701883773961,41.7701883773961,,,,,,,,,stage4_cpt_8k,,,,logs/l20_stage4_hq_crossdedup_train_latest.log,,210,26.319586753845215,,,,110100480,19920.069600766168,,
,,,,,,,train,,,,2.9450275748968124,2.9975489592646202e-06,0.41782171305266474,41.78217130526647,,,,,,,,,stage4_cpt_8k,,,,logs/l20_stage4_hq_crossdedup_train_latest.log,,211,26.31203842163086,,,,110624768,19925.784220845017,,
,,,,,,,train,,,,2.9612869769334793,2.9975046119127246e-06,0.41786473740397295,41.7864737403973,,,,,,,,,stage4_cpt_8k,,,,logs/l20_stage4_hq_crossdedup_train_latest.log,,212,26.30932927131653,,,,111149056,19927.836038435216,,
,,,,,,,train,,,,2.937977433204651,2.9974598673483066e-06,0.41755996406543433,41.75599640654343,,,,,,,,,stage4_cpt_8k,,,,logs/l20_stage4_hq_crossdedup_train_latest.log,,213,26.328532218933105,,,,111673344,19913.301495135354,,
,,,,,,,train,,,,2.9041122645139694,2.9974147255853326e-06,0.417730733410455,41.7730733410455,,,,,,,,,stage4_cpt_8k,,,,logs/l20_stage4_hq_crossdedup_train_latest.log,,214,26.317769050598145,,,,112197632,19921.445430728258,,
,,,,,,,train,,,,2.9454948902130127,2.9973691866378934e-06,0.4178615906427052,41.78615906427052,,,,,,,,,stage4_cpt_8k,,,,logs/l20_stage4_hq_crossdedup_train_latest.log,,215,26.30952739715576,,,,112721920,19927.685970394097,,
,,,,,,,train,,,,2.943544328212738,2.9973232505202044e-06,0.41764052343719543,41.76405234371954,,,,,,,,,stage4_cpt_8k,,,,logs/l20_stage4_hq_crossdedup_train_latest.log,,216,26.323453664779663,,,,113246208,19917.143345878223,,
,,,,,,,train,,,,2.9735993295907974,2.9972769172466044e-06,0.4174420345651263,41.74420345651263,,,,,,,,,stage4_cpt_8k,,,,logs/l20_stage4_hq_crossdedup_train_latest.log,,217,26.335970163345337,,,,113770496,19907.677474882214,,
,,,,,,,train,,,,2.942468374967575,2.9972301868315563e-06,0.41776388286916144,41.776388286916145,,,,,,,,,stage4_cpt_8k,,,,logs/l20_stage4_hq_crossdedup_train_latest.log,,218,26.315680742263794,,,,114294784,19923.026317840122,,
,,,,,,,train,,,,2.9233386367559433,2.9971830592896475e-06,0.41792170538535756,41.79217053853576,,,,,,,,,stage4_cpt_8k,,,,logs/l20_stage4_hq_crossdedup_train_latest.log,,219,26.305742979049683,,,,114819072,19930.552823296093,,
,,,,,,,train,,,,2.918289750814438,2.997135534635588e-06,0.4177463972838218,41.774639728382176,,,,,,,,,stage4_cpt_8k,,,,logs/l20_stage4_hq_crossdedup_train_latest.log,,220,26.316782236099243,,,,115343360,19922.192435852736,,
,,,,,,,train,,,,2.9368375688791275,2.9970876128842135e-06,0.4178269869686162,41.78269869686162,,,,,,,,,stage4_cpt_8k,,,,logs/l20_stage4_hq_crossdedup_train_latest.log,,221,26.31170630455017,,,,115867648,19926.035732214492,,
,,,,,,,train,,,,2.9537144899368286,2.9970392940504813e-06,0.4178262297578532,41.78262297578532,,,,,,,,,stage4_cpt_8k,,,,logs/l20_stage4_hq_crossdedup_train_latest.log,,222,26.31175398826599,,,,116391936,19925.99962107474,,
,,,,,,,train,,,,2.972348377108574,2.996990578149476e-06,0.41777260728538546,41.77726072853854,,,,,,,,,stage4_cpt_8k,,,,logs/l20_stage4_hq_crossdedup_train_latest.log,,223,26.315131187438965,,,,116916224,19923.442382466976,,
,,,,,,,train,,,,2.904870018362999,2.9969414651964037e-06,0.4179895327586003,41.79895327586003,,,,,,,,,stage4_cpt_8k,,,,logs/l20_stage4_hq_crossdedup_train_latest.log,,224,26.30147433280945,,,,117440512,19933.78748909081,,
,,,,,,,train,,,,2.9681217670440674,2.9968919552065945e-06,0.41847425352808654,41.847425352808656,,,,,,,,,stage4_cpt_8k,,,,logs/l20_stage4_hq_crossdedup_train_latest.log,,225,26.27100920677185,,,,117964800,19956.903667973853,,
,,,,,,,train,,,,2.9825340062379837,2.996842048195503e-06,0.41880962095484686,41.88096209548468,,,,,,,,,stage4_cpt_8k,,,,logs/l20_stage4_hq_crossdedup_train_latest.log,,226,26.249972343444824,,,,118489088,19972.897233582262,,
,,,,,,,train,,,,3.0079183280467987,2.9967917441787082e-06,0.41844099883694724,41.844099883694724,,,,,,,,,stage4_cpt_8k,,,,logs/l20_stage4_hq_crossdedup_train_latest.log,,227,26.273097038269043,,,,119013376,19955.31776236083,,
,,,,,,,train,,,,2.994060695171356,2.996741043171912e-06,0.41798337571291316,41.79833757129131,,,,,,,,,stage4_cpt_8k,,,,logs/l20_stage4_hq_crossdedup_train_latest.log,,228,26.30186176300049,,,,119537664,19933.493861545936,,
,,,,,,,train,,,,2.9589580297470093,2.9966899451909414e-06,0.418481112467178,41.8481112467178,,,,,,,,,stage4_cpt_8k,,,,logs/l20_stage4_hq_crossdedup_train_latest.log,,229,26.270578622817993,,,,120061952,19957.230768591297,,
,,,,,,,train,,,,2.9495334923267365,2.996638450251745e-06,0.41874262996211814,41.87426299621181,,,,,,,,,stage4_cpt_8k,,,,logs/l20_stage4_hq_crossdedup_train_latest.log,,230,26.25417184829712,,,,120586240,19969.702454507475,,
,,,,,,,train,,,,2.9786369055509567,2.9965865583704e-06,0.4184222111529597,41.84222111529597,,,,,,,,,stage4_cpt_8k,,,,logs/l20_stage4_hq_crossdedup_train_latest.log,,231,26.274276733398438,,,,121110528,19954.421783704267,,
,,,,,,,train,,,,2.957313910126686,2.996534269563101e-06,0.41758410478907426,41.75841047890743,,,,,,,,,stage4_cpt_8k,,,,logs/l20_stage4_hq_crossdedup_train_latest.log,,232,26.32701015472412,,,,121634816,19914.452758545456,,
,,,,,,,train,,,,2.990953415632248,2.9964815838461726e-06,0.4175917892641972,41.75917892641972,,,,,,,,,stage4_cpt_8k,,,,logs/l20_stage4_hq_crossdedup_train_latest.log,,233,26.326525688171387,,,,122159104,19914.819228712913,,
,,,,,,,train,,,,2.9367000311613083,2.996428501236059e-06,0.4181391308089022,41.81391308089022,,,,,,,,,stage4_cpt_8k,,,,logs/l20_stage4_hq_crossdedup_train_latest.log,,234,26.292064428329468,,,,122683392,19940.921772391684,,
,,,,,,,train,,,,2.9125048369169235,2.996375021749331e-06,0.41830952046870984,41.83095204687098,,,,,,,,,stage4_cpt_8k,,,,logs/l20_stage4_hq_crossdedup_train_latest.log,,235,26.281354904174805,,,,123207680,19949.04760091789,,
,,,,,,,train,,,,2.9181749522686005,2.996321145402681e-06,0.41831243110861427,41.83124311086143,,,,,,,,,stage4_cpt_8k,,,,logs/l20_stage4_hq_crossdedup_train_latest.log,,236,26.281172037124634,,,,123731968,19949.18640840651,,
,,,,,,,train,,,,2.976068004965782,2.996266872212928e-06,0.4179766012777713,41.79766012777713,,,,,,,,,stage4_cpt_8k,,,,logs/l20_stage4_hq_crossdedup_train_latest.log,,237,26.302288055419922,,,,124256256,19933.170790894892,,
,,,,,,,train,,,,2.9859993904829025,2.9962122021970125e-06,0.41768231490916335,41.768231490916335,,,,,,,,,stage4_cpt_8k,,,,logs/l20_stage4_hq_crossdedup_train_latest.log,,238,26.320819854736328,,,,124780544,19919.136367845946,,
,,,,,,,train,,,,2.9729791432619095,2.996157135372e-06,0.41790068427809446,41.790068427809445,,,,,,,,,stage4_cpt_8k,,,,logs/l20_stage4_hq_crossdedup_train_latest.log,,239,26.307066202163696,,,,125304832,19929.55033339592,,
,,,,,,,train,,,,2.900121286511421,2.9961016717550797e-06,0.4180076222608733,41.80076222608733,,,,,,,,,stage4_cpt_8k,,,,logs/l20_stage4_hq_crossdedup_train_latest.log,,240,26.300336122512817,,,,125829120,19934.650171684112,,
,,,,,,,train,,,,3.0055355578660965,2.996045811363564e-06,0.41809267602962935,41.80926760296293,,,,,,,,,stage4_cpt_8k,,,,logs/l20_stage4_hq_crossdedup_train_latest.log,,241,26.2949857711792,,,,126353408,19938.706358786072,,
,,,,,,,train,,,,2.9351728409528732,2.9959895542148904e-06,0.4180942265041497,41.809422650414966,,,,,,,,,stage4_cpt_8k,,,,logs/l20_stage4_hq_crossdedup_train_latest.log,,242,26.294888257980347,,,,126877696,19938.780300421382,,
,,,,,,,train,,,,2.9078133702278137,2.9959329003266196e-06,0.4185468534711205,41.854685347112046,,,,,,,,,stage4_cpt_8k,,,,logs/l20_stage4_hq_crossdedup_train_latest.log,,243,26.266452312469482,,,,127401984,19960.365936099584,,
,,,,,,,train,,,,2.9874373227357864,2.9958758497164356e-06,0.41815416930989424,41.81541693098942,,,,,,,,,stage4_cpt_8k,,,,logs/l20_stage4_hq_crossdedup_train_latest.log,,244,26.29111886024475,,,,127926272,19941.638953707094,,
,,,,,,,train,,,,2.891879618167877,2.995818402402147e-06,0.4178175333890071,41.781753338900714,,,,,,,,,stage4_cpt_8k,,,,logs/l20_stage4_hq_crossdedup_train_latest.log,,245,26.312301635742188,,,,128450560,19925.584894018393,,
,,,,,,,train,,,,2.9930885583162308,2.995760558401686e-06,0.41842215040328246,41.84221504032825,,,,,,,,,stage4_cpt_8k,,,,logs/l20_stage4_hq_crossdedup_train_latest.log,,246,26.274280548095703,,,,128974848,19954.418886571533,,
,,,,,,,train,,,,2.9295252710580826,2.9957023177331085e-06,0.41850277694959664,41.850277694959665,,,,,,,,,stage4_cpt_8k,,,,logs/l20_stage4_hq_crossdedup_train_latest.log,,247,26.269218683242798,,,,129499136,19958.263940847417,,
,,,,,,,train,,,,2.91070793569088,2.995643680414595e-06,0.418203391372628,41.8203391372628,,,,,,,,,stage4_cpt_8k,,,,logs/l20_stage4_hq_crossdedup_train_latest.log,,248,26.288024425506592,,,,130023424,19943.986338178263,,
,,,,,,,train,,,,2.931786432862282,2.995584646464448e-06,0.4183398432024874,41.83398432024874,,,,,,,,,stage4_cpt_8k,,,,logs/l20_stage4_hq_crossdedup_train_latest.log,,249,26.279449939727783,,,,130547712,19950.49368241955,,
,,,,,,,train,,,,2.95354662835598,2.995525215901096e-06,0.41808055315589904,41.808055315589904,,,,,,,,,stage4_cpt_8k,,,,logs/l20_stage4_hq_crossdedup_train_latest.log,,250,26.295748233795166,,,,131072000,19938.128222804768,,
,,,,,,,eval,,,,2.928971514105797,,,,,,,,,18.708379294367212,,,stage4_cpt_8k,,,,logs/l20_stage4_hq_crossdedup_train_latest.log,,250,,,,,,,,
,,,,,,,train,,,,2.9393282681703568,2.99546538874309e-06,0.32358653812384547,32.358653812384546,,,,,,,,,stage4_cpt_8k,,,,logs/l20_stage4_hq_crossdedup_train_latest.log,,251,33.97465491294861,,,,131596288,15431.738787144544,,
,,,,,,,train,,,,2.941298022866249,2.9954051650091045e-06,0.41807730837838697,41.8077308378387,,,,,,,,,stage4_cpt_8k,,,,logs/l20_stage4_hq_crossdedup_train_latest.log,,252,26.295952320098877,,,,132120576,19937.97348040022,,
,,,,,,,train,,,,3.0038182735443115,2.9953445447179385e-06,0.4187211573704612,41.87211573704612,,,,,,,,,stage4_cpt_8k,,,,logs/l20_stage4_hq_crossdedup_train_latest.log,,253,26.255518198013306,,,,132644864,19968.678433460576,,
,,,,,,,train,,,,2.9222290962934494,2.995283527888515e-06,0.41848407486920014,41.84840748692002,,,,,,,,,stage4_cpt_8k,,,,logs/l20_stage4_hq_crossdedup_train_latest.log,,254,26.270392656326294,,,,133169152,19957.3720445988,,
,,,,,,,train,,,,2.9645462930202484,2.9952221145398807e-06,0.41808814977126707,41.80881497712671,,,,,,,,,stage4_cpt_8k,,,,logs/l20_stage4_hq_crossdedup_train_latest.log,,255,26.295270442962646,,,,133693440,19938.490502968536,,
,,,,,,,train,,,,2.9382003098726273,2.995160304691205e-06,0.4179839061589396,41.79839061589396,,,,,,,,,stage4_cpt_8k,,,,logs/l20_stage4_hq_crossdedup_train_latest.log,,256,26.301828384399414,,,,134217728,19933.519158347735,,
,,,,,,,train,,,,2.924592673778534,2.995098098361782e-06,0.41834446600287895,41.8344466002879,,,,,,,,,stage4_cpt_8k,,,,logs/l20_stage4_hq_crossdedup_train_latest.log,,257,26.279159545898438,,,,134742016,19950.714142295663,,
,,,,,,,train,,,,2.9039580672979355,2.9950354955710305e-06,0.417907255514144,41.7907255514144,,,,,,,,,stage4_cpt_8k,,,,logs/l20_stage4_hq_crossdedup_train_latest.log,,258,26.306652545928955,,,,135266304,19929.863713547064,,
,,,,,,,train,,,,2.890140250325203,2.9949724963384903e-06,0.4183191101746766,41.83191101746766,,,,,,,,,stage4_cpt_8k,,,,logs/l20_stage4_hq_crossdedup_train_latest.log,,259,26.280752420425415,,,,135790592,19949.504930936568,,
,,,,,,,train,,,,2.9741416424512863,2.9949091006838274e-06,0.41833724719189186,41.833724719189185,,,,,,,,,stage4_cpt_8k,,,,logs/l20_stage4_hq_crossdedup_train_latest.log,,260,26.27961301803589,,,,136314880,19950.369879502312,,
,,,,,,,train,,,,2.9283018857240677,2.994845308626831e-06,0.4183864478322712,41.83864478322712,,,,,,,,,stage4_cpt_8k,,,,logs/l20_stage4_hq_crossdedup_train_latest.log,,261,26.276522636413574,,,,136839168,19952.71624234823,,
,,,,,,,train,,,,2.8830611258745193,2.994781120187414e-06,0.4179091076174277,41.79091076174277,,,,,,,,,stage4_cpt_8k,,,,logs/l20_stage4_hq_crossdedup_train_latest.log,,262,26.306535959243774,,,,137363456,19929.95203976189,,
,,,,,,,train,,,,2.8817833960056305,2.994716535385612e-06,0.4179059033754882,41.79059033754882,,,,,,,,,stage4_cpt_8k,,,,logs/l20_stage4_hq_crossdedup_train_latest.log,,263,26.306737661361694,,,,137887744,19929.79923048587,,
,,,,,,,train,,,,2.9570082426071167,2.9946515542415858e-06,0.41822375257157673,41.822375257157674,,,,,,,,,stage4_cpt_8k,,,,logs/l20_stage4_hq_crossdedup_train_latest.log,,264,26.286744594573975,,,,138412032,19944.957357261417,,
,,,,,,,train,,,,2.9193672835826874,2.9945861767756187e-06,0.41819916234841437,41.819916234841436,,,,,,,,,stage4_cpt_8k,,,,logs/l20_stage4_hq_crossdedup_train_latest.log,,265,26.28829026222229,,,,138936320,19943.784657362467,,
,,,,,,,train,,,,2.889871433377266,2.994520403008119e-06,0.41794841092253854,41.794841092253854,,,,,,,,,stage4_cpt_8k,,,,logs/l20_stage4_hq_crossdedup_train_latest.log,,266,26.304062128067017,,,,139460608,19931.82640184586,,
,,,,,,,train,,,,2.9056509882211685,2.9944542329596175e-06,0.41787480281421335,41.78748028142134,,,,,,,,,stage4_cpt_8k,,,,logs/l20_stage4_hq_crossdedup_train_latest.log,,267,26.308695554733276,,,,139984896,19928.316054638966,,
,,,,,,,train,,,,2.956163242459297,2.9943876666507695e-06,0.4183458741175505,41.834587411755045,,,,,,,,,stage4_cpt_8k,,,,logs/l20_stage4_hq_crossdedup_train_latest.log,,268,26.27907109260559,,,,140509184,19950.781294835197,,
,,,,,,,train,,,,2.9047624468803406,2.9943207041023533e-06,0.4182977151464236,41.82977151464236,,,,,,,,,stage4_cpt_8k,,,,logs/l20_stage4_hq_crossdedup_train_latest.log,,269,26.28209662437439,,,,141033472,19948.48460886366,,
,,,,,,,train,,,,2.9299180656671524,2.9942533453352717e-06,0.41846890629411304,41.846890629411305,,,,,,,,,stage4_cpt_8k,,,,logs/l20_stage4_hq_crossdedup_train_latest.log,,270,26.271344900131226,,,,141557760,19956.64866009129,,
,,,,,,,train,,,,2.9481058716773987,2.9941855903705503e-06,0.4184198533190536,41.84198533190536,,,,,,,,,stage4_cpt_8k,,,,logs/l20_stage4_hq_crossdedup_train_latest.log,,271,26.27442479133606,,,,142082048,19954.309339357373,,
,,,,,,,train,,,,2.95156529545784,2.9941174392293385e-06,0.418425970073557,41.8425970073557,,,,,,,,,stage4_cpt_8k,,,,logs/l20_stage4_hq_crossdedup_train_latest.log,,272,26.274040699005127,,,,142606336,19954.60104542855,,
,,,,,,,train,,,,2.9541458040475845,2.994048891932911e-06,0.4183144006519441,41.83144006519441,,,,,,,,,stage4_cpt_8k,,,,logs/l20_stage4_hq_crossdedup_train_latest.log,,273,26.28104829788208,,,,143130624,19949.280335299674,,
,,,,,,,train,,,,2.92227765917778,2.9939799485026647e-06,0.41813233236609904,41.8132332366099,,,,,,,,,stage4_cpt_8k,,,,logs/l20_stage4_hq_crossdedup_train_latest.log,,274,26.292491912841797,,,,143654912,19940.597556822937,,
,,,,,,,train,,,,2.9287385046482086,2.9939106089601184e-06,0.4183161007736248,41.83161007736248,,,,,,,,,stage4_cpt_8k,,,,logs/l20_stage4_hq_crossdedup_train_latest.log,,275,26.280941486358643,,,,144179200,19949.36141356033,,
,,,,,,,train,,,,2.985505387187004,2.9938408733269187e-06,0.4180272405687061,41.80272405687061,,,,,,,,,stage4_cpt_8k,,,,logs/l20_stage4_hq_crossdedup_train_latest.log,,276,26.29910182952881,,,,144703488,19935.585762526913,,
,,,,,,,train,,,,2.9307355731725693,2.9937707416248317e-06,0.41802553142520393,41.802553142520395,,,,,,,,,stage4_cpt_8k,,,,logs/l20_stage4_hq_crossdedup_train_latest.log,,277,26.299209356307983,,,,145227776,19935.504254018466,,
,,,,,,,train,,,,2.9456067979335785,2.993700213875751e-06,0.4178673389138764,41.78673389138764,,,,,,,,,stage4_cpt_8k,,,,logs/l20_stage4_hq_crossdedup_train_latest.log,,278,26.309165477752686,,,,145752064,19927.9601036127,,
,,,,,,,train,,,,2.955952152609825,2.99362929010169e-06,0.41772081873652717,41.772081873652716,,,,,,,,,stage4_cpt_8k,,,,logs/l20_stage4_hq_crossdedup_train_latest.log,,279,26.31839370727539,,,,146276352,19920.972603091166,,
,,,,,,,train,,,,2.9479179829359055,2.9935579703247887e-06,0.41794513031381664,41.79451303138166,,,,,,,,,stage4_cpt_8k,,,,logs/l20_stage4_hq_crossdedup_train_latest.log,,280,26.30426859855652,,,,146800640,19931.66995066234,,
,,,,,,,train,,,,2.9583969116210938,2.9934862545673093e-06,0.4182577049556701,41.82577049556701,,,,,,,,,stage4_cpt_8k,,,,logs/l20_stage4_hq_crossdedup_train_latest.log,,281,26.284610748291016,,,,147324928,19946.576535628872,,
,,,,,,,train,,,,2.9050480723381042,2.993414142851638e-06,0.41821569206106973,41.82156920610697,,,,,,,,,stage4_cpt_8k,,,,logs/l20_stage4_hq_crossdedup_train_latest.log,,282,26.287251234054565,,,,147849216,19944.572954086438,,
,,,,,,,train,,,,2.933495372533798,2.993341635200284e-06,0.4181731528856331,41.817315288563314,,,,,,,,,stage4_cpt_8k,,,,logs/l20_stage4_hq_crossdedup_train_latest.log,,283,26.28992533683777,,,,148373504,19942.544274378793,,
,,,,,,,train,,,,2.9463140666484833,2.9932687316358807e-06,0.4183516509028281,41.835165090282814,,,,,,,,,stage4_cpt_8k,,,,logs/l20_stage4_hq_crossdedup_train_latest.log,,284,26.2787082195282,,,,148897792,19951.056787882437,,
,,,,,,,train,,,,2.9302617460489273,2.9931954321811854e-06,0.4182115083044597,41.821150830445966,,,,,,,,,stage4_cpt_8k,,,,logs/l20_stage4_hq_crossdedup_train_latest.log,,285,26.287514209747314,,,,149422080,19944.373432068216,,
,,,,,,,train,,,,2.9063966870307922,2.9931217368590784e-06,0.41781169184340666,41.78116918434067,,,,,,,,,stage4_cpt_8k,,,,logs/l20_stage4_hq_crossdedup_train_latest.log,,286,26.31266951560974,,,,149946368,19925.306312572015,,
,,,,,,,train,,,,2.939589560031891,2.9930476456925637e-06,0.4180139884405747,41.801398844057466,,,,,,,,,stage4_cpt_8k,,,,logs/l20_stage4_hq_crossdedup_train_latest.log,,287,26.299935579299927,,,,150470656,19934.95377276342,,
,,,,,,,train,,,,2.9345512986183167,2.992973158704769e-06,0.41857066769627826,41.85706676962783,,,,,,,,,stage4_cpt_8k,,,,logs/l20_stage4_hq_crossdedup_train_latest.log,,288,26.264957904815674,,,,150994944,19961.501628901216,,
,,,,,,,train,,,,2.9321310371160507,2.9928982759189447e-06,0.41820042915028194,41.820042915028196,,,,,,,,,stage4_cpt_8k,,,,logs/l20_stage4_hq_crossdedup_train_latest.log,,289,26.28821063041687,,,,151519232,19943.845070739455,,
,,,,,,,train,,,,2.933373898267746,2.992822997358466e-06,0.4181895705557859,41.81895705557859,,,,,,,,,stage4_cpt_8k,,,,logs/l20_stage4_hq_crossdedup_train_latest.log,,290,26.288893222808838,,,,152043520,19943.327227831556,,
,,,,,,,train,,,,2.981245681643486,2.9927473230468307e-06,0.4181096029815583,41.810960298155834,,,,,,,,,stage4_cpt_8k,,,,logs/l20_stage4_hq_crossdedup_train_latest.log,,291,26.29392123222351,,,,152567808,19939.51359972429,,
,,,,,,,train,,,,2.9444954991340637,2.992671253007662e-06,0.4184549767836554,41.84549767836554,,,,,,,,,stage4_cpt_8k,,,,logs/l20_stage4_hq_crossdedup_train_latest.log,,292,26.27221941947937,,,,153092096,19955.984366180728,,
,,,,,,,train,,,,2.9100864082574844,2.992594787264703e-06,0.4187462501378367,41.874625013783664,,,,,,,,,stage4_cpt_8k,,,,logs/l20_stage4_hq_crossdedup_train_latest.log,,293,26.253944873809814,,,,153616384,19969.875099532746,,
,,,,,,,train,,,,2.9561570286750793,2.9925179258418244e-06,0.41821565792309773,41.82156579230977,,,,,,,,,stage4_cpt_8k,,,,logs/l20_stage4_hq_crossdedup_train_latest.log,,294,26.287253379821777,,,,154140672,19944.57132605744,,
,,,,,,,train,,,,2.9670897871255875,2.9924406687630175e-06,0.4181451711055656,41.81451711055656,,,,,,,,,stage4_cpt_8k,,,,logs/l20_stage4_hq_crossdedup_train_latest.log,,295,26.29168462753296,,,,154664960,19941.209832212862,,
,,,,,,,train,,,,2.9526060968637466,2.9923630160523983e-06,0.418387761323796,41.8387761323796,,,,,,,,,stage4_cpt_8k,,,,logs/l20_stage4_hq_crossdedup_train_latest.log,,296,26.276440143585205,,,,155189248,19952.77888234008,,
,,,,,,,train,,,,2.910939112305641,2.992284967734206e-06,0.4183699805372348,41.83699805372348,,,,,,,,,stage4_cpt_8k,,,,logs/l20_stage4_hq_crossdedup_train_latest.log,,297,26.277556896209717,,,,155713536,19951.9309223006,,
,,,,,,,train,,,,2.9519232660531998,2.992206523832804e-06,0.41809680054469944,41.80968005446994,,,,,,,,,stage4_cpt_8k,,,,logs/l20_stage4_hq_crossdedup_train_latest.log,,298,26.294726371765137,,,,156237824,19938.90305559415,,
,,,,,,,train,,,,2.931436911225319,2.9921276843726777e-06,0.4182240294793403,41.82240294793403,,,,,,,,,stage4_cpt_8k,,,,logs/l20_stage4_hq_crossdedup_train_latest.log,,299,26.2867271900177,,,,156762112,19944.970562904335,,
,,,,,,,train,,,,2.904187172651291,2.992048449378437e-06,0.4184612996335276,41.84612996335276,,,,,,,,,stage4_cpt_8k,,,,logs/l20_stage4_hq_crossdedup_train_latest.log,,300,26.271822452545166,,,,157286400,19956.2859008743,,
,,,,,,,train,,,,2.9592521488666534,2.9919688188748153e-06,0.41812402514352703,41.812402514352705,,,,,,,,,stage4_cpt_8k,,,,logs/l20_stage4_hq_crossdedup_train_latest.log,,301,26.29301428794861,,,,157810688,19940.201388028272,,
,,,,,,,train,,,,2.9685592651367188,2.99188879288667e-06,0.4180626582285106,41.80626582285106,,,,,,,,,stage4_cpt_8k,,,,logs/l20_stage4_hq_crossdedup_train_latest.log,,302,26.296873807907104,,,,158334976,19937.274819425642,,
,,,,,,,train,,,,2.949800506234169,2.99180837143898e-06,0.41804829336056715,41.80482933605671,,,,,,,,,stage4_cpt_8k,,,,logs/l20_stage4_hq_crossdedup_train_latest.log,,303,26.2977774143219,,,,158859264,19936.589763455453,,
,,,,,,,train,,,,2.929026275873184,2.99172755455685e-06,0.41803975450188663,41.803975450188666,,,,,,,,,stage4_cpt_8k,,,,logs/l20_stage4_hq_crossdedup_train_latest.log,,304,26.298314571380615,,,,159383552,19936.18254800866,,
,,,,,,,train,,,,2.872341677546501,2.991646342265506e-06,0.4181179513357469,41.81179513357469,,,,,,,,,stage4_cpt_8k,,,,logs/l20_stage4_hq_crossdedup_train_latest.log,,305,26.29339623451233,,,,159907840,19939.911730072632,,
,,,,,,,train,,,,2.8838999271392822,2.9915647345902994e-06,0.41798109102148706,41.79810910214871,,,,,,,,,stage4_cpt_8k,,,,logs/l20_stage4_hq_crossdedup_train_latest.log,,306,26.302005529403687,,,,160432128,19933.384905340583,,
,,,,,,,train,,,,2.9541179090738297,2.991482731556703e-06,0.41808616719482605,41.80861671948261,,,,,,,,,stage4_cpt_8k,,,,logs/l20_stage4_hq_crossdedup_train_latest.log,,307,26.295395135879517,,,,160956416,19938.395954530457,,
,,,,,,,train,,,,2.9492896050214767,2.991400333190315e-06,0.4179719676602927,41.79719676602927,,,,,,,,,stage4_cpt_8k,,,,logs/l20_stage4_hq_crossdedup_train_latest.log,,308,26.302579641342163,,,,161480704,19932.949815155345,,
,,,,,,,train,,,,2.979183182120323,2.9913175395168547e-06,0.4177454587050513,41.77454587050513,,,,,,,,,stage4_cpt_8k,,,,logs/l20_stage4_hq_crossdedup_train_latest.log,,309,26.31684136390686,,,,162004992,19922.147675330554,,
,,,,,,,train,,,,2.9282495230436325,2.991234350562168e-06,0.4177420715304499,41.77420715304499,,,,,,,,,stage4_cpt_8k,,,,logs/l20_stage4_hq_crossdedup_train_latest.log,,310,26.317054748535156,,,,162529280,19921.986142054237,,
,,,,,,,train,,,,2.927903801202774,2.9911507663522206e-06,0.41818432540807093,41.818432540807095,,,,,,,,,stage4_cpt_8k,,,,logs/l20_stage4_hq_crossdedup_train_latest.log,,311,26.289222955703735,,,,163053568,19943.0770884101,,
,,,,,,,train,,,,2.9410212635993958,2.991066786913105e-06,0.41834716078587547,41.83471607858755,,,,,,,,,stage4_cpt_8k,,,,logs/l20_stage4_hq_crossdedup_train_latest.log,,312,26.278990268707275,,,,163577856,19950.8426556372,,
,,,,,,,train,,,,2.945256754755974,2.990982412271034e-06,0.4178690581245149,41.786905812451494,,,,,,,,,stage4_cpt_8k,,,,logs/l20_stage4_hq_crossdedup_train_latest.log,,313,26.309057235717773,,,,164102144,19928.04209221966,,
,,,,,,,train,,,,2.9391908943653107,2.9908976424523462e-06,0.41813492204245,41.813492204245,,,,,,,,,stage4_cpt_8k,,,,logs/l20_stage4_hq_crossdedup_train_latest.log,,314,26.29232907295227,,,,164626432,19940.72105766207,,
,,,,,,,train,,,,2.909949481487274,2.990812477483502e-06,0.41839751786291585,41.839751786291586,,,,,,,,,stage4_cpt_8k,,,,logs/l20_stage4_hq_crossdedup_train_latest.log,,315,26.275827407836914,,,,165150720,19953.244168578614,,
,,,,,,,train,,,,2.8604215383529663,2.9907269173910854e-06,0.4183704664139639,41.83704664139639,,,,,,,,,stage4_cpt_8k,,,,logs/l20_stage4_hq_crossdedup_train_latest.log,,316,26.277526378631592,,,,165675008,19951.95409360683,,
,,,,,,,train,,,,2.9489448368549347,2.9906409622018047e-06,0.4181714880564459,41.817148805644585,,,,,,,,,stage4_cpt_8k,,,,logs/l20_stage4_hq_crossdedup_train_latest.log,,317,26.290030002593994,,,,166199296,19942.464879205894,,
,,,,,,,train,,,,2.947670057415962,2.99055461194249e-06,0.41787131887016854,41.787131887016855,,,,,,,,,stage4_cpt_8k,,,,logs/l20_stage4_hq_crossdedup_train_latest.log,,318,26.30891489982605,,,,166723584,19928.149906458762,,
,,,,,,,train,,,,2.944810539484024,2.990467866640096e-06,0.4175770029518279,41.757700295182794,,,,,,,,,stage4_cpt_8k,,,,logs/l20_stage4_hq_crossdedup_train_latest.log,,319,26.327457904815674,,,,167247872,19914.114074192486,,
,,,,,,,train,,,,2.936559721827507,2.9903807263217005e-06,0.4176446768635794,41.76446768635794,,,,,,,,,stage4_cpt_8k,,,,logs/l20_stage4_hq_crossdedup_train_latest.log,,320,26.32319188117981,,,,167772160,19917.341421457637,,
,,,,,,,train,,,,2.9457233399152756,2.990293191014504e-06,0.41798730104539006,41.798730104539004,,,,,,,,,stage4_cpt_8k,,,,logs/l20_stage4_hq_crossdedup_train_latest.log,,321,26.30161476135254,,,,168296448,19933.681059399674,,
,,,,,,,train,,,,2.927192732691765,2.9902052607458305e-06,0.418028172834689,41.802817283468904,,,,,,,,,stage4_cpt_8k,,,,logs/l20_stage4_hq_crossdedup_train_latest.log,,322,26.29904317855835,,,,168820736,19935.630221994266,,
,,,,,,,train,,,,2.9601276963949203,2.990116935543128e-06,0.4180286351795238,41.80286351795238,,,,,,,,,stage4_cpt_8k,,,,logs/l20_stage4_hq_crossdedup_train_latest.log,,323,26.2990140914917,,,,169345024,19935.652271071962,,
,,,,,,,train,,,,2.9140546321868896,2.990028215433967e-06,0.4180224921402406,41.80224921402406,,,,,,,,,stage4_cpt_8k,,,,logs/l20_stage4_hq_crossdedup_train_latest.log,,324,26.299400568008423,,,,169869312,19935.35931148802,,
,,,,,,,train,,,,2.984836682677269,2.989939100446041e-06,0.4177024816142398,41.77024816142398,,,,,,,,,stage4_cpt_8k,,,,logs/l20_stage4_hq_crossdedup_train_latest.log,,325,26.319549083709717,,,,170393600,19920.098111578365,,
,,,,,,,train,,,,2.9208717048168182,2.989849590607168e-06,0.4176808204559901,41.76808204559901,,,,,,,,,stage4_cpt_8k,,,,logs/l20_stage4_hq_crossdedup_train_latest.log,,326,26.320914030075073,,,,170917888,19919.065097850806,,
,,,,,,,train,,,,2.9553520679473877,2.9897596859452883e-06,0.41820138494599235,41.820138494599234,,,,,,,,,stage4_cpt_8k,,,,logs/l20_stage4_hq_crossdedup_train_latest.log,,327,26.288150548934937,,,,171442176,19943.890652332007,,
,,,,,,,train,,,,2.888363227248192,2.989669386488465e-06,0.4181699938930186,41.81699938930186,,,,,,,,,stage4_cpt_8k,,,,logs/l20_stage4_hq_crossdedup_train_latest.log,,328,26.29012393951416,,,,171966464,19942.39362302865,,
,,,,,,,train,,,,2.936814457178116,2.9895786922648858e-06,0.41824429026005905,41.8244290260059,,,,,,,,,stage4_cpt_8k,,,,logs/l20_stage4_hq_crossdedup_train_latest.log,,329,26.28545379638672,,,,172490752,19945.936793074132,,
,,,,,,,train,,,,2.935564860701561,2.9894876033028612e-06,0.41820593641407433,41.820593641407434,,,,,,,,,stage4_cpt_8k,,,,logs/l20_stage4_hq_crossdedup_train_latest.log,,330,26.287864446640015,,,,173015040,19944.107710393033,,
,,,,,,,train,,,,2.890051931142807,2.989396119630824e-06,0.41792669394776044,41.79266939477604,,,,,,,,,stage4_cpt_8k,,,,logs/l20_stage4_hq_crossdedup_train_latest.log,,331,26.305428981781006,,,,173539328,19930.79072624586,,
,,,,,,,train,,,,2.9023571759462357,2.9893042412773312e-06,0.417589459688716,41.7589459688716,,,,,,,,,stage4_cpt_8k,,,,logs/l20_stage4_hq_crossdedup_train_latest.log,,332,26.326672554016113,,,,174063616,19914.708132001295,,
,,,,,,,train,,,,2.931529715657234,2.9892119682710623e-06,0.4178665550494041,41.78665550494041,,,,,,,,,stage4_cpt_8k,,,,logs/l20_stage4_hq_crossdedup_train_latest.log,,333,26.30921483039856,,,,174587904,19927.922721366045,,
,,,,,,,train,,,,2.959833011031151,2.9891193006408203e-06,0.41829206506883543,41.829206506883544,,,,,,,,,stage4_cpt_8k,,,,logs/l20_stage4_hq_crossdedup_train_latest.log,,334,26.282451629638672,,,,175112192,19948.21515846571,,
,,,,,,,train,,,,2.942020997405052,2.989026238415532e-06,0.41822352876967966,41.82235287696797,,,,,,,,,stage4_cpt_8k,,,,logs/l20_stage4_hq_crossdedup_train_latest.log,,335,26.28675866127014,,,,175636480,19944.946684220333,,
,,,,,,,train,,,,2.9342080801725388,2.988932781624246e-06,0.4178708871681039,41.78708871681039,,,,,,,,,stage4_cpt_8k,,,,logs/l20_stage4_hq_crossdedup_train_latest.log,,336,26.308942079544067,,,,176160768,19928.129318725,,
,,,,,,,train,,,,2.975401282310486,2.988838930296135e-06,0.41771701949766166,41.77170194976617,,,,,,,,,stage4_cpt_8k,,,,logs/l20_stage4_hq_crossdedup_train_latest.log,,337,26.31863307952881,,,,176685056,19920.791418601537,,
,,,,,,,train,,,,2.8983536660671234,2.9887446844604956e-06,0.4178841983920264,41.78841983920264,,,,,,,,,stage4_cpt_8k,,,,logs/l20_stage4_hq_crossdedup_train_latest.log,,338,26.308104038238525,,,,177209344,19928.76412674792,,
,,,,,,,train,,,,2.9526101499795914,2.988650044146746e-06,0.418031306946346,41.803130694634596,,,,,,,,,stage4_cpt_8k,,,,logs/l20_stage4_hq_crossdedup_train_latest.log,,339,26.298846006393433,,,,177733632,19935.779686779486,,
,,,,,,,train,,,,2.9553013145923615,2.988555009384428e-06,0.4178538810885665,41.78538810885665,,,,,,,,,stage4_cpt_8k,,,,logs/l20_stage4_hq_crossdedup_train_latest.log,,340,26.310012817382812,,,,178257920,19927.318304216376,,
,,,,,,,train,,,,2.947210520505905,2.988459580203207e-06,0.4177345707426455,41.77345707426455,,,,,,,,,stage4_cpt_8k,,,,logs/l20_stage4_hq_crossdedup_train_latest.log,,341,26.317527294158936,,,,178782208,19921.628431876405,,
,,,,,,,train,,,,2.9077848494052887,2.9883637566328715e-06,0.417865907511406,41.7865907511406,,,,,,,,,stage4_cpt_8k,,,,logs/l20_stage4_hq_crossdedup_train_latest.log,,342,26.309255599975586,,,,179306496,19927.891840485463,,
,,,,,,,train,,,,2.9573183208703995,2.988267538703332e-06,0.41788039618066425,41.78803961806643,,,,,,,,,stage4_cpt_8k,,,,logs/l20_stage4_hq_crossdedup_train_latest.log,,343,26.308343410491943,,,,179830784,19928.582800500866,,
,,,,,,,train,,,,2.9620261043310165,2.9881709264446235e-06,0.4181993102679971,41.819931026799715,,,,,,,,,stage4_cpt_8k,,,,logs/l20_stage4_hq_crossdedup_train_latest.log,,344,26.288280963897705,,,,180355072,19943.791711600184,,
,,,,,,,train,,,,2.9219921678304672,2.9880739198869034e-06,0.4182136741371863,41.82136741371863,,,,,,,,,stage4_cpt_8k,,,,logs/l20_stage4_hq_crossdedup_train_latest.log,,345,26.287378072738647,,,,180879360,19944.476719940107,,
,,,,,,,train,,,,2.91556179523468,2.987976519060453e-06,0.4182716668649335,41.82716668649335,,,,,,,,,stage4_cpt_8k,,,,logs/l20_stage4_hq_crossdedup_train_latest.log,,346,26.283733367919922,,,,181403648,19947.242374628146,,
,,,,,,,train,,,,2.8868023604154587,2.9878787239956748e-06,0.41827894412085864,41.82789441208586,,,,,,,,,stage4_cpt_8k,,,,logs/l20_stage4_hq_crossdedup_train_latest.log,,347,26.283276081085205,,,,181927936,19947.589424641952,,
,,,,,,,train,,,,2.964921683073044,2.9877805347230963e-06,0.4184857004101822,41.84857004101822,,,,,,,,,stage4_cpt_8k,,,,logs/l20_stage4_hq_crossdedup_train_latest.log,,348,26.27029061317444,,,,182452224,19957.449566129726,,
,,,,,,,train,,,,2.964109316468239,2.9876819512733672e-06,0.4184092339037592,41.84092339037592,,,,,,,,,stage4_cpt_8k,,,,logs/l20_stage4_hq_crossdedup_train_latest.log,,349,26.275091648101807,,,,182976512,19953.80290282931,,
,,,,,,,train,,,,2.960533067584038,2.98758297367726e-06,0.4180485548757257,41.80485548757257,,,,,,,,,stage4_cpt_8k,,,,logs/l20_stage4_hq_crossdedup_train_latest.log,,350,26.29776096343994,,,,183500800,19936.602235029946,,
,,,,,,,train,,,,2.91635799407959,2.9874836019656712e-06,0.4177752606399785,41.77752606399785,,,,,,,,,stage4_cpt_8k,,,,logs/l20_stage4_hq_crossdedup_train_latest.log,,351,26.314964056015015,,,,184025088,19923.568920101163,,
,,,,,,,train,,,,2.9360304176807404,2.987383836169619e-06,0.41784966291658415,41.784966291658414,,,,,,,,,stage4_cpt_8k,,,,logs/l20_stage4_hq_crossdedup_train_latest.log,,352,26.31027841567993,,,,184549376,19927.117140940027,,
,,,,,,,train,,,,2.951552525162697,2.987283676320246e-06,0.41818985500356637,41.81898550035664,,,,,,,,,stage4_cpt_8k,,,,logs/l20_stage4_hq_crossdedup_train_latest.log,,353,26.288875341415405,,,,185073664,19943.340793055475,,
,,,,,,,train,,,,2.9342229813337326,2.9871831224488164e-06,0.4183727781397974,41.83727781397974,,,,,,,,,stage4_cpt_8k,,,,logs/l20_stage4_hq_crossdedup_train_latest.log,,354,26.27738118171692,,,,185597952,19952.064339074444,,
,,,,,,,train,,,,2.9564541429281235,2.987082174586719e-06,0.41827799176483255,41.82779917648325,,,,,,,,,stage4_cpt_8k,,,,logs/l20_stage4_hq_crossdedup_train_latest.log,,355,26.28333592414856,,,,186122240,19947.544007086846,,
,,,,,,,train,,,,2.949287176132202,2.9869808327654635e-06,0.4179335425250469,41.79335425250469,,,,,,,,,stage4_cpt_8k,,,,logs/l20_stage4_hq_crossdedup_train_latest.log,,356,26.30499792098999,,,,186646528,19931.117332712125,,
,,,,,,,train,,,,2.916418358683586,2.986879097016685e-06,0.41757799371547466,41.75779937154746,,,,,,,,,stage4_cpt_8k,,,,logs/l20_stage4_hq_crossdedup_train_latest.log,,357,26.32739543914795,,,,187170816,19914.161323394772,,
,,,,,,,train,,,,2.959177002310753,2.986776967372139e-06,0.4180255200562252,41.802552005622516,,,,,,,,,stage4_cpt_8k,,,,logs/l20_stage4_hq_crossdedup_train_latest.log,,358,26.29921007156372,,,,187695104,19935.503711835496,,
,,,,,,,train,,,,2.951505720615387,2.9866744438637067e-06,0.41819647705725743,41.81964770572574,,,,,,,,,stage4_cpt_8k,,,,logs/l20_stage4_hq_crossdedup_train_latest.log,,359,26.288459062576294,,,,188219392,19943.656596683733,,
,,,,,,,train,,,,2.9368772357702255,2.98657152652339e-06,0.41799952839810467,41.799952839810466,,,,,,,,,stage4_cpt_8k,,,,logs/l20_stage4_hq_crossdedup_train_latest.log,,360,26.30084538459778,,,,188743680,19934.264177950416,,
,,,,,,,train,,,,2.93273963034153,2.9864682153833147e-06,0.4177621607389573,41.776216073895725,,,,,,,,,stage4_cpt_8k,,,,logs/l20_stage4_hq_crossdedup_train_latest.log,,361,26.315789222717285,,,,189267968,19922.944190000002,,
,,,,,,,train,,,,2.985935628414154,2.9863645104757294e-06,0.4181215114301402,41.81215114301402,,,,,,,,,stage4_cpt_8k,,,,logs/l20_stage4_hq_crossdedup_train_latest.log,,362,26.293172359466553,,,,189792256,19940.081509838663,,
,,,,,,,train,,,,2.9332317411899567,2.986260411833006e-06,0.4180815197757593,41.80815197757593,,,,,,,,,stage4_cpt_8k,,,,logs/l20_stage4_hq_crossdedup_train_latest.log,,363,26.295687437057495,,,,190316544,19938.174320597576,,
,,,,,,,train,,,,2.892310217022896,2.986155919487638e-06,0.4180659975384344,41.806599753843436,,,,,,,,,stage4_cpt_8k,,,,logs/l20_stage4_hq_crossdedup_train_latest.log,,364,26.296663761138916,,,,190840832,19937.434070050753,,
,,,,,,,train,,,,2.974676236510277,2.9860510334722435e-06,0.4178539303136974,41.785393031369736,,,,,,,,,stage4_cpt_8k,,,,logs/l20_stage4_hq_crossdedup_train_latest.log,,365,26.310009717941284,,,,191365120,19927.320651747166,,
,,,,,,,train,,,,2.957502380013466,2.9859457538195623e-06,0.41770723791084063,41.770723791084066,,,,,,,,,stage4_cpt_8k,,,,logs/l20_stage4_hq_crossdedup_train_latest.log,,366,26.319249391555786,,,,191889408,19920.32493784612,,
,,,,,,,train,,,,2.94932122528553,2.985840080562458e-06,0.4180702996792292,41.80702996792292,,,,,,,,,stage4_cpt_8k,,,,logs/l20_stage4_hq_crossdedup_train_latest.log,,367,26.296393156051636,,,,192413696,19937.639237772983,,
,,,,,,,train,,,,2.9445594996213913,2.985734013733915e-06,0.41836824581468285,41.836824581468285,,,,,,,,,stage4_cpt_8k,,,,logs/l20_stage4_hq_crossdedup_train_latest.log,,368,26.277665853500366,,,,192937984,19951.84819393543,,
,,,,,,,train,,,,2.9435926377773285,2.985627553367044e-06,0.41801357539089024,41.801357539089025,,,,,,,,,stage4_cpt_8k,,,,logs/l20_stage4_hq_crossdedup_train_latest.log,,369,26.29996156692505,,,,193462272,19934.93407455572,,
,,,,,,,train,,,,2.922638714313507,2.985520699495076e-06,0.4183752758952732,41.83752758952732,,,,,,,,,stage4_cpt_8k,,,,logs/l20_stage4_hq_crossdedup_train_latest.log,,370,26.27722430229187,,,,193986560,19952.183456236366,,
,,,,,,,train,,,,2.913564771413803,2.9854134521513647e-06,0.41812797207575797,41.8127972075758,,,,,,,,,stage4_cpt_8k,,,,logs/l20_stage4_hq_crossdedup_train_latest.log,,371,26.292766094207764,,,,194510848,19940.389615967393,,
,,,,,,,train,,,,2.9350599199533463,2.9853058113693886e-06,0.41744458924393857,41.744458924393854,,,,,,,,,stage4_cpt_8k,,,,logs/l20_stage4_hq_crossdedup_train_latest.log,,372,26.335808992385864,,,,195035136,19907.79930669989,,
,,,,,,,train,,,,2.9204472303390503,2.9851977771827466e-06,0.4176746119688259,41.767461196882586,,,,,,,,,stage4_cpt_8k,,,,logs/l20_stage4_hq_crossdedup_train_latest.log,,373,26.32130527496338,,,,195559424,19918.76901707829,,
,,,,,,,train,,,,2.9630803614854813,2.985089349625162e-06,0.4190314595103664,41.90314595103664,,,,,,,,,stage4_cpt_8k,,,,logs/l20_stage4_hq_crossdedup_train_latest.log,,374,26.236075401306152,,,,196083712,19983.47664353406,,
,,,,,,,train,,,,2.914430469274521,2.984980528730481e-06,0.418962718787157,41.8962718787157,,,,,,,,,stage4_cpt_8k,,,,logs/l20_stage4_hq_crossdedup_train_latest.log,,375,26.24038004875183,,,,196608000,19980.19842037077,,
,,,,,,,train,,,,3.0174968391656876,2.9848713145326714e-06,0.41844961105553685,41.844961105553686,,,,,,,,,stage4_cpt_8k,,,,logs/l20_stage4_hq_crossdedup_train_latest.log,,376,26.27255630493164,,,,197132288,19955.72847631829,,
,,,,,,,train,,,,2.9859772473573685,2.9847617070658254e-06,0.4179623900750782,41.79623900750782,,,,,,,,,stage4_cpt_8k,,,,logs/l20_stage4_hq_crossdedup_train_latest.log,,377,26.303182363510132,,,,197656576,19932.493063171474,,
,,,,,,,train,,,,2.9779380708932877,2.9846517063641555e-06,0.41769143698051575,41.76914369805157,,,,,,,,,stage4_cpt_8k,,,,logs/l20_stage4_hq_crossdedup_train_latest.log,,378,26.320245027542114,,,,198180864,19919.571396519026,,
,,,,,,,train,,,,2.9499160200357437,2.984541312461999e-06,0.41792301217265226,41.792301217265226,,,,,,,,,stage4_cpt_8k,,,,logs/l20_stage4_hq_crossdedup_train_latest.log,,379,26.305660724639893,,,,198705152,19930.615143565345,,
,,,,,,,train,,,,2.957194671034813,2.984430525393816e-06,0.4178319467669753,41.78319467669753,,,,,,,,,stage4_cpt_8k,,,,logs/l20_stage4_hq_crossdedup_train_latest.log,,380,26.311393976211548,,,,199229440,19926.27226341619,,
,,,,,,,train,,,,2.939619168639183,2.9843193451941884e-06,0.4177666534468893,41.77666534468893,,,,,,,,,stage4_cpt_8k,,,,logs/l20_stage4_hq_crossdedup_train_latest.log,,381,26.31550621986389,,,,199753728,19923.158445808218,,
,,,,,,,train,,,,2.9264302402734756,2.9842077718978207e-06,0.4181589965719452,41.81589965719452,,,,,,,,,stage4_cpt_8k,,,,logs/l20_stage4_hq_crossdedup_train_latest.log,,382,26.290815353393555,,,,200278016,19941.869164294527,,
,,,,,,,train,,,,2.9555582851171494,2.9840958055395412e-06,0.41738378428102413,41.738378428102415,,,,,,,,,stage4_cpt_8k,,,,logs/l20_stage4_hq_crossdedup_train_latest.log,,383,26.339645624160767,,,,200802304,19904.89953741376,,
,,,,,,,train,,,,2.900154694914818,2.9839834461542998e-06,0.4178344683584662,41.78344683584662,,,,,,,,,stage4_cpt_8k,,,,logs/l20_stage4_hq_crossdedup_train_latest.log,,384,26.311235189437866,,,,201326592,19926.392517310065,,
,,,,,,,train,,,,2.9142113626003265,2.983870693777169e-06,0.41768033239638436,41.768033239638434,,,,,,,,,stage4_cpt_8k,,,,logs/l20_stage4_hq_crossdedup_train_latest.log,,385,26.320944786071777,,,,201850880,19919.041822443884,,
,,,,,,,train,,,,2.8579841405153275,2.9837575484433454e-06,0.4177979726145274,41.77979726145274,,,,,,,,,stage4_cpt_8k,,,,logs/l20_stage4_hq_crossdedup_train_latest.log,,386,26.313533544540405,,,,202375168,19924.65204692285,,
,,,,,,,train,,,,2.933303117752075,2.983644010188147e-06,0.41788759544615944,41.78875954461594,,,,,,,,,stage4_cpt_8k,,,,logs/l20_stage4_hq_crossdedup_train_latest.log,,387,26.30789017677307,,,,202899456,19928.92613117595,,
,,,,,,,train,,,,2.953613758087158,2.983530079047015e-06,0.4176330073828871,41.76330073828871,,,,,,,,,stage4_cpt_8k,,,,logs/l20_stage4_hq_crossdedup_train_latest.log,,388,26.323927402496338,,,,203423744,19916.784907645695,,
,,,,,,,train,,,,2.927559345960617,2.9834157550555118e-06,0.4178047639744902,41.78047639744902,,,,,,,,,stage4_cpt_8k,,,,logs/l20_stage4_hq_crossdedup_train_latest.log,,389,26.313105821609497,,,,203948032,19924.975924713202,,
,,,,,,,train,,,,2.9127200543880463,2.9833010382493255e-06,0.41835028829586546,41.83502882958655,,,,,,,,,stage4_cpt_8k,,,,logs/l20_stage4_hq_crossdedup_train_latest.log,,390,26.278793811798096,,,,204472320,19950.991805591028,,
,,,,,,,train,,,,2.9053795337677,2.983185928664264e-06,0.41840692557161335,41.84069255716133,,,,,,,,,stage4_cpt_8k,,,,logs/l20_stage4_hq_crossdedup_train_latest.log,,391,26.2752366065979,,,,204996608,19953.692819205575,,
,,,,,,,train,,,,2.9543191492557526,2.9830704263362585e-06,0.41917950281152394,41.91795028115239,,,,,,,,,stage4_cpt_8k,,,,logs/l20_stage4_hq_crossdedup_train_latest.log,,392,26.22680950164795,,,,205520896,19990.536781344166,,
,,,,,,,train,,,,3.005524531006813,2.9829545313013633e-06,0.41860295116382445,41.860295116382446,,,,,,,,,stage4_cpt_8k,,,,logs/l20_stage4_hq_crossdedup_train_latest.log,,393,26.262932300567627,,,,206045184,19963.04121717088,,
,,,,,,,train,,,,2.905664771795273,2.9828382435957555e-06,0.41832323915855774,41.832323915855774,,,,,,,,,stage4_cpt_8k,,,,logs/l20_stage4_hq_crossdedup_train_latest.log,,394,26.280493021011353,,,,206569472,19949.701840860816,,
,,,,,,,train,,,,2.92932465672493,2.9827215632557343e-06,0.4175889151163777,41.75889151163777,,,,,,,,,stage4_cpt_8k,,,,logs/l20_stage4_hq_crossdedup_train_latest.log,,395,26.326706886291504,,,,207093760,19914.682161520184,,
,,,,,,,train,,,,2.988978073000908,2.982604490317721e-06,0.41768309051565855,41.76830905156586,,,,,,,,,stage4_cpt_8k,,,,logs/l20_stage4_hq_crossdedup_train_latest.log,,396,26.320770978927612,,,,207618048,19919.1733562723,,
,,,,,,,train,,,,2.992275044322014,2.98248702481826e-06,0.41805625645433897,41.8056256454339,,,,,,,,,stage4_cpt_8k,,,,logs/l20_stage4_hq_crossdedup_train_latest.log,,397,26.297276496887207,,,,208142336,19936.969520857405,,
,,,,,,,train,,,,2.9117283523082733,2.982369166794018e-06,0.41787553747939604,41.787553747939604,,,,,,,,,stage4_cpt_8k,,,,logs/l20_stage4_hq_crossdedup_train_latest.log,,398,26.30864930152893,,,,208666624,19928.35109058719,,
,,,,,,,train,,,,2.894871100783348,2.982250916281785e-06,0.4180448671632069,41.80448671632069,,,,,,,,,stage4_cpt_8k,,,,logs/l20_stage4_hq_crossdedup_train_latest.log,,399,26.297992944717407,,,,209190912,19936.42636919621,,
,,,,,,,train,,,,2.9325708001852036,2.9821322733184732e-06,0.4178047601888322,41.78047601888322,,,,,,,,,stage4_cpt_8k,,,,logs/l20_stage4_hq_crossdedup_train_latest.log,,400,26.313106060028076,,,,209715200,19924.975744176383,,
,,,,,,,train,,,,3.000799521803856,2.9820132379411155e-06,0.41754856398913953,41.75485639891395,,,,,,,,,stage4_cpt_8k,,,,logs/l20_stage4_hq_crossdedup_train_latest.log,,401,26.329251050949097,,,,210239488,19912.757829133196,,
,,,,,,,train,,,,2.9243737757205963,2.9818938101868703e-06,0.4186676014645253,41.86676014645253,,,,,,,,,stage4_cpt_8k,,,,logs/l20_stage4_hq_crossdedup_train_latest.log,,402,26.25887680053711,,,,210763776,19966.12436938948,,
,,,,,,,train,,,,2.9813166111707687,2.981773990093016e-06,0.4188752293058726,41.88752293058726,,,,,,,,,stage4_cpt_8k,,,,logs/l20_stage4_hq_crossdedup_train_latest.log,,403,26.245860815048218,,,,211288064,19976.026074915266,,
,,,,,,,train,,,,2.9242412000894547,2.9816537776969558e-06,0.4185698659927394,41.85698659927394,,,,,,,,,stage4_cpt_8k,,,,logs/l20_stage4_hq_crossdedup_train_latest.log,,404,26.265008211135864,,,,211812352,19961.463395915172,,
,,,,,,,train,,,,2.946992039680481,2.981533173036212e-06,0.4180429304769332,41.80429304769332,,,,,,,,,stage4_cpt_8k,,,,logs/l20_stage4_hq_crossdedup_train_latest.log,,405,26.298114776611328,,,,212336640,19936.334009245573,,
,,,,,,,train,,,,2.972813680768013,2.9814121761484333e-06,0.41856638184763206,41.856638184763206,,,,,,,,,stage4_cpt_8k,,,,logs/l20_stage4_hq_crossdedup_train_latest.log,,406,26.2652268409729,,,,212860928,19961.29723814636,,
,,,,,,,train,,,,2.9941874146461487,2.981290787071388e-06,0.4188056763585657,41.88056763585657,,,,,,,,,stage4_cpt_8k,,,,logs/l20_stage4_hq_crossdedup_train_latest.log,,407,26.250219583511353,,,,213385216,19972.709117043843,,
,,,,,,,train,,,,2.935481697320938,2.9811690058429677e-06,0.4187955508402144,41.87955508402144,,,,,,,,,stage4_cpt_8k,,,,logs/l20_stage4_hq_crossdedup_train_latest.log,,408,26.25085425376892,,,,213909504,19972.226234303453,,
,,,,,,,train,,,,2.9013242572546005,2.9810468325011864e-06,0.41890180568050156,41.890180568050155,,,,,,,,,stage4_cpt_8k,,,,logs/l20_stage4_hq_crossdedup_train_latest.log,,409,26.244195699691772,,,,214433792,19977.293493744124,,
,,,,,,,train,,,,2.9339324980974197,2.980924267084181e-06,0.418898125732186,41.8898125732186,,,,,,,,,stage4_cpt_8k,,,,logs/l20_stage4_hq_crossdedup_train_latest.log,,410,26.244426250457764,,,,214958080,19977.117998182766,,
,,,,,,,train,,,,2.993262067437172,2.9808013096302093e-06,0.4185381384763926,41.85381384763926,,,,,,,,,stage4_cpt_8k,,,,logs/l20_stage4_hq_crossdedup_train_latest.log,,411,26.26699924468994,,,,215482368,19959.950320780874,,
,,,,,,,train,,,,2.989759609103203,2.9806779601776535e-06,0.418191379650265,41.8191379650265,,,,,,,,,stage4_cpt_8k,,,,logs/l20_stage4_hq_crossdedup_train_latest.log,,412,26.288779497146606,,,,216006656,19943.41350297021,,
,,,,,,,train,,,,2.9192426800727844,2.9805542187650173e-06,0.4180142915968259,41.80142915968259,,,,,,,,,stage4_cpt_8k,,,,logs/l20_stage4_hq_crossdedup_train_latest.log,,413,26.2999165058136,,,,216530944,19934.96823018834,,
,,,,,,,train,,,,2.9734048396348953,2.980430085430926e-06,0.4175844337937789,41.758443379377894,,,,,,,,,stage4_cpt_8k,,,,logs/l20_stage4_hq_crossdedup_train_latest.log,,414,26.32698941230774,,,,217055232,19914.468448674877,,
,,,,,,,train,,,,2.9430126547813416,2.9803055602141277e-06,0.41800974808860175,41.800974808860175,,,,,,,,,stage4_cpt_8k,,,,logs/l20_stage4_hq_crossdedup_train_latest.log,,415,26.30020236968994,,,,217579520,19934.751551730395,,
,,,,,,,train,,,,2.9062330275774,2.9801806431534934e-06,0.41834452293455504,41.834452293455506,,,,,,,,,stage4_cpt_8k,,,,logs/l20_stage4_hq_crossdedup_train_latest.log,,416,26.27915596961975,,,,218103808,19950.71685734914,,
,,,,,,,train,,,,2.943612113595009,2.980055334288016e-06,0.4184704177853164,41.84704177853164,,,,,,,,,stage4_cpt_8k,,,,logs/l20_stage4_hq_crossdedup_train_latest.log,,417,26.271250009536743,,,,218628096,19956.720742624653,,
,,,,,,,train,,,,2.981910616159439,2.97992963365681e-06,0.41821441758056205,41.8214417580562,,,,,,,,,stage4_cpt_8k,,,,logs/l20_stage4_hq_crossdedup_train_latest.log,,418,26.287331342697144,,,,219152384,19944.512174517553,,
,,,,,,,train,,,,2.9556966423988342,2.9798035412991135e-06,0.417999354095519,41.7999354095519,,,,,,,,,stage4_cpt_8k,,,,logs/l20_stage4_hq_crossdedup_train_latest.log,,419,26.300856351852417,,,,219676672,19934.255865515704,,
,,,,,,,train,,,,2.901401311159134,2.9796770572542866e-06,0.41900499994280427,41.90049999428042,,,,,,,,,stage4_cpt_8k,,,,logs/l20_stage4_hq_crossdedup_train_latest.log,,420,26.23773217201233,,,,220200960,19982.21479519696,,
,,,,,,,train,,,,2.9568463563919067,2.97955018156181e-06,0.4189186459793408,41.89186459793408,,,,,,,,,stage4_cpt_8k,,,,logs/l20_stage4_hq_crossdedup_train_latest.log,,421,26.243140697479248,,,,220725248,19978.096602224134,,
,,,,,,,train,,,,2.933308854699135,2.97942291426129e-06,0.4182216966377319,41.82216966377319,,,,,,,,,stage4_cpt_8k,,,,logs/l20_stage4_hq_crossdedup_train_latest.log,,422,26.286873817443848,,,,221249536,19944.859310432148,,
,,,,,,,train,,,,2.901431679725647,2.979295255392451e-06,0.41744712127894024,41.744712127894026,,,,,,,,,stage4_cpt_8k,,,,logs/l20_stage4_hq_crossdedup_train_latest.log,,423,26.335649251937866,,,,221773824,19907.920058641466,,
,,,,,,,train,,,,2.9272163808345795,2.979167204995143e-06,0.41777471179781867,41.77747117978187,,,,,,,,,stage4_cpt_8k,,,,logs/l20_stage4_hq_crossdedup_train_latest.log,,424,26.314998626708984,,,,222298112,19923.542745993625,,
,,,,,,,train,,,,2.9474935680627823,2.9790387631093366e-06,0.41823116092888896,41.823116092888895,,,,,,,,,stage4_cpt_8k,,,,logs/l20_stage4_hq_crossdedup_train_latest.log,,425,26.28627896308899,,,,222822400,19945.310659458555,,
,,,,,,,train,,,,2.9577239602804184,2.9789099297751244e-06,0.41786322271152604,41.786322271152606,,,,,,,,,stage4_cpt_8k,,,,logs/l20_stage4_hq_crossdedup_train_latest.log,,426,26.30942463874817,,,,223346688,19927.763803235575,,
,,,,,,,train,,,,2.924046665430069,2.978780705032723e-06,0.4180557106638352,41.80557106638352,,,,,,,,,stage4_cpt_8k,,,,logs/l20_stage4_hq_crossdedup_train_latest.log,,427,26.297310829162598,,,,223870976,19936.94349228237,,
,,,,,,,train,,,,2.942937210202217,2.9786510889224693e-06,0.41795532840255606,41.7955328402556,,,,,,,,,stage4_cpt_8k,,,,logs/l20_stage4_hq_crossdedup_train_latest.log,,428,26.303626775741577,,,,224395264,19932.156294261393,,
,,,,,,,train,,,,2.93469999730587,2.9785210814848227e-06,0.4185174351708666,41.85174351708666,,,,,,,,,stage4_cpt_8k,,,,logs/l20_stage4_hq_crossdedup_train_latest.log,,429,26.268298625946045,,,,224919552,19958.962986744176,,
,,,,,,,train,,,,2.963307097554207,2.9783906827603654e-06,0.4184149896586584,41.84149896586584,,,,,,,,,stage4_cpt_8k,,,,logs/l20_stage4_hq_crossdedup_train_latest.log,,430,26.27473020553589,,,,225443840,19954.077392944513,,
,,,,,,,train,,,,2.966026023030281,2.9782598927898008e-06,0.41788448621163976,41.78844862116398,,,,,,,,,stage4_cpt_8k,,,,logs/l20_stage4_hq_crossdedup_train_latest.log,,431,26.308085918426514,,,,225968128,19928.777852773474,,
,,,,,,,train,,,,2.9563018679618835,2.9781287116139553e-06,0.4179142852611443,41.79142852611443,,,,,,,,,stage4_cpt_8k,,,,logs/l20_stage4_hq_crossdedup_train_latest.log,,432,26.306210041046143,,,,226492416,19930.1989599392,,
,,,,,,,train,,,,2.9336754828691483,2.977997139273778e-06,0.4178130660873346,41.78130660873346,,,,,,,,,stage4_cpt_8k,,,,logs/l20_stage4_hq_crossdedup_train_latest.log,,433,26.312582969665527,,,,227016704,19925.371849826588,,
,,,,,,,train,,,,2.9460761696100235,2.977865175810338e-06,0.4175606219992846,41.756062199928465,,,,,,,,,stage4_cpt_8k,,,,logs/l20_stage4_hq_crossdedup_train_latest.log,,434,26.328490734100342,,,,227540992,19913.332871790808,,
,,,,,,,train,,,,2.9542199820280075,2.977732821264829e-06,0.418243812263593,41.8243812263593,,,,,,,,,stage4_cpt_8k,,,,logs/l20_stage4_hq_crossdedup_train_latest.log,,435,26.285483837127686,,,,228065280,19945.91399757513,,
,,,,,,,train,,,,2.9424588829278946,2.977600075678564e-06,0.4184636769226046,41.84636769226046,,,,,,,,,stage4_cpt_8k,,,,logs/l20_stage4_hq_crossdedup_train_latest.log,,436,26.27167320251465,,,,228589568,19956.39927303209,,
,,,,,,,train,,,,3.025121420621872,2.9774669390929804e-06,0.4183320590625763,41.83320590625763,,,,,,,,,stage4_cpt_8k,,,,logs/l20_stage4_hq_crossdedup_train_latest.log,,437,26.27993893623352,,,,229113856,19950.122459270133,,
,,,,,,,train,,,,2.9183460623025894,2.977333411549637e-06,0.4182207824743779,41.82207824743779,,,,,,,,,stage4_cpt_8k,,,,logs/l20_stage4_hq_crossdedup_train_latest.log,,438,26.28693127632141,,,,229638144,19944.81571427339,,
,,,,,,,train,,,,2.943472221493721,2.977199493090214e-06,0.4181573053111273,41.815730531112735,,,,,,,,,stage4_cpt_8k,,,,logs/l20_stage4_hq_crossdedup_train_latest.log,,439,26.290921688079834,,,,230162432,19941.788508605594,,
,,,,,,,train,,,,2.930667743086815,2.977065183756514e-06,0.4180760840186522,41.807608401865224,,,,,,,,,stage4_cpt_8k,,,,logs/l20_stage4_hq_crossdedup_train_latest.log,,440,26.296029329299927,,,,230686720,19937.915091075007,,
,,,,,,,train,,,,2.8793465048074722,2.976930483590462e-06,0.41862972483596417,41.862972483596415,,,,,,,,,stage4_cpt_8k,,,,logs/l20_stage4_hq_crossdedup_train_latest.log,,441,26.261252641677856,,,,231211008,19964.318045055094,,
,,,,,,,train,,,,2.9230263978242874,2.9767953926341044e-06,0.4182370559383459,41.82370559383459,,,,,,,,,stage4_cpt_8k,,,,logs/l20_stage4_hq_crossdedup_train_latest.log,,442,26.285908460617065,,,,231735296,19945.591790579198,,
,,,,,,,train,,,,2.948269322514534,2.9766599109296105e-06,0.4184933763245366,41.84933763245366,,,,,,,,,stage4_cpt_8k,,,,logs/l20_stage4_hq_crossdedup_train_latest.log,,443,26.269808769226074,,,,232259584,19957.815628036864,,
,,,,,,,train,,,,2.9183975160121918,2.9765240385192697e-06,0.41864791920595745,41.86479192059574,,,,,,,,,stage4_cpt_8k,,,,logs/l20_stage4_hq_crossdedup_train_latest.log,,444,26.260111331939697,,,,232783872,19965.185728756525,,
,,,,,,,train,,,,2.9201558977365494,2.976387775445496e-06,0.418142888436847,41.8142888436847,,,,,,,,,stage4_cpt_8k,,,,logs/l20_stage4_hq_crossdedup_train_latest.log,,445,26.291828155517578,,,,233308160,19941.100972469783,,
,,,,,,,train,,,,2.9298474341630936,2.976251121750823e-06,0.41781041982402584,41.781041982402584,,,,,,,,,stage4_cpt_8k,,,,logs/l20_stage4_hq_crossdedup_train_latest.log,,446,26.31274962425232,,,,233832448,19925.245650373483,,
,,,,,,,train,,,,2.9338420033454895,2.9761140774779077e-06,0.4174057849264432,41.74057849264432,,,,,,,,,stage4_cpt_8k,,,,logs/l20_stage4_hq_crossdedup_train_latest.log,,447,26.338257312774658,,,,234356736,19905.94874117614,,
,,,,,,,train,,,,2.9717201590538025,2.9759766426695285e-06,0.4176274622439718,41.762746224397176,,,,,,,,,stage4_cpt_8k,,,,logs/l20_stage4_hq_crossdedup_train_latest.log,,448,26.3242769241333,,,,234881024,19916.520461739583,,
,,,,,,,train,,,,3.0107370615005493,2.9758388173685847e-06,0.41883162000344654,41.883162000344655,,,,,,,,,stage4_cpt_8k,,,,logs/l20_stage4_hq_crossdedup_train_latest.log,,449,26.24859356880188,,,,235405312,19973.946361192837,,
,,,,,,,train,,,,2.9001087099313736,2.9757006016181e-06,0.4185158093833385,41.851580938333846,,,,,,,,,stage4_cpt_8k,,,,logs/l20_stage4_hq_crossdedup_train_latest.log,,450,26.2684006690979,,,,235929600,19958.885453455547,,
,,,,,,,train,,,,2.9568507969379425,2.9755619954612173e-06,0.41839552855497447,41.839552855497445,,,,,,,,,stage4_cpt_8k,,,,logs/l20_stage4_hq_crossdedup_train_latest.log,,451,26.275952339172363,,,,236453888,19953.149299117427,,
,,,,,,,train,,,,2.93332938849926,2.975422998941203e-06,0.41857183416141447,41.857183416141446,,,,,,,,,stage4_cpt_8k,,,,logs/l20_stage4_hq_crossdedup_train_latest.log,,452,26.26488471031189,,,,236978176,19961.55725725149,,
,,,,,,,train,,,,2.867183282971382,2.9752836121014444e-06,0.41826103600044395,41.8261036000444,,,,,,,,,stage4_cpt_8k,,,,logs/l20_stage4_hq_crossdedup_train_latest.log,,453,26.284401416778564,,,,237502464,19946.735392091618,,
,,,,,,,train,,,,2.9670707881450653,2.975143834985452e-06,0.4178388073844375,41.78388073844375,,,,,,,,,stage4_cpt_8k,,,,logs/l20_stage4_hq_crossdedup_train_latest.log,,454,26.310961961746216,,,,238026752,19926.599444074596,,
,,,,,,,train,,,,2.9451351165771484,2.975003667636857e-06,0.4177610896189811,41.77610896189811,,,,,,,,,stage4_cpt_8k,,,,logs/l20_stage4_hq_crossdedup_train_latest.log,,455,26.31585669517517,,,,238551040,19922.893108629996,,
,,,,,,,train,,,,2.9156045764684677,2.9748631100994128e-06,0.4176419154688925,41.76419154688925,,,,,,,,,stage4_cpt_8k,,,,logs/l20_stage4_hq_crossdedup_train_latest.log,,456,26.323365926742554,,,,239075328,19917.209731425835,,
,,,,,,,train,,,,2.957147032022476,2.9747221624169933e-06,0.4177625165185392,41.77625165185392,,,,,,,,,stage4_cpt_8k,,,,logs/l20_stage4_hq_crossdedup_train_latest.log,,457,26.31576681137085,,,,239599616,19922.961157014775,,
,,,,,,,train,,,,2.973829671740532,2.9745808246335965e-06,0.4178419083665905,41.78419083665905,,,,,,,,,stage4_cpt_8k,,,,logs/l20_stage4_hq_crossdedup_train_latest.log,,458,26.31076669692993,,,,240123904,19926.74732892434,,
,,,,,,,train,,,,2.922693654894829,2.9744390967933406e-06,0.4178333855091424,41.78333855091424,,,,,,,,,stage4_cpt_8k,,,,logs/l20_stage4_hq_crossdedup_train_latest.log,,459,26.31130337715149,,,,240648192,19926.340876571216,,
,,,,,,,train,,,,2.9454338401556015,2.9742969789404665e-06,0.4175065497795884,41.75065497795884,,,,,,,,,stage4_cpt_8k,,,,logs/l20_stage4_hq_crossdedup_train_latest.log,,460,26.331900596618652,,,,241172480,19910.754184881178,,
,,,,,,,train,,,,2.9563186168670654,2.9741544711193355e-06,0.41772747513935504,41.772747513935506,,,,,,,,,stage4_cpt_8k,,,,logs/l20_stage4_hq_crossdedup_train_latest.log,,461,26.31797432899475,,,,241696768,19921.290044818805,,
,,,,,,,train,,,,2.894170105457306,2.974011573374432e-06,0.4181739985784294,41.81739985784294,,,,,,,,,stage4_cpt_8k,,,,logs/l20_stage4_hq_crossdedup_train_latest.log,,462,26.28987216949463,,,,242221056,19942.584605198495,,
,,,,,,,train,,,,2.9133971631526947,2.973868285750361e-06,0.41866349608983056,41.86634960898306,,,,,,,,,stage4_cpt_8k,,,,logs/l20_stage4_hq_crossdedup_train_latest.log,,463,26.25913429260254,,,,242745344,19965.9285853798,,
,,,,,,,train,,,,2.91114541888237,2.97372460829185e-06,0.4192977413220122,41.92977413220122,,,,,,,,,stage4_cpt_8k,,,,logs/l20_stage4_hq_crossdedup_train_latest.log,,464,26.21941375732422,,,,243269632,19996.17553819424,,
,,,,,,,train,,,,2.896432548761368,2.9735805410437486e-06,0.4189559125698205,41.89559125698205,,,,,,,,,stage4_cpt_8k,,,,logs/l20_stage4_hq_crossdedup_train_latest.log,,465,26.240806341171265,,,,243793920,19979.873834037004,,
,,,,,,,train,,,,2.949338436126709,2.9734360840510268e-06,0.41806824904424716,41.806824904424715,,,,,,,,,stage4_cpt_8k,,,,logs/l20_stage4_hq_crossdedup_train_latest.log,,466,26.29652214050293,,,,244318208,19937.54144364479,,
,,,,,,,train,,,,2.9352892488241196,2.973291237358777e-06,0.41761344497096964,41.761344497096964,,,,,,,,,stage4_cpt_8k,,,,logs/l20_stage4_hq_crossdedup_train_latest.log,,467,26.32516050338745,,,,244842496,19915.851982461267,,
,,,,,,,train,,,,2.928233563899994,2.973146001012213e-06,0.41860988652736625,41.86098865273662,,,,,,,,,stage4_cpt_8k,,,,logs/l20_stage4_hq_crossdedup_train_latest.log,,468,26.262497186660767,,,,245366784,19963.37196244598,,
,,,,,,,train,,,,2.917664498090744,2.9730003750566703e-06,0.41864818907377577,41.864818907377575,,,,,,,,,stage4_cpt_8k,,,,logs/l20_stage4_hq_crossdedup_train_latest.log,,469,26.26009440422058,,,,245891072,19965.1985986667,,
,,,,,,,train,,,,3.0180732756853104,2.972854359537606e-06,0.41789277255684076,41.78927725568408,,,,,,,,,stage4_cpt_8k,,,,logs/l20_stage4_hq_crossdedup_train_latest.log,,470,26.30756425857544,,,,246415360,19929.17302593297,,
,,,,,,,train,,,,2.9104832857847214,2.972707954500599e-06,0.41796888747919103,41.796888747919105,,,,,,,,,stage4_cpt_8k,,,,logs/l20_stage4_hq_crossdedup_train_latest.log,,471,26.302773475646973,,,,246939648,19932.802922301107,,
,,,,,,,train,,,,2.9706930965185165,2.97256115999135e-06,0.41816882966648034,41.81688296664803,,,,,,,,,stage4_cpt_8k,,,,logs/l20_stage4_hq_crossdedup_train_latest.log,,472,26.290197134017944,,,,247463936,19942.338101436395,,
,,,,,,,train,,,,2.9076449871063232,2.9724139760556814e-06,0.4183898986123155,41.83898986123155,,,,,,,,,stage4_cpt_8k,,,,logs/l20_stage4_hq_crossdedup_train_latest.log,,473,26.27630591392517,,,,247988224,19952.880808947833,,
,,,,,,,train,,,,2.9307144582271576,2.972266402739535e-06,0.41846501748250875,41.84650174825087,,,,,,,,,stage4_cpt_8k,,,,logs/l20_stage4_hq_crossdedup_train_latest.log,,474,26.271589040756226,,,,248512512,19956.463203906314,,
,,,,,,,train,,,,2.9147971719503403,2.9721184400889764e-06,0.41829633012335615,41.82963301233561,,,,,,,,,stage4_cpt_8k,,,,logs/l20_stage4_hq_crossdedup_train_latest.log,,475,26.28218364715576,,,,249036800,19948.41855755536,,
,,,,,,,train,,,,2.9118858873844147,2.971970088150193e-06,0.4180053335150841,41.80053335150841,,,,,,,,,stage4_cpt_8k,,,,logs/l20_stage4_hq_crossdedup_train_latest.log,,476,26.300480127334595,,,,249561088,19934.54102212748,,
,,,,,,,train,,,,2.939704656600952,2.971821346969493e-06,0.4179074524650424,41.790745246504244,,,,,,,,,stage4_cpt_8k,,,,logs/l20_stage4_hq_crossdedup_train_latest.log,,477,26.306640148162842,,,,250085376,19929.873106072588,,
,,,,,,,train,,,,2.921377807855606,2.9716722165933045e-06,0.41831758080151804,41.8317580801518,,,,,,,,,stage4_cpt_8k,,,,logs/l20_stage4_hq_crossdedup_train_latest.log,,478,26.280848503112793,,,,250609664,19949.431995618466,,
,,,,,,,train,,,,2.9628501385450363,2.9715226970681797e-06,0.41837918201947616,41.837918201947616,,,,,,,,,stage4_cpt_8k,,,,logs/l20_stage4_hq_crossdedup_train_latest.log,,479,26.276978969573975,,,,251133952,19952.36973805365,,
,,,,,,,train,,,,2.981329560279846,2.9713727884407913e-06,0.4181928132834216,41.819281328342164,,,,,,,,,stage4_cpt_8k,,,,logs/l20_stage4_hq_crossdedup_train_latest.log,,480,26.288689374923706,,,,251658240,19943.481872478154,,
,,,,,,,train,,,,2.9275288432836533,2.971222490757933e-06,0.41812346021888097,41.8123460218881,,,,,,,,,stage4_cpt_8k,,,,logs/l20_stage4_hq_crossdedup_train_latest.log,,481,26.293049812316895,,,,252182528,19940.174446952096,,
,,,,,,,train,,,,2.9524308890104294,2.9710718040665192e-06,0.4179817692274464,41.79817692274464,,,,,,,,,stage4_cpt_8k,,,,logs/l20_stage4_hq_crossdedup_train_latest.log,,482,26.301962852478027,,,,252706816,19933.41724876645,,
,,,,,,,train,,,,2.9125948697328568,2.970920728413588e-06,0.41757247272604225,41.757247272604225,,,,,,,,,stage4_cpt_8k,,,,logs/l20_stage4_hq_crossdedup_train_latest.log,,483,26.327743530273438,,,,253231104,19913.898029169795,,
,,,,,,,train,,,,2.9374224692583084,2.970769263846298e-06,0.41801863435838965,41.80186343583897,,,,,,,,,stage4_cpt_8k,,,,logs/l20_stage4_hq_crossdedup_train_latest.log,,484,26.29964327812195,,,,253755392,19935.175335102085,,
,,,,,,,train,,,,2.965227872133255,2.970617410411928e-06,0.4180058602275405,41.80058602275405,,,,,,,,,stage4_cpt_8k,,,,logs/l20_stage4_hq_crossdedup_train_latest.log,,485,26.3004469871521,,,,254279680,19934.566140876515,,
,,,,,,,train,,,,2.931425929069519,2.9704651681578798e-06,0.4178603940527836,41.78603940527836,,,,,,,,,stage4_cpt_8k,,,,logs/l20_stage4_hq_crossdedup_train_latest.log,,486,26.309602737426758,,,,254803968,19927.628905402416,,
,,,,,,,train,,,,2.970852717757225,2.970312537131675e-06,0.4182135565519966,41.82135565519966,,,,,,,,,stage4_cpt_8k,,,,logs/l20_stage4_hq_crossdedup_train_latest.log,,487,26.2873854637146,,,,255328256,19944.471112339914,,
,,,,,,,train,,,,2.9280926883220673,2.970159517380958e-06,0.41805055225591736,41.80505522559174,,,,,,,,,stage4_cpt_8k,,,,logs/l20_stage4_hq_crossdedup_train_latest.log,,488,26.297635316848755,,,,255852544,19936.697489454175,,
,,,,,,,train,,,,2.8861756771802902,2.9700061089534936e-06,0.41824523108169187,41.82452310816919,,,,,,,,,stage4_cpt_8k,,,,logs/l20_stage4_hq_crossdedup_train_latest.log,,489,26.2853946685791,,,,256376832,19945.981660557703,,
,,,,,,,train,,,,2.972986400127411,2.9698523118971685e-06,0.41831253736481394,41.83125373648139,,,,,,,,,stage4_cpt_8k,,,,logs/l20_stage4_hq_crossdedup_train_latest.log,,490,26.28116536140442,,,,256901120,19949.19147573078,,
,,,,,,,train,,,,2.9310488402843475,2.9696981262599903e-06,0.41802750205752565,41.80275020575257,,,,,,,,,stage4_cpt_8k,,,,logs/l20_stage4_hq_crossdedup_train_latest.log,,491,26.29908537864685,,,,257425408,19935.598232845306,,
,,,,,,,train,,,,2.911535531282425,2.9695435520900884e-06,0.41791233463414795,41.7912334634148,,,,,,,,,stage4_cpt_8k,,,,logs/l20_stage4_hq_crossdedup_train_latest.log,,492,26.30633282661438,,,,257949696,19930.10593515994,,
,,,,,,,train,,,,2.957874834537506,2.969388589435713e-06,0.4178567248055299,41.78567248055299,,,,,,,,,stage4_cpt_8k,,,,logs/l20_stage4_hq_crossdedup_train_latest.log,,493,26.309833765029907,,,,258473984,19927.453920171283,,
,,,,,,,train,,,,2.8705670833587646,2.9692332383452353e-06,0.41783589575933217,41.78358957593321,,,,,,,,,stage4_cpt_8k,,,,logs/l20_stage4_hq_crossdedup_train_latest.log,,494,26.311145305633545,,,,258998272,19926.46058960206,,
,,,,,,,train,,,,2.949547752737999,2.9690774988671487e-06,0.4180332018371327,41.803320183713275,,,,,,,,,stage4_cpt_8k,,,,logs/l20_stage4_hq_crossdedup_train_latest.log,,495,26.298726797103882,,,,259522560,19935.870053516683,,
,,,,,,,train,,,,3.0086449086666107,2.968921371050067e-06,0.4178909357472206,41.78909357472206,,,,,,,,,stage4_cpt_8k,,,,logs/l20_stage4_hq_crossdedup_train_latest.log,,496,26.307679891586304,,,,260046848,19929.085429068084,,
,,,,,,,train,,,,2.8994379341602325,2.9687648549427265e-06,0.4179579727133535,41.79579727133535,,,,,,,,,stage4_cpt_8k,,,,logs/l20_stage4_hq_crossdedup_train_latest.log,,497,26.303460359573364,,,,260571136,19932.282400599852,,
,,,,,,,train,,,,2.9417924135923386,2.968607950593982e-06,0.41816809776191016,41.816809776191015,,,,,,,,,stage4_cpt_8k,,,,logs/l20_stage4_hq_crossdedup_train_latest.log,,498,26.29024314880371,,,,261095424,19942.303197140904,,
,,,,,,,train,,,,2.954712599515915,2.968450658052812e-06,0.4180016693004167,41.80016693004167,,,,,,,,,stage4_cpt_8k,,,,logs/l20_stage4_hq_crossdedup_train_latest.log,,499,26.300710678100586,,,,261619712,19934.36627689878,,
,,,,,,,train,,,,3.04120634496212,2.968292977368316e-06,0.4178650289835293,41.78650289835293,,,,,,,,,stage4_cpt_8k,,,,logs/l20_stage4_hq_crossdedup_train_latest.log,,500,26.309310913085938,,,,262144000,19927.849943771253,,
,,,,,,,eval,,,,2.9278560876846313,,,,,,,,,18.687523107738294,,,stage4_cpt_8k,,,,logs/l20_stage4_hq_crossdedup_train_latest.log,,500,,,,,,,,
,,,,,,,checkpoint,,,,,,,,,,,runs/l20-edu-135m-stage4-hq-crossdedup-8k/step-000500,,,,,stage4_cpt_8k,,,,logs/l20_stage4_hq_crossdedup_train_latest.log,,500,,,,,,,,
,,,,,,,train,,,,2.9553383588790894,2.9681349085897137e-06,0.31502891330469956,31.502891330469957,,,,,,,,,stage4_cpt_8k,,,,logs/l20_stage4_hq_crossdedup_train_latest.log,,501,34.89756178855896,,,,262668288,15023.628389186946,,
,,,,,,,train,,,,2.9297337979078293,2.967976451766345e-06,0.41883705640320534,41.883705640320535,,,,,,,,,stage4_cpt_8k,,,,logs/l20_stage4_hq_crossdedup_train_latest.log,,502,26.248252868652344,,,,263192576,19974.20562136326,,
,,,,,,,train,,,,2.9296963959932327,2.9678176069476743e-06,0.4180354605693935,41.80354605693935,,,,,,,,,stage4_cpt_8k,,,,logs/l20_stage4_hq_crossdedup_train_latest.log,,503,26.298584699630737,,,,263716864,19935.97777173772,,
,,,,,,,train,,,,2.955457702279091,2.967658374183284e-06,0.4180128440296897,41.80128440296897,,,,,,,,,stage4_cpt_8k,,,,logs/l20_stage4_hq_crossdedup_train_latest.log,,504,26.300007581710815,,,,264241152,19934.89919617335,,
,,,,,,,train,,,,2.913863405585289,2.967498753522879e-06,0.41783218150844204,41.783218150844206,,,,,,,,,stage4_cpt_8k,,,,logs/l20_stage4_hq_crossdedup_train_latest.log,,505,26.311379194259644,,,,264765440,19926.28345816186,,
,,,,,,,train,,,,2.989660695195198,2.9673387450162844e-06,0.4182452728117817,41.82452728117817,,,,,,,,,stage4_cpt_8k,,,,logs/l20_stage4_hq_crossdedup_train_latest.log,,506,26.28539204597473,,,,265289728,19945.983650652375,,
,,,,,,,train,,,,2.9437803626060486,2.967178348713447e-06,0.4177030945914922,41.77030945914922,,,,,,,,,stage4_cpt_8k,,,,logs/l20_stage4_hq_crossdedup_train_latest.log,,507,26.319510459899902,,,,265814016,19920.12734426801,,
,,,,,,,train,,,,2.923736959695816,2.9670175646644346e-06,0.4179347357459297,41.79347357459297,,,,,,,,,stage4_cpt_8k,,,,logs/l20_stage4_hq_crossdedup_train_latest.log,,508,26.304922819137573,,,,266338304,19931.174237035422,,
,,,,,,,train,,,,2.9529283940792084,2.966856392919436e-06,0.417941364874908,41.7941364874908,,,,,,,,,stage4_cpt_8k,,,,logs/l20_stage4_hq_crossdedup_train_latest.log,,509,26.304505586624146,,,,266862592,19931.49037808187,,
,,,,,,,train,,,,2.952254831790924,2.9666948335287613e-06,0.4177314259415244,41.77314259415244,,,,,,,,,stage4_cpt_8k,,,,logs/l20_stage4_hq_crossdedup_train_latest.log,,510,26.31772541999817,,,,267386880,19921.478457314053,,
,,,,,,,train,,,,2.8761644065380096,2.9665328865428405e-06,0.41745376896179015,41.74537689617902,,,,,,,,,stage4_cpt_8k,,,,logs/l20_stage4_hq_crossdedup_train_latest.log,,511,26.335229873657227,,,,267911168,19908.237084516135,,
,,,,,,,train,,,,2.9378026723861694,2.9663705520122265e-06,0.4176072233582763,41.76072233582763,,,,,,,,,stage4_cpt_8k,,,,logs/l20_stage4_hq_crossdedup_train_latest.log,,512,26.325552701950073,,,,268435456,19915.55527573646,,
,,,,,,,train,,,,2.947303920984268,2.9662078299875913e-06,0.4178885535996188,41.78885535996188,,,,,,,,,stage4_cpt_8k,,,,logs/l20_stage4_hq_crossdedup_train_latest.log,,513,26.30782985687256,,,,268959744,19928.9718252088,,
,,,,,,,train,,,,2.8924630880355835,2.9660447205197285e-06,0.4188980572332439,41.88980572332439,,,,,,,,,stage4_cpt_8k,,,,logs/l20_stage4_hq_crossdedup_train_latest.log,,514,26.244430541992188,,,,269484032,19977.114731490066,,
,,,,,,,train,,,,2.9616694897413254,2.9658812236595532e-06,0.4187883620954687,41.87883620954687,,,,,,,,,stage4_cpt_8k,,,,logs/l20_stage4_hq_crossdedup_train_latest.log,,515,26.251304864883423,,,,270008320,19971.883405359564,,
,,,,,,,train,,,,2.9625292271375656,2.9657173394581006e-06,0.4177473964206959,41.77473964206959,,,,,,,,,stage4_cpt_8k,,,,logs/l20_stage4_hq_crossdedup_train_latest.log,,516,26.31671929359436,,,,270532608,19922.240084371562,,
,,,,,,,train,,,,2.94988976418972,2.9655530679665274e-06,0.4174320202233889,41.743202022338885,,,,,,,,,stage4_cpt_8k,,,,logs/l20_stage4_hq_crossdedup_train_latest.log,,517,26.336601972579956,,,,271056896,19907.19989411908,,
,,,,,,,train,,,,2.886909633874893,2.965388409236111e-06,0.4178904434092417,41.78904434092417,,,,,,,,,stage4_cpt_8k,,,,logs/l20_stage4_hq_crossdedup_train_latest.log,,518,26.307710886001587,,,,271581184,19929.061949626914,,
,,,,,,,train,,,,2.9434744566679,2.9652233633182495e-06,0.41787164075386735,41.787164075386734,,,,,,,,,stage4_cpt_8k,,,,logs/l20_stage4_hq_crossdedup_train_latest.log,,519,26.308894634246826,,,,272105472,19928.165256989687,,
,,,,,,,train,,,,2.9693110585212708,2.965057930264462e-06,0.4177836675680347,41.77836675680347,,,,,,,,,stage4_cpt_8k,,,,logs/l20_stage4_hq_crossdedup_train_latest.log,,520,26.31443452835083,,,,272629760,19923.969843818566,,
,,,,,,,train,,,,2.9181412756443024,2.9648921101263885e-06,0.4178959765974247,41.78959765974247,,,,,,,,,stage4_cpt_8k,,,,logs/l20_stage4_hq_crossdedup_train_latest.log,,521,26.30736255645752,,,,273154048,19929.325825606415,,
,,,,,,,train,,,,2.943492367863655,2.9647259029557898e-06,0.41820663810755104,41.82066381075511,,,,,,,,,stage4_cpt_8k,,,,logs/l20_stage4_hq_crossdedup_train_latest.log,,522,26.28782033920288,,,,273678336,19944.141173931115,,
,,,,,,,train,,,,2.902234062552452,2.964559308804548e-06,0.41780088371113167,41.780088371113166,,,,,,,,,stage4_cpt_8k,,,,logs/l20_stage4_hq_crossdedup_train_latest.log,,523,26.313350200653076,,,,274202624,19924.790876191342,,
,,,,,,,train,,,,2.9465809166431427,2.9643923277246644e-06,0.41779693538054596,41.779693538054595,,,,,,,,,stage4_cpt_8k,,,,logs/l20_stage4_hq_crossdedup_train_latest.log,,524,26.31359887123108,,,,274726912,19924.602581565126,,
,,,,,,,train,,,,2.9264237880706787,2.964224959768263e-06,0.41782858847842036,41.782858847842036,,,,,,,,,stage4_cpt_8k,,,,logs/l20_stage4_hq_crossdedup_train_latest.log,,525,26.31160545349121,,,,275251200,19926.112107706213,,
,,,,,,,train,,,,2.9307255297899246,2.9640572049875874e-06,0.4179080054435571,41.79080054435571,,,,,,,,,stage4_cpt_8k,,,,logs/l20_stage4_hq_crossdedup_train_latest.log,,526,26.306605339050293,,,,275775488,19929.89947744157,,
,,,,,,,train,,,,2.9435034096240997,2.9638890634350026e-06,0.41796879655202546,41.796879655202545,,,,,,,,,stage4_cpt_8k,,,,logs/l20_stage4_hq_crossdedup_train_latest.log,,527,26.30277919769287,,,,276299776,19932.798586013585,,
,,,,,,,train,,,,2.940737619996071,2.963720535162993e-06,0.41779916884697366,41.779916884697364,,,,,,,,,stage4_cpt_8k,,,,logs/l20_stage4_hq_crossdedup_train_latest.log,,528,26.31345820426941,,,,276824064,19924.709094866645,,
,,,,,,,train,,,,2.9400832802057266,2.9635516202241666e-06,0.41774830094645754,41.77483009464575,,,,,,,,,stage4_cpt_8k,,,,logs/l20_stage4_hq_crossdedup_train_latest.log,,529,26.316662311553955,,,,277348352,19922.283220916615,,
,,,,,,,train,,,,2.978139951825142,2.9633823186712485e-06,0.4176998481028086,41.76998481028086,,,,,,,,,stage4_cpt_8k,,,,logs/l20_stage4_hq_crossdedup_train_latest.log,,530,26.31971502304077,,,,277872640,19919.972520258234,,
,,,,,,,train,,,,2.9610978066921234,2.9632126305570874e-06,0.41773450262370787,41.77345026237079,,,,,,,,,stage4_cpt_8k,,,,logs/l20_stage4_hq_crossdedup_train_latest.log,,531,26.31753158569336,,,,278396928,19921.625183306,,
,,,,,,,train,,,,2.888450935482979,2.96304255593465e-06,0.417975817003322,41.797581700332195,,,,,,,,,stage4_cpt_8k,,,,logs/l20_stage4_hq_crossdedup_train_latest.log,,532,26.302337408065796,,,,278921216,19933.13338909657,,
,,,,,,,train,,,,3.0162352919578552,2.9628720948570273e-06,0.4179202887614058,41.79202887614058,,,,,,,,,stage4_cpt_8k,,,,logs/l20_stage4_hq_crossdedup_train_latest.log,,533,26.305832147598267,,,,279445504,19930.4852649517,,
,,,,,,,train,,,,2.9241453111171722,2.9627012473774264e-06,0.4183829439631431,41.83829439631431,,,,,,,,,stage4_cpt_8k,,,,logs/l20_stage4_hq_crossdedup_train_latest.log,,534,26.276742696762085,,,,279969792,19952.549143947155,,
,,,,,,,train,,,,2.94102481007576,2.9625300135491793e-06,0.41853997718090435,41.85399771809043,,,,,,,,,stage4_cpt_8k,,,,logs/l20_stage4_hq_crossdedup_train_latest.log,,535,26.266883850097656,,,,280494080,19960.03800801254,,
,,,,,,,train,,,,2.937638282775879,2.9623583934257352e-06,0.4184023697276462,41.84023697276462,,,,,,,,,stage4_cpt_8k,,,,logs/l20_stage4_hq_crossdedup_train_latest.log,,536,26.275522708892822,,,,281018368,19953.475552459982,,
,,,,,,,train,,,,2.9112081229686737,2.9621863870606667e-06,0.4181708850805798,41.81708850805798,,,,,,,,,stage4_cpt_8k,,,,logs/l20_stage4_hq_crossdedup_train_latest.log,,537,26.29006791114807,,,,281542656,19942.436123479176,,
,,,,,,,train,,,,2.94641350209713,2.9620139945076645e-06,0.4177866882398474,41.77866882398474,,,,,,,,,stage4_cpt_8k,,,,logs/l20_stage4_hq_crossdedup_train_latest.log,,538,26.314244270324707,,,,282066944,19924.11389869379,,
,,,,,,,train,,,,2.8919528126716614,2.961841215820541e-06,0.41778652925603144,41.77865292560314,,,,,,,,,stage4_cpt_8k,,,,logs/l20_stage4_hq_crossdedup_train_latest.log,,539,26.31425428390503,,,,282591232,19924.106316806323,,
,,,,,,,train,,,,2.9942466616630554,2.96166805105323e-06,0.41772954135415635,41.77295413541564,,,,,,,,,stage4_cpt_8k,,,,logs/l20_stage4_hq_crossdedup_train_latest.log,,540,26.31784415245056,,,,283115520,19921.38858194361,,
,,,,,,,train,,,,2.901645541191101,2.9614945002597845e-06,0.4178926324285276,41.78926324285276,,,,,,,,,stage4_cpt_8k,,,,logs/l20_stage4_hq_crossdedup_train_latest.log,,541,26.307573080062866,,,,283639808,19929.166343258414,,
,,,,,,,train,,,,2.948584869503975,2.961320563494378e-06,0.41828451795683635,41.828451795683634,,,,,,,,,stage4_cpt_8k,,,,logs/l20_stage4_hq_crossdedup_train_latest.log,,542,26.282925844192505,,,,284164096,19947.855239101817,,
,,,,,,,train,,,,2.9535682052373886,2.961146240811305e-06,0.41847903121494384,41.84790312149438,,,,,,,,,stage4_cpt_8k,,,,logs/l20_stage4_hq_crossdedup_train_latest.log,,543,26.27070927619934,,,,284688384,19957.131514336117,,
,,,,,,,train,,,,2.9607979208230972,2.9609715322649805e-06,0.4184019862819723,41.84019862819723,,,,,,,,,stage4_cpt_8k,,,,logs/l20_stage4_hq_crossdedup_train_latest.log,,544,26.27554678916931,,,,285212672,19953.4572660581,,
,,,,,,,train,,,,2.9722822457551956,2.9607964379099406e-06,0.41780956424391813,41.78095642439181,,,,,,,,,stage4_cpt_8k,,,,logs/l20_stage4_hq_crossdedup_train_latest.log,,545,26.312803506851196,,,,285736960,19925.204848031055,,
,,,,,,,train,,,,2.898720219731331,2.9606209578008393e-06,0.4175891458030976,41.75891458030976,,,,,,,,,stage4_cpt_8k,,,,logs/l20_stage4_hq_crossdedup_train_latest.log,,546,26.32669234275818,,,,286261248,19914.693162896274,,
,,,,,,,train,,,,2.9762928783893585,2.9604450919924535e-06,0.41782657807446333,41.782657807446334,,,,,,,,,stage4_cpt_8k,,,,logs/l20_stage4_hq_crossdedup_train_latest.log,,547,26.311732053756714,,,,286785536,19926.01623218277,,
,,,,,,,train,,,,2.9578254520893097,2.960268840539681e-06,0.41804322230522345,41.804322230522345,,,,,,,,,stage4_cpt_8k,,,,logs/l20_stage4_hq_crossdedup_train_latest.log,,548,26.298096418380737,,,,287309824,19936.34792644365,,
,,,,,,,train,,,,2.9247836470603943,2.960092203497537e-06,0.41817310737759755,41.817310737759755,,,,,,,,,stage4_cpt_8k,,,,logs/l20_stage4_hq_crossdedup_train_latest.log,,549,26.289928197860718,,,,287834112,19942.542104115095,,
,,,,,,,train,,,,2.9668039828538895,2.95991518092116e-06,0.4179099976933533,41.79099976933533,,,,,,,,,stage4_cpt_8k,,,,logs/l20_stage4_hq_crossdedup_train_latest.log,,550,26.306479930877686,,,,288358400,19929.99448719887,,
,,,,,,,train,,,,2.942952588200569,2.9597377728658066e-06,0.4182288811145811,41.82288811145811,,,,,,,,,stage4_cpt_8k,,,,logs/l20_stage4_hq_crossdedup_train_latest.log,,551,26.28642225265503,,,,288882688,19945.201935841418,,
,,,,,,,train,,,,2.929443135857582,2.9595599793868554e-06,0.41928418358046227,41.92841835804623,,,,,,,,,stage4_cpt_8k,,,,logs/l20_stage4_hq_crossdedup_train_latest.log,,552,26.220261573791504,,,,289406976,19995.5289738243,,
,,,,,,,train,,,,2.9385082870721817,2.9593818005398044e-06,0.4184592527561066,41.84592527561066,,,,,,,,,stage4_cpt_8k,,,,logs/l20_stage4_hq_crossdedup_train_latest.log,,553,26.2719509601593,,,,289931264,19956.188285943,,
,,,,,,,train,,,,2.9490887820720673,2.9592032363802728e-06,0.41762541973332257,41.762541973332254,,,,,,,,,stage4_cpt_8k,,,,logs/l20_stage4_hq_crossdedup_train_latest.log,,554,26.324405670166016,,,,290455552,19916.42305505823,,
,,,,,,,train,,,,2.934621214866638,2.959024286963998e-06,0.41787606765175117,41.78760676517512,,,,,,,,,stage4_cpt_8k,,,,logs/l20_stage4_hq_crossdedup_train_latest.log,,555,26.308615922927856,,,,290979840,19928.376374337695,,
,,,,,,,train,,,,2.9577015191316605,2.9588449523468405e-06,0.41823808018473313,41.823808018473315,,,,,,,,,stage4_cpt_8k,,,,logs/l20_stage4_hq_crossdedup_train_latest.log,,556,26.285844087600708,,,,291504128,19945.640636562697,,
,,,,,,,train,,,,2.924589589238167,2.9586652325847787e-06,0.4186165674948732,41.86165674948732,,,,,,,,,stage4_cpt_8k,,,,logs/l20_stage4_hq_crossdedup_train_latest.log,,557,26.262078046798706,,,,292028416,19963.690575655328,,
,,,,,,,train,,,,3.000904828310013,2.958485127733913e-06,0.4190473772220314,41.90473772220314,,,,,,,,,stage4_cpt_8k,,,,logs/l20_stage4_hq_crossdedup_train_latest.log,,558,26.235078811645508,,,,292552704,19984.235754126013,,
,,,,,,,train,,,,2.898429214954376,2.9583046378504625e-06,0.4187081387591768,41.870813875917676,,,,,,,,,stage4_cpt_8k,,,,logs/l20_stage4_hq_crossdedup_train_latest.log,,559,26.25633454322815,,,,293076992,19968.05758004103,,
,,,,,,,train,,,,2.9453045278787613,2.9581237629907674e-06,0.4176774229794542,41.76774229794542,,,,,,,,,stage4_cpt_8k,,,,logs/l20_stage4_hq_crossdedup_train_latest.log,,560,26.321128129959106,,,,293601280,19918.903073278514,,
,,,,,,,train,,,,2.9729699045419693,2.957942503211288e-06,0.4175753466475286,41.75753466475286,,,,,,,,,stage4_cpt_8k,,,,logs/l20_stage4_hq_crossdedup_train_latest.log,,561,26.32756233215332,,,,294125568,19914.035085568772,,
,,,,,,,train,,,,2.9099997133016586,2.957760858568604e-06,0.41803037845613156,41.803037845613154,,,,,,,,,stage4_cpt_8k,,,,logs/l20_stage4_hq_crossdedup_train_latest.log,,562,26.298904418945312,,,,294649856,19935.735407377324,,
,,,,,,,train,,,,2.9161943793296814,2.957578829119416e-06,0.4182740419998757,41.82740419998757,,,,,,,,,stage4_cpt_8k,,,,logs/l20_stage4_hq_crossdedup_train_latest.log,,563,26.283584117889404,,,,295174144,19947.35564405593,,
,,,,,,,train,,,,2.9252375662326813,2.957396414920545e-06,0.41929832848810766,41.92983284881077,,,,,,,,,stage4_cpt_8k,,,,logs/l20_stage4_hq_crossdedup_train_latest.log,,564,26.219377040863037,,,,295698432,19996.203539958038,,
,,,,,,,train,,,,2.909230589866638,2.9572136160289313e-06,0.41938332096659925,41.93833209665993,,,,,,,,,stage4_cpt_8k,,,,logs/l20_stage4_hq_crossdedup_train_latest.log,,565,26.2140634059906,,,,296222720,20000.256804146833,,
,,,,,,,train,,,,2.9377693086862564,2.9570304325016354e-06,0.41921917122005387,41.92191712200539,,,,,,,,,stage4_cpt_8k,,,,logs/l20_stage4_hq_crossdedup_train_latest.log,,566,26.22432780265808,,,,296747008,19992.428555093735,,
,,,,,,,train,,,,2.903693750500679,2.9568468643958384e-06,0.41857217992268775,41.85721799226877,,,,,,,,,stage4_cpt_8k,,,,logs/l20_stage4_hq_crossdedup_train_latest.log,,567,26.26486301422119,,,,297271296,19961.573746496324,,
,,,,,,,train,,,,2.9354484230279922,2.9566629117688415e-06,0.4178932914111428,41.78932914111428,,,,,,,,,stage4_cpt_8k,,,,logs/l20_stage4_hq_crossdedup_train_latest.log,,568,26.307531595230103,,,,297795584,19929.197769929135,,
,,,,,,,train,,,,2.975064069032669,2.9564785746780643e-06,0.4179977815896331,41.799778158963306,,,,,,,,,stage4_cpt_8k,,,,logs/l20_stage4_hq_crossdedup_train_latest.log,,569,26.300955295562744,,,,298319872,19934.180873211593,,
,,,,,,,train,,,,2.959827333688736,2.9562938531810486e-06,0.4180987756400136,41.809877564001354,,,,,,,,,stage4_cpt_8k,,,,logs/l20_stage4_hq_crossdedup_train_latest.log,,570,26.294602155685425,,,,298844160,19938.997247259675,,
,,,,,,,train,,,,2.972898095846176,2.9561087473354547e-06,0.41831961490822295,41.831961490822295,,,,,,,,,stage4_cpt_8k,,,,logs/l20_stage4_hq_crossdedup_train_latest.log,,571,26.280720710754395,,,,299368448,19949.529001518396,,
,,,,,,,train,,,,2.88015653192997,2.955923257199064e-06,0.41791050144013175,41.79105014401318,,,,,,,,,stage4_cpt_8k,,,,logs/l20_stage4_hq_crossdedup_train_latest.log,,572,26.306448221206665,,,,299892736,19930.01851072205,,
,,,,,,,train,,,,2.953140914440155,2.955737382829777e-06,0.41788317966526417,41.788317966526414,,,,,,,,,stage4_cpt_8k,,,,logs/l20_stage4_hq_crossdedup_train_latest.log,,573,26.308168172836304,,,,300417024,19928.715543993578,,
,,,,,,,train,,,,2.9245003759860992,2.9555511242856147e-06,0.417820864998204,41.782086499820394,,,,,,,,,stage4_cpt_8k,,,,logs/l20_stage4_hq_crossdedup_train_latest.log,,574,26.312091827392578,,,,300941312,19925.74377739829,,
,,,,,,,train,,,,2.8942341208457947,2.955364481624717e-06,0.4176020684481916,41.76020684481916,,,,,,,,,stage4_cpt_8k,,,,logs/l20_stage4_hq_crossdedup_train_latest.log,,575,26.32587766647339,,,,301465600,19915.309439718807,,
,,,,,,,train,,,,2.9941950291395187,2.9551774549053455e-06,0.4178067855256152,41.78067855256152,,,,,,,,,stage4_cpt_8k,,,,logs/l20_stage4_hq_crossdedup_train_latest.log,,576,26.312978506088257,,,,301989888,19925.07233184153,,
,,,,,,,train,,,,2.9208556562662125,2.95499004418588e-06,0.41794353548684116,41.794353548684114,,,,,,,,,stage4_cpt_8k,,,,logs/l20_stage4_hq_crossdedup_train_latest.log,,577,26.30436897277832,,,,302514176,19931.593893872592,,
,,,,,,,train,,,,2.9519314020872116,2.9548022495248204e-06,0.41771178619712973,41.77117861971297,,,,,,,,,stage4_cpt_8k,,,,logs/l20_stage4_hq_crossdedup_train_latest.log,,578,26.318962812423706,,,,303038464,19920.54184416846,,
,,,,,,,train,,,,2.928642600774765,2.954614070980787e-06,0.41773125564678626,41.77312556467862,,,,,,,,,stage4_cpt_8k,,,,logs/l20_stage4_hq_crossdedup_train_latest.log,,579,26.31773614883423,,,,303562752,19921.470336012313,,
,,,,,,,train,,,,2.9198182076215744,2.9544255086125207e-06,0.41773922558933874,41.773922558933876,,,,,,,,,stage4_cpt_8k,,,,logs/l20_stage4_hq_crossdedup_train_latest.log,,580,26.31723403930664,,,,304087040,19921.850420030427,,
,,,,,,,train,,,,3.007946088910103,2.95423656247888e-06,0.4178541688664191,41.785416886641904,,,,,,,,,stage4_cpt_8k,,,,logs/l20_stage4_hq_crossdedup_train_latest.log,,581,26.3099946975708,,,,304611328,19927.33202825037,,
,,,,,,,train,,,,2.9623467326164246,2.9540472326388456e-06,0.41791619045421596,41.7916190454216,,,,,,,,,stage4_cpt_8k,,,,logs/l20_stage4_hq_crossdedup_train_latest.log,,582,26.306090116500854,,,,305135616,19930.289817989073,,
,,,,,,,train,,,,2.9104785323143005,2.953857519151516e-06,0.4176432280724985,41.76432280724985,,,,,,,,,stage4_cpt_8k,,,,logs/l20_stage4_hq_crossdedup_train_latest.log,,583,26.323283195495605,,,,305659904,19917.272329073116,,
,,,,,,,train,,,,2.9587167352437973,2.9536674220761105e-06,0.4173964788577907,41.73964788577907,,,,,,,,,stage4_cpt_8k,,,,logs/l20_stage4_hq_crossdedup_train_latest.log,,584,26.338844537734985,,,,306184192,19905.504937730508,,
,,,,,,,train,,,,2.945419654250145,2.9534769414719687e-06,0.4175916947192317,41.759169471923165,,,,,,,,,stage4_cpt_8k,,,,logs/l20_stage4_hq_crossdedup_train_latest.log,,585,26.326531648635864,,,,306708480,19914.814719893668,,
,,,,,,,train,,,,2.918903097510338,2.9532860773985476e-06,0.417728186580972,41.7728186580972,,,,,,,,,stage4_cpt_8k,,,,logs/l20_stage4_hq_crossdedup_train_latest.log,,586,26.31792950630188,,,,307232768,19921.323973242583,,
,,,,,,,train,,,,2.928896591067314,2.953094829915427e-06,0.41805228813503914,41.805228813503916,,,,,,,,,stage4_cpt_8k,,,,logs/l20_stage4_hq_crossdedup_train_latest.log,,587,26.297526121139526,,,,307757056,19936.78027297579,,
,,,,,,,train,,,,2.9534305781126022,2.9529031990823032e-06,0.4175527420542904,41.75527420542904,,,,,,,,,stage4_cpt_8k,,,,logs/l20_stage4_hq_crossdedup_train_latest.log,,588,26.32898759841919,,,,308281344,19912.95707972754,,
,,,,,,,train,,,,2.9771697521209717,2.9527111849589955e-06,0.4176089517755465,41.76089517755465,,,,,,,,,stage4_cpt_8k,,,,logs/l20_stage4_hq_crossdedup_train_latest.log,,589,26.325443744659424,,,,308805632,19915.63770340475,,
,,,,,,,train,,,,2.944055810570717,2.95251878760544e-06,0.41788112707847247,41.78811270784725,,,,,,,,,stage4_cpt_8k,,,,logs/l20_stage4_hq_crossdedup_train_latest.log,,590,26.308297395706177,,,,309329920,19928.617656784205,,
,,,,,,,train,,,,2.9654480665922165,2.9523260070816943e-06,0.41782127009521786,41.78212700952179,,,,,,,,,stage4_cpt_8k,,,,logs/l20_stage4_hq_crossdedup_train_latest.log,,591,26.312066316604614,,,,309854208,19925.763096345665,,
,,,,,,,train,,,,2.933219328522682,2.9521328434479346e-06,0.41801307139559185,41.801307139559185,,,,,,,,,stage4_cpt_8k,,,,logs/l20_stage4_hq_crossdedup_train_latest.log,,592,26.29999327659607,,,,310378496,19934.910039180704,,
,,,,,,,train,,,,2.929634749889374,2.951939296764457e-06,0.41774060692559356,41.77406069255936,,,,,,,,,stage4_cpt_8k,,,,logs/l20_stage4_hq_crossdedup_train_latest.log,,593,26.31714701652527,,,,310902784,19921.91629551581,,
,,,,,,,train,,,,2.9644865840673447,2.9517453670916765e-06,0.4178735947879053,41.787359478790535,,,,,,,,,stage4_cpt_8k,,,,logs/l20_stage4_hq_crossdedup_train_latest.log,,594,26.30877161026001,,,,311427072,19928.25844424967,,
,,,,,,,train,,,,2.9133044481277466,2.9515510544901288e-06,0.4176545311792664,41.76545311792664,,,,,,,,,stage4_cpt_8k,,,,logs/l20_stage4_hq_crossdedup_train_latest.log,,595,26.32257080078125,,,,311951360,19917.811370629468,,
,,,,,,,train,,,,2.92704139649868,2.9513563590204694e-06,0.41749206812217915,41.74920681221791,,,,,,,,,stage4_cpt_8k,,,,logs/l20_stage4_hq_crossdedup_train_latest.log,,596,26.33281397819519,,,,312475648,19910.06355925862,,
,,,,,,,train,,,,2.944476366043091,2.951161280743471e-06,0.4177158426558172,41.771584265581716,,,,,,,,,stage4_cpt_8k,,,,logs/l20_stage4_hq_crossdedup_train_latest.log,,597,26.31870722770691,,,,312999936,19920.735295389357,,
,,,,,,,train,,,,2.96800734102726,2.950965819720028e-06,0.41747114312699257,41.74711431269926,,,,,,,,,stage4_cpt_8k,,,,logs/l20_stage4_hq_crossdedup_train_latest.log,,598,26.334133863449097,,,,313524224,19909.065652912715,,
,,,,,,,train,,,,2.9306747764348984,2.9507699760111543e-06,0.4175945008320282,41.75945008320282,,,,,,,,,stage4_cpt_8k,,,,logs/l20_stage4_hq_crossdedup_train_latest.log,,599,26.32635474205017,,,,314048512,19914.948542517854,,
,,,,,,,train,,,,2.961699366569519,2.9505737496779814e-06,0.4176150940130725,41.76150940130725,,,,,,,,,stage4_cpt_8k,,,,logs/l20_stage4_hq_crossdedup_train_latest.log,,600,26.325056552886963,,,,314572800,19915.93062475315,,
,,,,,,,train,,,,3.0108223408460617,2.9503771407817617e-06,0.41798724799986514,41.798724799986516,,,,,,,,,stage4_cpt_8k,,,,logs/l20_stage4_hq_crossdedup_train_latest.log,,601,26.301618099212646,,,,315097088,19933.67852967551,,
,,,,,,,train,,,,2.917592093348503,2.950180149383867e-06,0.41762832842581693,41.762832842581695,,,,,,,,,stage4_cpt_8k,,,,logs/l20_stage4_hq_crossdedup_train_latest.log,,602,26.324222326278687,,,,315621376,19916.561769675485,,
,,,,,,,train,,,,2.894458368420601,2.949982775545788e-06,0.41772651394016824,41.772651394016826,,,,,,,,,stage4_cpt_8k,,,,logs/l20_stage4_hq_crossdedup_train_latest.log,,603,26.318034887313843,,,,316145664,19921.244205536183,,
,,,,,,,train,,,,2.9374392926692963,2.9497850193291355e-06,0.4181843936737904,41.81843936737904,,,,,,,,,stage4_cpt_8k,,,,logs/l20_stage4_hq_crossdedup_train_latest.log,,604,26.28921866416931,,,,316669952,19943.080343980488,,
,,,,,,,train,,,,2.938255935907364,2.9495868807956383e-06,0.4179249628993262,41.792496289932615,,,,,,,,,stage4_cpt_8k,,,,logs/l20_stage4_hq_crossdedup_train_latest.log,,605,26.305537939071655,,,,317194240,19930.70817309819,,
,,,,,,,train,,,,2.944681242108345,2.949388360007146e-06,0.41748200224218707,41.74820022421871,,,,,,,,,stage4_cpt_8k,,,,logs/l20_stage4_hq_crossdedup_train_latest.log,,606,26.333448886871338,,,,317718528,19909.583520652555,,
,,,,,,,train,,,,2.946855768561363,2.9491894570256264e-06,0.4172322344221642,41.72322344221642,,,,,,,,,stage4_cpt_8k,,,,logs/l20_stage4_hq_crossdedup_train_latest.log,,607,26.349212884902954,,,,318242816,19897.67217298533,,
,,,,,,,train,,,,2.9635620415210724,2.9489901719131677e-06,0.4179088424891615,41.79088424891615,,,,,,,,,stage4_cpt_8k,,,,logs/l20_stage4_hq_crossdedup_train_latest.log,,608,26.30655264854431,,,,318767104,19929.939395879443,,
,,,,,,,train,,,,2.8622535169124603,2.948790504731976e-06,0.41820556470713255,41.82055647071326,,,,,,,,,stage4_cpt_8k,,,,logs/l20_stage4_hq_crossdedup_train_latest.log,,609,26.287887811660767,,,,319291392,19944.089983807546,,
,,,,,,,train,,,,2.90731418132782,2.9485904555443777e-06,0.41812562134826026,41.812562134826024,,,,,,,,,stage4_cpt_8k,,,,logs/l20_stage4_hq_crossdedup_train_latest.log,,610,26.292913913726807,,,,319815680,19940.27751052285,,
,,,,,,,train,,,,2.9324545860290527,2.948390024412819e-06,0.4177954703909595,41.77954703909595,,,,,,,,,stage4_cpt_8k,,,,logs/l20_stage4_hq_crossdedup_train_latest.log,,611,26.31369113922119,,,,320339968,19924.53271667904,,
,,,,,,,train,,,,2.933081775903702,2.948189211399864e-06,0.4179539721644411,41.79539721644411,,,,,,,,,stage4_cpt_8k,,,,logs/l20_stage4_hq_crossdedup_train_latest.log,,612,26.303712129592896,,,,320864256,19932.091615698293,,
,,,,,,,train,,,,2.916843295097351,2.9479880165681953e-06,0.41805500189634964,41.80550018963496,,,,,,,,,stage4_cpt_8k,,,,logs/l20_stage4_hq_crossdedup_train_latest.log,,613,26.29735541343689,,,,321388544,19936.909691387064,,
,,,,,,,train,,,,2.895404130220413,2.9477864399806177e-06,0.4178633628201165,41.786336282011646,,,,,,,,,stage4_cpt_8k,,,,logs/l20_stage4_hq_crossdedup_train_latest.log,,614,26.309415817260742,,,,321912832,19927.770484969562,,
,,,,,,,train,,,,2.9088586270809174,2.9475844817000527e-06,0.41784605444027917,41.78460544402792,,,,,,,,,stage4_cpt_8k,,,,logs/l20_stage4_hq_crossdedup_train_latest.log,,615,26.310505628585815,,,,322437120,19926.945053856056,,
,,,,,,,train,,,,2.910059005022049,2.9473821417895413e-06,0.41858627683022004,41.85862768302201,,,,,,,,,stage4_cpt_8k,,,,logs/l20_stage4_hq_crossdedup_train_latest.log,,616,26.263978481292725,,,,322961408,19962.24602351998,,
,,,,,,,train,,,,2.961343675851822,2.9471794203122445e-06,0.41830860971617323,41.83086097161733,,,,,,,,,stage4_cpt_8k,,,,logs/l20_stage4_hq_crossdedup_train_latest.log,,617,26.28141212463379,,,,323485696,19949.004167419924,,
,,,,,,,train,,,,2.9291727393865585,2.9469763173314413e-06,0.4182460353357982,41.82460353357982,,,,,,,,,stage4_cpt_8k,,,,logs/l20_stage4_hq_crossdedup_train_latest.log,,618,26.285344123840332,,,,324009984,19946.020015179496,,
,,,,,,,train,,,,2.915660262107849,2.9467728329105304e-06,0.41787272001459413,41.787272001459414,,,,,,,,,stage4_cpt_8k,,,,logs/l20_stage4_hq_crossdedup_train_latest.log,,619,26.308826684951782,,,,324534272,19928.21672658949,,
,,,,,,,train,,,,2.889472618699074,2.9465689671130303e-06,0.4180692573021866,41.80692573021866,,,,,,,,,stage4_cpt_8k,,,,logs/l20_stage4_hq_crossdedup_train_latest.log,,620,26.29645872116089,,,,325058560,19937.58952714431,,
,,,,,,,train,,,,2.9231731295585632,2.9463647200025765e-06,0.4179577719264027,41.79577719264027,,,,,,,,,stage4_cpt_8k,,,,logs/l20_stage4_hq_crossdedup_train_latest.log,,621,26.303472995758057,,,,325582848,19932.272825134216,,
,,,,,,,train,,,,2.8924778401851654,2.9461600916429256e-06,0.41788736064242477,41.78873606424248,,,,,,,,,stage4_cpt_8k,,,,logs/l20_stage4_hq_crossdedup_train_latest.log,,622,26.307904958724976,,,,326107136,19928.91493346074,,
,,,,,,,train,,,,2.9029139578342438,2.945955082097952e-06,0.4177341733824897,41.77341733824897,,,,,,,,,stage4_cpt_8k,,,,logs/l20_stage4_hq_crossdedup_train_latest.log,,623,26.31755232810974,,,,326631424,19921.609481897325,,
,,,,,,,train,,,,2.9793198853731155,2.9457496914316496e-06,0.41787891545770794,41.7878915457708,,,,,,,,,stage4_cpt_8k,,,,logs/l20_stage4_hq_crossdedup_train_latest.log,,624,26.308436632156372,,,,327155712,19928.512185295396,,
,,,,,,,train,,,,2.8922500610351562,2.9455439197081316e-06,0.4180159362271516,41.80159362271516,,,,,,,,,stage4_cpt_8k,,,,logs/l20_stage4_hq_crossdedup_train_latest.log,,625,26.29981303215027,,,,327680000,19935.04666208398,,
,,,,,,,train,,,,2.9660830348730087,2.9453377669916286e-06,0.4177144841874639,41.77144841874639,,,,,,,,,stage4_cpt_8k,,,,logs/l20_stage4_hq_crossdedup_train_latest.log,,626,26.318792819976807,,,,328204288,19920.6705104669,,
,,,,,,,train,,,,2.876623749732971,2.9451312333464925e-06,0.41759240569842165,41.75924056984216,,,,,,,,,stage4_cpt_8k,,,,logs/l20_stage4_hq_crossdedup_train_latest.log,,627,26.326486825942993,,,,328728576,19914.84862626445,,
,,,,,,,train,,,,2.914780840277672,2.944924318837191e-06,0.41748997779623986,41.748997779623984,,,,,,,,,stage4_cpt_8k,,,,logs/l20_stage4_hq_crossdedup_train_latest.log,,628,26.332945823669434,,,,329252864,19909.963872281332,,
,,,,,,,train,,,,2.8945599496364594,2.9447170235283147e-06,0.4177398727347755,41.773987273477545,,,,,,,,,stage4_cpt_8k,,,,logs/l20_stage4_hq_crossdedup_train_latest.log,,629,26.317193269729614,,,,329777152,19921.881282189883,,
,,,,,,,train,,,,2.9844622164964676,2.9445093474845694e-06,0.41773381765118206,41.77338176511821,,,,,,,,,stage4_cpt_8k,,,,logs/l20_stage4_hq_crossdedup_train_latest.log,,630,26.317574739456177,,,,330301440,19921.59251718473,,
,,,,,,,train,,,,2.928841844201088,2.944301290770782e-06,0.41782905038187423,41.78290503818742,,,,,,,,,stage4_cpt_8k,,,,logs/l20_stage4_hq_crossdedup_train_latest.log,,631,26.31157636642456,,,,330825728,19926.134135734592,,
,,,,,,,train,,,,2.9397196918725967,2.9440928534518964e-06,0.4177631334569101,41.77631334569101,,,,,,,,,stage4_cpt_8k,,,,logs/l20_stage4_hq_crossdedup_train_latest.log,,632,26.315727949142456,,,,331350016,19922.990578608897,,
,,,,,,,train,,,,2.9505176842212677,2.9438840355929774e-06,0.41774810414554003,41.774810414554004,,,,,,,,,stage4_cpt_8k,,,,logs/l20_stage4_hq_crossdedup_train_latest.log,,633,26.31667470932007,,,,331874304,19922.27383554363,,
,,,,,,,train,,,,2.9203085601329803,2.943674837259207e-06,0.4183795046860585,41.83795046860585,,,,,,,,,stage4_cpt_8k,,,,logs/l20_stage4_hq_crossdedup_train_latest.log,,634,26.27695870399475,,,,332398592,19952.38512592004,,
,,,,,,,train,,,,2.9387788474559784,2.9434652585158865e-06,0.41804708054092093,41.804708054092096,,,,,,,,,stage4_cpt_8k,,,,logs/l20_stage4_hq_crossdedup_train_latest.log,,635,26.297853708267212,,,,332922880,19936.531924473384,,
,,,,,,,train,,,,2.906417101621628,2.943255299428436e-06,0.41788546328644266,41.788546328644266,,,,,,,,,stage4_cpt_8k,,,,logs/l20_stage4_hq_crossdedup_train_latest.log,,636,26.308024406433105,,,,333447168,19928.82444915916,,
,,,,,,,train,,,,2.9814692735671997,2.9430449600623946e-06,0.4179823148248994,41.79823148248994,,,,,,,,,stage4_cpt_8k,,,,logs/l20_stage4_hq_crossdedup_train_latest.log,,637,26.301928520202637,,,,333971456,19933.443268134954,,
,,,,,,,train,,,,2.946652501821518,2.942834240483419e-06,0.4175988235297107,41.759882352971076,,,,,,,,,stage4_cpt_8k,,,,logs/l20_stage4_hq_crossdedup_train_latest.log,,638,26.326082229614258,,,,334495744,19915.154690591502,,
,,,,,,,train,,,,2.9421208649873734,2.9426231407572865e-06,0.4180160612802174,41.80160612802174,,,,,,,,,stage4_cpt_8k,,,,logs/l20_stage4_hq_crossdedup_train_latest.log,,639,26.299805164337158,,,,335020032,19935.052625824796,,
,,,,,,,train,,,,2.889121189713478,2.9424116609498906e-06,0.41866450722093973,41.86645072209397,,,,,,,,,stage4_cpt_8k,,,,logs/l20_stage4_hq_crossdedup_train_latest.log,,640,26.259070873260498,,,,335544320,19965.97680589987,,
,,,,,,,train,,,,2.958378493785858,2.942199801127246e-06,0.41821410275472826,41.82141027547283,,,,,,,,,stage4_cpt_8k,,,,logs/l20_stage4_hq_crossdedup_train_latest.log,,641,26.28735113143921,,,,336068608,19944.49716057396,,
,,,,,,,train,,,,2.919793024659157,2.941987561355484e-06,0.41742585313954306,41.74258531395431,,,,,,,,,stage4_cpt_8k,,,,logs/l20_stage4_hq_crossdedup_train_latest.log,,642,26.33699107170105,,,,336592896,19906.905787857617,,
,,,,,,,train,,,,2.9207922518253326,2.9417749417008554e-06,0.4181511167782964,41.81511167782964,,,,,,,,,stage4_cpt_8k,,,,logs/l20_stage4_hq_crossdedup_train_latest.log,,643,26.291310787200928,,,,337117184,19941.49337944887,,
,,,,,,,train,,,,2.978001356124878,2.9415619422297295e-06,0.41930799027547366,41.930799027547366,,,,,,,,,stage4_cpt_8k,,,,logs/l20_stage4_hq_crossdedup_train_latest.log,,644,26.218772888183594,,,,337641472,19996.664307515653,,
,,,,,,,train,,,,2.9397039860486984,2.941348563008594e-06,0.4190237562291338,41.90237562291338,,,,,,,,,stage4_cpt_8k,,,,logs/l20_stage4_hq_crossdedup_train_latest.log,,645,26.236557722091675,,,,338165760,19983.10927650923,,
,,,,,,,train,,,,2.944682329893112,2.941134804104055e-06,0.4181081585453868,41.81081585453868,,,,,,,,,stage4_cpt_8k,,,,logs/l20_stage4_hq_crossdedup_train_latest.log,,646,26.29401206970215,,,,338690048,19939.44471502401,,
,,,,,,,train,,,,2.9838865101337433,2.9409206655828387e-06,0.41747218630322813,41.74721863032281,,,,,,,,,stage4_cpt_8k,,,,logs/l20_stage4_hq_crossdedup_train_latest.log,,647,26.334068059921265,,,,339214336,19909.115401654642,,
,,,,,,,train,,,,2.922049507498741,2.940706147511787e-06,0.4177572745083531,41.77572745083531,,,,,,,,,stage4_cpt_8k,,,,logs/l20_stage4_hq_crossdedup_train_latest.log,,648,26.316097021102905,,,,339738624,19922.71116722107,,
,,,,,,,train,,,,2.972711220383644,2.9404912499578625e-06,0.41786273043884525,41.78627304388453,,,,,,,,,stage4_cpt_8k,,,,logs/l20_stage4_hq_crossdedup_train_latest.log,,649,26.309455633163452,,,,340262912,19927.74032690845,,
,,,,,,,train,,,,2.9724955707788467,2.9402759729881454e-06,0.4175644373002419,41.75644373002419,,,,,,,,,stage4_cpt_8k,,,,logs/l20_stage4_hq_crossdedup_train_latest.log,,650,26.32825016975403,,,,340787200,19913.514822276476,,
,,,,,,,train,,,,2.9691591411828995,2.940060316669834e-06,0.4179605034031582,41.79605034031582,,,,,,,,,stage4_cpt_8k,,,,logs/l20_stage4_hq_crossdedup_train_latest.log,,651,26.303301095962524,,,,341311488,19932.403088389412,,
,,,,,,,train,,,,2.962227836251259,2.939844281070246e-06,0.4180023930440343,41.80023930440343,,,,,,,,,stage4_cpt_8k,,,,logs/l20_stage4_hq_crossdedup_train_latest.log,,652,26.300665140151978,,,,341835776,19934.40079200105,,
,,,,,,,train,,,,2.984531909227371,2.939627866256817e-06,0.41848593588679217,41.848593588679215,,,,,,,,,stage4_cpt_8k,,,,logs/l20_stage4_hq_crossdedup_train_latest.log,,653,26.270275831222534,,,,342360064,19957.460795934145,,
,,,,,,,train,,,,2.935170352458954,2.9394110722971003e-06,0.41810053466575403,41.810053466575404,,,,,,,,,stage4_cpt_8k,,,,logs/l20_stage4_hq_crossdedup_train_latest.log,,654,26.29449152946472,,,,342884352,19939.081134636148,,
,,,,,,,train,,,,2.955070897936821,2.9391938992587683e-06,0.41773294724734555,41.773294724734555,,,,,,,,,stage4_cpt_8k,,,,logs/l20_stage4_hq_crossdedup_train_latest.log,,655,26.31762957572937,,,,343408640,19921.55100790341,,
,,,,,,,train,,,,2.8943769931793213,2.9389763472096127e-06,0.4181802332981505,41.81802332981505,,,,,,,,,stage4_cpt_8k,,,,logs/l20_stage4_hq_crossdedup_train_latest.log,,656,26.289480209350586,,,,343932928,19942.881936993275,,
,,,,,,,train,,,,2.911623179912567,2.9387584162175406e-06,0.4185727460605115,41.85727460605115,,,,,,,,,stage4_cpt_8k,,,,logs/l20_stage4_hq_crossdedup_train_latest.log,,657,26.264827489852905,,,,344457216,19961.60074542855,,
,,,,,,,train,,,,2.9425853341817856,2.938540106350581e-06,0.41808386621668087,41.808386621668085,,,,,,,,,stage4_cpt_8k,,,,logs/l20_stage4_hq_crossdedup_train_latest.log,,658,26.29553985595703,,,,344981504,19938.28622161667,,
,,,,,,,train,,,,2.940032884478569,2.938321417676878e-06,0.4183172316657891,41.83172316657891,,,,,,,,,stage4_cpt_8k,,,,logs/l20_stage4_hq_crossdedup_train_latest.log,,659,26.28087043762207,,,,345505792,19949.41534544692,,
,,,,,,,train,,,,2.88012732565403,2.938102350264696e-06,0.41837808495681905,41.837808495681905,,,,,,,,,stage4_cpt_8k,,,,logs/l20_stage4_hq_crossdedup_train_latest.log,,660,26.277047872543335,,,,346030080,19952.31741948547,,
,,,,,,,train,,,,2.984775200486183,2.9378829041824163e-06,0.41833978247672543,41.83397824767254,,,,,,,,,stage4_cpt_8k,,,,logs/l20_stage4_hq_crossdedup_train_latest.log,,661,26.27945375442505,,,,346554368,19950.49078642733,,
,,,,,,,train,,,,2.9330693781375885,2.93766307949854e-06,0.4181978538335852,41.81978538335852,,,,,,,,,stage4_cpt_8k,,,,logs/l20_stage4_hq_crossdedup_train_latest.log,,662,26.28837251663208,,,,347078656,19943.722254707645,,
,,,,,,,train,,,,2.89908866584301,2.9374428762816848e-06,0.41820773806422623,41.82077380642262,,,,,,,,,stage4_cpt_8k,,,,logs/l20_stage4_hq_crossdedup_train_latest.log,,663,26.28775119781494,,,,347602944,19944.193630514095,,
,,,,,,,train,,,,2.914815440773964,2.937222294600587e-06,0.4183454376389432,41.834543763894324,,,,,,,,,stage4_cpt_8k,,,,logs/l20_stage4_hq_crossdedup_train_latest.log,,664,26.279098510742188,,,,348127232,19950.76047930964,,
,,,,,,,train,,,,2.898883819580078,2.9370013345241016e-06,0.4183653951311864,41.836539513118645,,,,,,,,,stage4_cpt_8k,,,,logs/l20_stage4_hq_crossdedup_train_latest.log,,665,26.27784490585327,,,,348651520,19951.712245748782,,
,,,,,,,train,,,,2.901585564017296,2.936779996121201e-06,0.4177138522567284,41.771385225672844,,,,,,,,,stage4_cpt_8k,,,,logs/l20_stage4_hq_crossdedup_train_latest.log,,666,26.318832635879517,,,,349175808,19920.6403738917,,
,,,,,,,train,,,,2.9360975176095963,2.9365582794609764e-06,0.4182864492934044,41.82864492934044,,,,,,,,,stage4_cpt_8k,,,,logs/l20_stage4_hq_crossdedup_train_latest.log,,667,26.282804489135742,,,,349700096,19947.9473439267,,
,,,,,,,train,,,,2.9612744003534317,2.9363361846126366e-06,0.41795091876671,41.795091876670995,,,,,,,,,stage4_cpt_8k,,,,logs/l20_stage4_hq_crossdedup_train_latest.log,,668,26.30390429496765,,,,350224384,19931.946000134456,,
,,,,,,,train,,,,2.931281939148903,2.936113711645508e-06,0.4175727752422305,41.75727752422305,,,,,,,,,stage4_cpt_8k,,,,logs/l20_stage4_hq_crossdedup_train_latest.log,,669,26.32772445678711,,,,350748672,19913.91245607032,,
,,,,,,,train,,,,2.9140278548002243,2.9358908606290363e-06,0.41802156747877056,41.802156747877056,,,,,,,,,stage4_cpt_8k,,,,logs/l20_stage4_hq_crossdedup_train_latest.log,,670,26.299458742141724,,,,351272960,19935.31521467746,,
,,,,,,,train,,,,2.999847039580345,2.935667631632784e-06,0.418847024136741,41.884702413674106,,,,,,,,,stage4_cpt_8k,,,,logs/l20_stage4_hq_crossdedup_train_latest.log,,671,26.247628211975098,,,,351797248,19974.680979396122,,
,,,,,,,train,,,,2.9258903861045837,2.9354440247264327e-06,0.41840643201705835,41.84064320170584,,,,,,,,,stage4_cpt_8k,,,,logs/l20_stage4_hq_crossdedup_train_latest.log,,672,26.275267601013184,,,,352321536,19953.66928174628,,
,,,,,,,train,,,,2.912423625588417,2.935220039979781e-06,0.41781446684113754,41.78144668411375,,,,,,,,,stage4_cpt_8k,,,,logs/l20_stage4_hq_crossdedup_train_latest.log,,673,26.31249475479126,,,,352845824,19925.438651328644,,
,,,,,,,train,,,,2.950817495584488,2.9349956774627453e-06,0.4179599199779402,41.79599199779402,,,,,,,,,stage4_cpt_8k,,,,logs/l20_stage4_hq_crossdedup_train_latest.log,,674,26.303337812423706,,,,353370112,19932.37526502686,,
,,,,,,,train,,,,2.929151177406311,2.9347709372453602e-06,0.4180169745488142,41.80169745488142,,,,,,,,,stage4_cpt_8k,,,,logs/l20_stage4_hq_crossdedup_train_latest.log,,675,26.299747705459595,,,,353894400,19935.09617931287,,
,,,,,,,train,,,,3.000272735953331,2.9345458193977797e-06,0.4174674655943852,41.74674655943852,,,,,,,,,stage4_cpt_8k,,,,logs/l20_stage4_hq_crossdedup_train_latest.log,,676,26.334365844726562,,,,354418688,19908.89027255571,,
,,,,,,,train,,,,2.9420318007469177,2.9343203239902736e-06,0.4178422794273674,41.78422794273674,,,,,,,,,stage4_cpt_8k,,,,logs/l20_stage4_hq_crossdedup_train_latest.log,,677,26.31074333190918,,,,354942976,19926.76502469443,,
,,,,,,,train,,,,2.9365389347076416,2.9340944510932303e-06,0.41851263001759703,41.851263001759705,,,,,,,,,stage4_cpt_8k,,,,logs/l20_stage4_hq_crossdedup_train_latest.log,,678,26.26860022544861,,,,355467264,19958.73383051747,,
,,,,,,,train,,,,2.897891029715538,2.933868200777156e-06,0.4184034251560021,41.84034251560021,,,,,,,,,stage4_cpt_8k,,,,logs/l20_stage4_hq_crossdedup_train_latest.log,,679,26.275456428527832,,,,355991552,19953.525885501618,,
,,,,,,,train,,,,2.915144622325897,2.933641573112675e-06,0.41798322036826036,41.798322036826036,,,,,,,,,stage4_cpt_8k,,,,logs/l20_stage4_hq_crossdedup_train_latest.log,,680,26.30187153816223,,,,356515840,19933.486453208992,,
,,,,,,,train,,,,2.928143799304962,2.9334145681705285e-06,0.41822871041401083,41.822871041401086,,,,,,,,,stage4_cpt_8k,,,,logs/l20_stage4_hq_crossdedup_train_latest.log,,681,26.28643298149109,,,,357040128,19945.19379518567,,
,,,,,,,train,,,,2.8772615641355515,2.9331871860215773e-06,0.4190085599289426,41.90085599289426,,,,,,,,,stage4_cpt_8k,,,,logs/l20_stage4_hq_crossdedup_train_latest.log,,682,26.23750925064087,,,,357564416,19982.38456980035,,
,,,,,,,train,,,,2.954955607652664,2.9329594267367985e-06,0.41938313406509753,41.93831340650975,,,,,,,,,stage4_cpt_8k,,,,logs/l20_stage4_hq_crossdedup_train_latest.log,,683,26.214075088500977,,,,358088704,20000.247890873834,,
,,,,,,,train,,,,2.9361156076192856,2.932731290387286e-06,0.4187800630156043,41.878006301560426,,,,,,,,,stage4_cpt_8k,,,,logs/l20_stage4_hq_crossdedup_train_latest.log,,684,26.251825094223022,,,,358612992,19971.487624888025,,
,,,,,,,train,,,,2.938205048441887,2.9325027770442538e-06,0.41869445564172714,41.869445564172715,,,,,,,,,stage4_cpt_8k,,,,logs/l20_stage4_hq_crossdedup_train_latest.log,,685,26.257192611694336,,,,359137280,19967.405036534426,,
,,,,,,,train,,,,2.9647881388664246,2.932273886779032e-06,0.4184898782603618,41.84898782603618,,,,,,,,,stage4_cpt_8k,,,,logs/l20_stage4_hq_crossdedup_train_latest.log,,686,26.270028352737427,,,,359661568,19957.648806472163,,
,,,,,,,train,,,,2.945700541138649,2.932044619663069e-06,0.4181510030202162,41.81510030202162,,,,,,,,,stage4_cpt_8k,,,,logs/l20_stage4_hq_crossdedup_train_latest.log,,687,26.2913179397583,,,,360185856,19941.487954362314,,
,,,,,,,train,,,,2.912481263279915,2.93181497576793e-06,0.417618433741447,41.7618433741447,,,,,,,,,stage4_cpt_8k,,,,logs/l20_stage4_hq_crossdedup_train_latest.log,,688,26.324846029281616,,,,360710144,19916.08989533404,,
,,,,,,,train,,,,2.9901611357927322,2.931584955165299e-06,0.4176711918938622,41.76711918938622,,,,,,,,,stage4_cpt_8k,,,,logs/l20_stage4_hq_crossdedup_train_latest.log,,689,26.321520805358887,,,,361234432,19918.605914794196,,
,,,,,,,train,,,,2.9327809810638428,2.931354557926977e-06,0.41820766220495936,41.82076622049593,,,,,,,,,stage4_cpt_8k,,,,logs/l20_stage4_hq_crossdedup_train_latest.log,,690,26.287755966186523,,,,361758720,19944.190012809857,,
,,,,,,,train,,,,2.9395628720521927,2.931123784124881e-06,0.418213203796824,41.8213203796824,,,,,,,,,stage4_cpt_8k,,,,logs/l20_stage4_hq_crossdedup_train_latest.log,,691,26.287407636642456,,,,362283008,19944.454289558253,,
,,,,,,,train,,,,2.960706040263176,2.9308926338310495e-06,0.41889299217910203,41.88929921791021,,,,,,,,,stage4_cpt_8k,,,,logs/l20_stage4_hq_crossdedup_train_latest.log,,692,26.24474787712097,,,,362807296,19976.873180673665,,
,,,,,,,train,,,,2.9171696305274963,2.930661107117635e-06,0.419181187108567,41.9181187108567,,,,,,,,,stage4_cpt_8k,,,,logs/l20_stage4_hq_crossdedup_train_latest.log,,693,26.226704120635986,,,,363331584,19990.617104932902,,
,,,,,,,train,,,,2.935684710741043,2.9304292040569075e-06,0.4185779895574268,41.85779895574268,,,,,,,,,stage4_cpt_8k,,,,logs/l20_stage4_hq_crossdedup_train_latest.log,,694,26.264498472213745,,,,363855872,19961.850806123904,,
,,,,,,,train,,,,2.9602256566286087,2.9301969247212572e-06,0.4186522143266156,41.865221432661556,,,,,,,,,stage4_cpt_8k,,,,logs/l20_stage4_hq_crossdedup_train_latest.log,,695,26.259841918945312,,,,364380160,19965.390561690678,,
,,,,,,,train,,,,2.87108550965786,2.9299642691831893e-06,0.41836969964026566,41.836969964026565,,,,,,,,,stage4_cpt_8k,,,,logs/l20_stage4_hq_crossdedup_train_latest.log,,696,26.27757453918457,,,,364904448,19951.917526413738,,
,,,,,,,train,,,,2.9674021899700165,2.9297312375153274e-06,0.4185013943665334,41.850139436653336,,,,,,,,,stage4_cpt_8k,,,,logs/l20_stage4_hq_crossdedup_train_latest.log,,697,26.26930546760559,,,,365428736,19958.198005902137,,
,,,,,,,train,,,,2.935671493411064,2.9294978297904127e-06,0.41835661557375575,41.83566155737557,,,,,,,,,stage4_cpt_8k,,,,logs/l20_stage4_hq_crossdedup_train_latest.log,,698,26.278396368026733,,,,365953024,19951.293551455372,,
,,,,,,,train,,,,2.947347119450569,2.9292640460813027e-06,0.4177008810710066,41.77008810710066,,,,,,,,,stage4_cpt_8k,,,,logs/l20_stage4_hq_crossdedup_train_latest.log,,699,26.319649934768677,,,,366477312,19920.02178218211,,
,,,,,,,train,,,,2.884435400366783,2.9290298864609744e-06,0.41773281857926003,41.773281857926,,,,,,,,,stage4_cpt_8k,,,,logs/l20_stage4_hq_crossdedup_train_latest.log,,700,26.31763768196106,,,,367001600,19921.544871763454,,
,,,,,,,train,,,,3.0001087486743927,2.9287953510025195e-06,0.4181660992583351,41.81660992583351,,,,,,,,,stage4_cpt_8k,,,,logs/l20_stage4_hq_crossdedup_train_latest.log,,701,26.290368795394897,,,,367525888,19942.207889142883,,
,,,,,,,train,,,,2.87727552652359,2.9285604397791487e-06,0.4185387197180147,41.85387197180147,,,,,,,,,stage4_cpt_8k,,,,logs/l20_stage4_hq_crossdedup_train_latest.log,,702,26.26696276664734,,,,368050176,19959.97804000843,,
,,,,,,,train,,,,2.8964039236307144,2.9283251528641898e-06,0.4188230757443233,41.88230757443233,,,,,,,,,stage4_cpt_8k,,,,logs/l20_stage4_hq_crossdedup_train_latest.log,,703,26.249129056930542,,,,368574464,19973.538888200655,,
,,,,,,,train,,,,2.9493722170591354,2.928089490331087e-06,0.41865297073309743,41.86529707330974,,,,,,,,,stage4_cpt_8k,,,,logs/l20_stage4_hq_crossdedup_train_latest.log,,704,26.25979447364807,,,,369098752,19965.42663447452,,
,,,,,,,train,,,,2.9797705113887787,2.9278534522534027e-06,0.4177719789638411,41.77719789638411,,,,,,,,,stage4_cpt_8k,,,,logs/l20_stage4_hq_crossdedup_train_latest.log,,705,26.315170764923096,,,,369623040,19923.412418012944,,
,,,,,,,train,,,,2.947279244661331,2.9276170387048164e-06,0.41768202358454104,41.768202358454104,,,,,,,,,stage4_cpt_8k,,,,logs/l20_stage4_hq_crossdedup_train_latest.log,,706,26.32083821296692,,,,370147328,19919.12247466763,,
,,,,,,,train,,,,2.9230232685804367,2.927380249759125e-06,0.41803616927062015,41.803616927062016,,,,,,,,,stage4_cpt_8k,,,,logs/l20_stage4_hq_crossdedup_train_latest.log,,707,26.298540115356445,,,,370671616,19936.011569473158,,
,,,,,,,train,,,,2.914619490504265,2.9271430854902413e-06,0.41845248187384687,41.84524818738468,,,,,,,,,stage4_cpt_8k,,,,logs/l20_stage4_hq_crossdedup_train_latest.log,,708,26.27237606048584,,,,371195904,19955.865384727775,,
,,,,,,,train,,,,2.9485469460487366,2.9269055459721964e-06,0.41811943375320254,41.811943375320254,,,,,,,,,stage4_cpt_8k,,,,logs/l20_stage4_hq_crossdedup_train_latest.log,,709,26.2933030128479,,,,371720192,19939.982426088234,,
,,,,,,,train,,,,2.9458972215652466,2.9266676312791396e-06,0.4181769604263568,41.81769604263568,,,,,,,,,stage4_cpt_8k,,,,logs/l20_stage4_hq_crossdedup_train_latest.log,,710,26.28968596458435,,,,372244480,19942.725854781398,,
,,,,,,,train,,,,2.9863003492355347,2.9264293414853343e-06,0.41838830418541867,41.83883041854187,,,,,,,,,stage4_cpt_8k,,,,logs/l20_stage4_hq_crossdedup_train_latest.log,,711,26.276406049728394,,,,372768768,19952.804771237705,,
,,,,,,,train,,,,2.873391419649124,2.926190676665163e-06,0.4179178153741596,41.791781537415964,,,,,,,,,stage4_cpt_8k,,,,logs/l20_stage4_hq_crossdedup_train_latest.log,,712,26.30598783493042,,,,373293056,19930.36730990288,,
,,,,,,,train,,,,2.938484415411949,2.9259516368931254e-06,0.41744950595491664,41.744950595491666,,,,,,,,,stage4_cpt_8k,,,,logs/l20_stage4_hq_crossdedup_train_latest.log,,713,26.335498809814453,,,,373817344,19908.033783078128,,
,,,,,,,train,,,,2.944114625453949,2.925712222243838e-06,0.4176871691181889,41.768716911818885,,,,,,,,,stage4_cpt_8k,,,,logs/l20_stage4_hq_crossdedup_train_latest.log,,714,26.32051396369934,,,,374341632,19919.367863526,,
,,,,,,,train,,,,2.9558784514665604,2.9254724327920344e-06,0.4178432108685475,41.784321086854746,,,,,,,,,stage4_cpt_8k,,,,logs/l20_stage4_hq_crossdedup_train_latest.log,,715,26.31068468093872,,,,374865920,19926.8094448272,,
,,,,,,,train,,,,2.9308012425899506,2.9252322686125633e-06,0.41777964764396935,41.777964764396934,,,,,,,,,stage4_cpt_8k,,,,logs/l20_stage4_hq_crossdedup_train_latest.log,,716,26.314687728881836,,,,375390208,19923.778134922144,,
,,,,,,,train,,,,2.9568638503551483,2.9249917297803934e-06,0.4179598972471204,41.795989724712044,,,,,,,,,stage4_cpt_8k,,,,logs/l20_stage4_hq_crossdedup_train_latest.log,,717,26.30333924293518,,,,375914496,19932.37418100132,,
,,,,,,,train,,,,2.9560127407312393,2.9247508163706085e-06,0.41800319257523755,41.80031925752375,,,,,,,,,stage4_cpt_8k,,,,logs/l20_stage4_hq_crossdedup_train_latest.log,,718,26.300614833831787,,,,376438784,19934.438921389105,,
,,,,,,,train,,,,2.9086327105760574,2.92450952845841e-06,0.41775420127546614,41.77542012754662,,,,,,,,,stage4_cpt_8k,,,,logs/l20_stage4_hq_crossdedup_train_latest.log,,719,26.316290616989136,,,,376963072,19922.564605724976,,
,,,,,,,train,,,,2.9642243087291718,2.9242678661191155e-06,0.4181409280917433,41.81409280917433,,,,,,,,,stage4_cpt_8k,,,,logs/l20_stage4_hq_crossdedup_train_latest.log,,720,26.291951417922974,,,,377487360,19941.007484237092,,
,,,,,,,train,,,,2.912520468235016,2.9240258294281606e-06,0.41822080902678416,41.822080902678415,,,,,,,,,stage4_cpt_8k,,,,logs/l20_stage4_hq_crossdedup_train_latest.log,,721,26.286929607391357,,,,378011648,19944.816980549174,,
,,,,,,,train,,,,2.9763640463352203,2.923783418461097e-06,0.41797782505489267,41.797782505489266,,,,,,,,,stage4_cpt_8k,,,,logs/l20_stage4_hq_crossdedup_train_latest.log,,722,26.302211046218872,,,,378535936,19933.22915243546,,
,,,,,,,train,,,,2.9100086838006973,2.923540633293592e-06,0.4182420330641267,41.82420330641267,,,,,,,,,stage4_cpt_8k,,,,logs/l20_stage4_hq_crossdedup_train_latest.log,,723,26.285595655441284,,,,379060224,19945.829148120105,,
,,,,,,,train,,,,2.9304933845996857,2.9232974740014327e-06,0.4178011184176967,41.78011184176967,,,,,,,,,stage4_cpt_8k,,,,logs/l20_stage4_hq_crossdedup_train_latest.log,,724,26.313335418701172,,,,379584512,19924.80206927256,,
,,,,,,,train,,,,2.9608276188373566,2.923053940660521e-06,0.4184275268180256,41.84275268180256,,,,,,,,,stage4_cpt_8k,,,,logs/l20_stage4_hq_crossdedup_train_latest.log,,725,26.273942947387695,,,,380108800,19954.675286075693,,
,,,,,,,train,,,,2.9405237585306168,2.9228100333468753e-06,0.41840329227803835,41.840329227803835,,,,,,,,,stage4_cpt_8k,,,,logs/l20_stage4_hq_crossdedup_train_latest.log,,726,26.2754647731781,,,,380633088,19953.519548593915,,
,,,,,,,train,,,,2.9679278284311295,2.9225657521366315e-06,0.4182419913346834,41.82419913346834,,,,,,,,,stage4_cpt_8k,,,,logs/l20_stage4_hq_crossdedup_train_latest.log,,727,26.285598278045654,,,,381157376,19945.827158056265,,
,,,,,,,train,,,,2.9287045896053314,2.922321097106042e-06,0.41817025556046183,41.81702555604618,,,,,,,,,stage4_cpt_8k,,,,logs/l20_stage4_hq_crossdedup_train_latest.log,,728,26.290107488632202,,,,381681664,19942.40610186555,,
,,,,,,,train,,,,2.9207171350717545,2.922076068331476e-06,0.41830171848384506,41.83017184838451,,,,,,,,,stage4_cpt_8k,,,,logs/l20_stage4_hq_crossdedup_train_latest.log,,729,26.281845092773438,,,,382205952,19948.675526748324,,
,,,,,,,train,,,,2.9628688246011734,2.9218306658894196e-06,0.4180436429934758,41.80436429934758,,,,,,,,,stage4_cpt_8k,,,,logs/l20_stage4_hq_crossdedup_train_latest.log,,730,26.298069953918457,,,,382730240,19936.367988932216,,
,,,,,,,train,,,,2.979123130440712,2.9215848898564747e-06,0.4183012213828042,41.830122138280416,,,,,,,,,stage4_cpt_8k,,,,logs/l20_stage4_hq_crossdedup_train_latest.log,,731,26.2818763256073,,,,383254528,19948.651820158248,,
,,,,,,,train,,,,2.976709544658661,2.92133874030936e-06,0.4183161121584148,41.83161121584148,,,,,,,,,stage4_cpt_8k,,,,logs/l20_stage4_hq_crossdedup_train_latest.log,,732,26.280940771102905,,,,383778816,19949.361956497334,,
,,,,,,,train,,,,2.948531284928322,2.921092217324912e-06,0.41793235688691815,41.793235688691816,,,,,,,,,stage4_cpt_8k,,,,logs/l20_stage4_hq_crossdedup_train_latest.log,,733,26.30507254600525,,,,384303104,19931.060790007956,,
,,,,,,,train,,,,2.921728327870369,2.9208453209800825e-06,0.4177258668361204,41.77258668361204,,,,,,,,,stage4_cpt_8k,,,,logs/l20_stage4_hq_crossdedup_train_latest.log,,734,26.31807565689087,,,,384827392,19921.213345350556,,
,,,,,,,train,,,,2.9615837186574936,2.9205980513519408e-06,0.41780019473531904,41.7800194735319,,,,,,,,,stage4_cpt_8k,,,,logs/l20_stage4_hq_crossdedup_train_latest.log,,735,26.313393592834473,,,,385351680,19924.758019154604,,
,,,,,,,train,,,,2.932569205760956,2.920350408517671e-06,0.4183058850718471,41.83058850718471,,,,,,,,,stage4_cpt_8k,,,,logs/l20_stage4_hq_crossdedup_train_latest.log,,736,26.281583309173584,,,,385875968,19948.874230001104,,
,,,,,,,train,,,,2.955741360783577,2.9201023925545753e-06,0.4186145533013273,41.86145533013273,,,,,,,,,stage4_cpt_8k,,,,logs/l20_stage4_hq_crossdedup_train_latest.log,,737,26.26220440864563,,,,386400256,19963.5945194076,,
,,,,,,,train,,,,2.99761001765728,2.9198540035400728e-06,0.4184829316808861,41.84829316808861,,,,,,,,,stage4_cpt_8k,,,,logs/l20_stage4_hq_crossdedup_train_latest.log,,738,26.270464420318604,,,,386924544,19957.317526312752,,
,,,,,,,train,,,,2.9751713573932648,2.919605241551697e-06,0.41818147723041404,41.818147723041406,,,,,,,,,stage4_cpt_8k,,,,logs/l20_stage4_hq_crossdedup_train_latest.log,,739,26.28940200805664,,,,387448832,19942.94125972614,,
,,,,,,,train,,,,2.9439220279455185,2.9193561066670996e-06,0.41811512301855924,41.81151230185593,,,,,,,,,stage4_cpt_8k,,,,logs/l20_stage4_hq_crossdedup_train_latest.log,,740,26.29357409477234,,,,387973120,19939.776848528112,,
,,,,,,,train,,,,2.8878236562013626,2.9191065989640477e-06,0.4178262449020417,41.78262449020417,,,,,,,,,stage4_cpt_8k,,,,logs/l20_stage4_hq_crossdedup_train_latest.log,,741,26.311753034591675,,,,388497408,19926.000343296255,,
,,,,,,,train,,,,3.0009181797504425,2.9188567185204255e-06,0.41824158921501986,41.82415892150198,,,,,,,,,stage4_cpt_8k,,,,logs/l20_stage4_hq_crossdedup_train_latest.log,,742,26.28562355041504,,,,389021696,19945.80798109778,,
,,,,,,,train,,,,2.895581468939781,2.9186064654142334e-06,0.4184429657939065,41.84429657939065,,,,,,,,,stage4_cpt_8k,,,,logs/l20_stage4_hq_crossdedup_train_latest.log,,743,26.27297353744507,,,,389545984,19955.41156591081,,
,,,,,,,train,,,,2.9170328080654144,2.918355839723587e-06,0.4186305077656359,41.86305077656359,,,,,,,,,stage4_cpt_8k,,,,logs/l20_stage4_hq_crossdedup_train_latest.log,,744,26.26120352745056,,,,390070272,19964.355382721405,,
,,,,,,,train,,,,2.9225583970546722,2.918104841526721e-06,0.41847286353792923,41.847286353792924,,,,,,,,,stage4_cpt_8k,,,,logs/l20_stage4_hq_crossdedup_train_latest.log,,745,26.2710964679718,,,,390594560,19956.837379786622,,
,,,,,,,train,,,,2.92947880923748,2.917853470901982e-06,0.418371908867152,41.8371908867152,,,,,,,,,stage4_cpt_8k,,,,logs/l20_stage4_hq_crossdedup_train_latest.log,,746,26.277435779571533,,,,391118848,19952.02288373926,,
,,,,,,,train,,,,2.9144549816846848,2.917601727927838e-06,0.4180522805547495,41.805228055474956,,,,,,,,,stage4_cpt_8k,,,,logs/l20_stage4_hq_crossdedup_train_latest.log,,747,26.297526597976685,,,,391643136,19936.779911474197,,
,,,,,,,train,,,,2.9404870569705963,2.9173496126828686e-06,0.41822532677812924,41.82253267781292,,,,,,,,,stage4_cpt_8k,,,,logs/l20_stage4_hq_crossdedup_train_latest.log,,748,26.286645650863647,,,,392167424,19945.032430669773,,
,,,,,,,train,,,,2.9663649052381516,2.917097125245772e-06,0.4182994265163614,41.82994265163614,,,,,,,,,stage4_cpt_8k,,,,logs/l20_stage4_hq_crossdedup_train_latest.log,,749,26.281989097595215,,,,392691712,19948.566223550104,,
,,,,,,,train,,,,2.972599223256111,2.9168442656953634e-06,0.418525951768932,41.852595176893196,,,,,,,,,stage4_cpt_8k,,,,logs/l20_stage4_hq_crossdedup_train_latest.log,,750,26.2677640914917,,,,393216000,19959.369140589333,,
,,,,,,,eval,,,,2.9271585047245026,,,,,,,,,18.674491555874038,,,stage4_cpt_8k,,,,logs/l20_stage4_hq_crossdedup_train_latest.log,,750,,,,,,,,
,,,,,,,train,,,,2.9746160954236984,2.9165910341105717e-06,0.32385437131231093,32.38543713123109,,,,,,,,,stage4_cpt_8k,,,,logs/l20_stage4_hq_crossdedup_train_latest.log,,751,33.94655728340149,,,,393740288,15444.511666470398,,
,,,,,,,train,,,,2.9557136595249176,2.9163374305704436e-06,0.4183356417804101,41.83356417804101,,,,,,,,,stage4_cpt_8k,,,,logs/l20_stage4_hq_crossdedup_train_latest.log,,752,26.27971386909485,,,,394264576,19950.293317940832,,
,,,,,,,train,,,,2.9908014982938766,2.916083455154142e-06,0.41816305413686466,41.816305413686464,,,,,,,,,stage4_cpt_8k,,,,logs/l20_stage4_hq_crossdedup_train_latest.log,,753,26.290560245513916,,,,394788864,19942.062668271275,,
,,,,,,,train,,,,2.9581053256988525,2.9158291079409447e-06,0.4181936438849063,41.819364388490634,,,,,,,,,stage4_cpt_8k,,,,logs/l20_stage4_hq_crossdedup_train_latest.log,,754,26.288637161254883,,,,395313152,19943.52148359802,,
,,,,,,,train,,,,2.9678810983896255,2.915574389010246e-06,0.41833467018984843,41.83346701898484,,,,,,,,,stage4_cpt_8k,,,,logs/l20_stage4_hq_crossdedup_train_latest.log,,755,26.2797749042511,,,,395837440,19950.24698309686,,
,,,,,,,train,,,,2.913307622075081,2.9153192984415563e-06,0.418111509955884,41.8111509955884,,,,,,,,,stage4_cpt_8k,,,,logs/l20_stage4_hq_crossdedup_train_latest.log,,756,26.293801307678223,,,,396361728,19939.604542721605,,
,,,,,,,train,,,,2.9104834645986557,2.9150638363145037e-06,0.41778954239846133,41.778954239846136,,,,,,,,,stage4_cpt_8k,,,,logs/l20_stage4_hq_crossdedup_train_latest.log,,757,26.314064502716064,,,,396886016,19924.250012607685,,
,,,,,,,train,,,,2.8989316523075104,2.9148080027088294e-06,0.4179178418881096,41.79178418881096,,,,,,,,,stage4_cpt_8k,,,,logs/l20_stage4_hq_crossdedup_train_latest.log,,758,26.305986166000366,,,,397410304,19930.368574344695,,
,,,,,,,train,,,,2.938406005501747,2.9145517977043926e-06,0.4182580767553036,41.825807675530356,,,,,,,,,stage4_cpt_8k,,,,logs/l20_stage4_hq_crossdedup_train_latest.log,,759,26.284587383270264,,,,397934592,19946.5942666348,,
,,,,,,,train,,,,2.9554914385080338,2.914295221381167e-06,0.4184494401747368,41.84494401747368,,,,,,,,,stage4_cpt_8k,,,,logs/l20_stage4_hq_crossdedup_train_latest.log,,760,26.2725670337677,,,,398458880,19955.72032706744,,
,,,,,,,train,,,,2.9617447406053543,2.9140382738192433e-06,0.4183041053442302,41.83041053442302,,,,,,,,,stage4_cpt_8k,,,,logs/l20_stage4_hq_crossdedup_train_latest.log,,761,26.281695127487183,,,,398983168,19948.789355358742,,
,,,,,,,train,,,,2.906172528862953,2.913780955098828e-06,0.4181953733670784,41.81953733670784,,,,,,,,,stage4_cpt_8k,,,,logs/l20_stage4_hq_crossdedup_train_latest.log,,762,26.288528442382812,,,,399507456,19943.603962051144,,
,,,,,,,train,,,,2.9392163455486298,2.9135232653002424e-06,0.4181703314061587,41.81703314061587,,,,,,,,,stage4_cpt_8k,,,,logs/l20_stage4_hq_crossdedup_train_latest.log,,763,26.29010272026062,,,,400031744,19942.40971892264,,
,,,,,,,train,,,,2.9308065474033356,2.913265204503925e-06,0.4180303936151223,41.803039361512226,,,,,,,,,stage4_cpt_8k,,,,logs/l20_stage4_hq_crossdedup_train_latest.log,,764,26.298903465270996,,,,400556032,19935.73613030476,,
,,,,,,,train,,,,2.8771367967128754,2.9130067727904294e-06,0.4179103537247851,41.79103537247851,,,,,,,,,stage4_cpt_8k,,,,logs/l20_stage4_hq_crossdedup_train_latest.log,,765,26.30645751953125,,,,401080320,19930.01146622429,,
,,,,,,,train,,,,2.981979414820671,2.912747970240426e-06,0.41818486015680373,41.81848601568037,,,,,,,,,stage4_cpt_8k,,,,logs/l20_stage4_hq_crossdedup_train_latest.log,,766,26.289189338684082,,,,401604608,19943.102590406597,,
,,,,,,,train,,,,2.9418525397777557,2.9124887969346984e-06,0.41828326202848104,41.8283262028481,,,,,,,,,stage4_cpt_8k,,,,logs/l20_stage4_hq_crossdedup_train_latest.log,,767,26.283004760742188,,,,402128896,19947.79534427916,,
,,,,,,,train,,,,2.916250318288803,2.912229252954149e-06,0.41813945689704674,41.813945689704674,,,,,,,,,stage4_cpt_8k,,,,logs/l20_stage4_hq_crossdedup_train_latest.log,,768,26.292043924331665,,,,402653184,19940.937323431284,,
,,,,,,,train,,,,2.9042064994573593,2.9119693383797932e-06,0.41808270246966844,41.80827024696684,,,,,,,,,stage4_cpt_8k,,,,logs/l20_stage4_hq_crossdedup_train_latest.log,,769,26.295613050460815,,,,403177472,19938.23072289285,,
,,,,,,,train,,,,2.921527400612831,2.9117090532927648e-06,0.41839536910744685,41.839536910744684,,,,,,,,,stage4_cpt_8k,,,,logs/l20_stage4_hq_crossdedup_train_latest.log,,770,26.275962352752686,,,,403701760,19953.141695115697,,
,,,,,,,train,,,,2.932675451040268,2.9114483977743104e-06,0.4186965124244423,41.86965124244423,,,,,,,,,stage4_cpt_8k,,,,logs/l20_stage4_hq_crossdedup_train_latest.log,,771,26.257063627243042,,,,404226048,19967.50312384605,,
,,,,,,,train,,,,2.924938067793846,2.911187371905795e-06,0.41849900905239446,41.849900905239444,,,,,,,,,stage4_cpt_8k,,,,logs/l20_stage4_hq_crossdedup_train_latest.log,,772,26.269455194473267,,,,404750336,19958.08425103171,,
,,,,,,,train,,,,2.887671634554863,2.9109259757686966e-06,0.41801294255488364,41.801294255488365,,,,,,,,,stage4_cpt_8k,,,,logs/l20_stage4_hq_crossdedup_train_latest.log,,773,26.30000138282776,,,,405274624,19934.903894808424,,
,,,,,,,train,,,,2.937095358967781,2.910664209444611e-06,0.4183416687789411,41.834166877894106,,,,,,,,,stage4_cpt_8k,,,,logs/l20_stage4_hq_crossdedup_train_latest.log,,774,26.279335260391235,,,,405798912,19950.580743578314,,
,,,,,,,train,,,,2.9588478356599808,2.9104020730152486e-06,0.41865374614760437,41.865374614760434,,,,,,,,,stage4_cpt_8k,,,,logs/l20_stage4_hq_crossdedup_train_latest.log,,775,26.259745836257935,,,,406323200,19965.463613745018,,
,,,,,,,train,,,,2.9979280680418015,2.9101395665624346e-06,0.4184316997097287,41.84316997097287,,,,,,,,,stage4_cpt_8k,,,,logs/l20_stage4_hq_crossdedup_train_latest.log,,776,26.273680925369263,,,,406847488,19954.87428994997,,
,,,,,,,train,,,,3.005061760544777,2.9098766901681104e-06,0.4181930711867258,41.819307118672576,,,,,,,,,stage4_cpt_8k,,,,logs/l20_stage4_hq_crossdedup_train_latest.log,,777,26.288673162460327,,,,407371776,19943.494171804465,,
,,,,,,,train,,,,2.8894902020692825,2.9096134439143346e-06,0.41810152791527494,41.81015279152749,,,,,,,,,stage4_cpt_8k,,,,logs/l20_stage4_hq_crossdedup_train_latest.log,,778,26.294429063796997,,,,407896064,19939.128502388983,,
,,,,,,,train,,,,2.9447401016950607,2.9093498278832773e-06,0.41824768937754986,41.82476893775499,,,,,,,,,stage4_cpt_8k,,,,logs/l20_stage4_hq_crossdedup_train_latest.log,,779,26.285240173339844,,,,408420352,19946.098895903036,,
,,,,,,,train,,,,2.985153779387474,2.9090858421572274e-06,0.41851565744122426,41.851565744122425,,,,,,,,,stage4_cpt_8k,,,,logs/l20_stage4_hq_crossdedup_train_latest.log,,780,26.268410205841064,,,,408944640,19958.878207384583,,
,,,,,,,train,,,,2.9073170870542526,2.908821486818589e-06,0.41837087637333187,41.837087637333184,,,,,,,,,stage4_cpt_8k,,,,logs/l20_stage4_hq_crossdedup_train_latest.log,,781,26.27750062942505,,,,409468928,19951.973644438323,,
,,,,,,,train,,,,2.911337986588478,2.9085567619498786e-06,0.41843483228094003,41.843483228094,,,,,,,,,stage4_cpt_8k,,,,logs/l20_stage4_hq_crossdedup_train_latest.log,,782,26.273484230041504,,,,409993216,19955.02368127182,,
,,,,,,,train,,,,2.9230978786945343,2.9082916676337315e-06,0.4180802688567908,41.80802688567908,,,,,,,,,stage4_cpt_8k,,,,logs/l20_stage4_hq_crossdedup_train_latest.log,,783,26.2957661151886,,,,410517504,19938.11466467098,,
,,,,,,,train,,,,2.982548773288727,2.9080262039528966e-06,0.4178929505578065,41.78929505578065,,,,,,,,,stage4_cpt_8k,,,,logs/l20_stage4_hq_crossdedup_train_latest.log,,784,26.30755305290222,,,,411041792,19929.18151474225,,
,,,,,,,train,,,,2.9591951966285706,2.9077603709902386e-06,0.417861848137635,41.7861848137635,,,,,,,,,stage4_cpt_8k,,,,logs/l20_stage4_hq_crossdedup_train_latest.log,,785,26.309511184692383,,,,411566080,19927.698250245165,,
,,,,,,,train,,,,2.93657386302948,2.9074941688287363e-06,0.4179305727604311,41.79305727604311,,,,,,,,,stage4_cpt_8k,,,,logs/l20_stage4_hq_crossdedup_train_latest.log,,786,26.305184841156006,,,,412090368,19930.97570558488,,
,,,,,,,train,,,,2.9324022829532623,2.9072275975514866e-06,0.41793022048247963,41.79302204824796,,,,,,,,,stage4_cpt_8k,,,,logs/l20_stage4_hq_crossdedup_train_latest.log,,787,26.305207014083862,,,,412614656,19930.958905561743,,
,,,,,,,train,,,,2.9339044392108917,2.9069606572416985e-06,0.4181966022183672,41.81966022183672,,,,,,,,,stage4_cpt_8k,,,,logs/l20_stage4_hq_crossdedup_train_latest.log,,788,26.288451194763184,,,,413138944,19943.662565577135,,
,,,,,,,train,,,,2.917913854122162,2.9066933479826973e-06,0.41821696654934526,41.82169665493453,,,,,,,,,stage4_cpt_8k,,,,logs/l20_stage4_hq_crossdedup_train_latest.log,,789,26.287171125411987,,,,413663232,19944.633734025767,,
,,,,,,,train,,,,2.9366964995861053,2.9064256698579246e-06,0.4181523188257924,41.81523188257924,,,,,,,,,stage4_cpt_8k,,,,logs/l20_stage4_hq_crossdedup_train_latest.log,,790,26.291235208511353,,,,414187520,19941.550704710535,,
,,,,,,,train,,,,2.967520445585251,2.906157622950935e-06,0.41845158948562927,41.845158948562926,,,,,,,,,stage4_cpt_8k,,,,logs/l20_stage4_hq_crossdedup_train_latest.log,,791,26.27243208885193,,,,414711808,19955.822827018324,,
,,,,,,,train,,,,2.9108981639146805,2.905889207345401e-06,0.4184931484358389,41.84931484358389,,,,,,,,,stage4_cpt_8k,,,,logs/l20_stage4_hq_crossdedup_train_latest.log,,792,26.26982307434082,,,,415236096,19957.804760097562,,
,,,,,,,train,,,,2.97171413898468,2.9056204231251066e-06,0.41829248246357004,41.829248246357004,,,,,,,,,stage4_cpt_8k,,,,logs/l20_stage4_hq_crossdedup_train_latest.log,,793,26.28242540359497,,,,415760384,19948.23506388747,,
,,,,,,,train,,,,2.8979422301054,2.9053512703739543e-06,0.41815425652573773,41.81542565257377,,,,,,,,,stage4_cpt_8k,,,,logs/l20_stage4_hq_crossdedup_train_latest.log,,794,26.29111337661743,,,,416284672,19941.643113002847,,
,,,,,,,train,,,,2.9671236127614975,2.9050817491759594e-06,0.41764902329713255,41.76490232971325,,,,,,,,,stage4_cpt_8k,,,,logs/l20_stage4_hq_crossdedup_train_latest.log,,795,26.322917938232422,,,,416808960,19917.54870148738,,
,,,,,,,train,,,,2.9049492329359055,2.904811859615254e-06,0.41776915911030504,41.77691591103051,,,,,,,,,stage4_cpt_8k,,,,logs/l20_stage4_hq_crossdedup_train_latest.log,,796,26.315348386764526,,,,417333248,19923.277940097272,,
,,,,,,,train,,,,2.934530094265938,2.9045416017760824e-06,0.4182576442537519,41.82576442537519,,,,,,,,,stage4_cpt_8k,,,,logs/l20_stage4_hq_crossdedup_train_latest.log,,797,26.28461456298828,,,,417857536,19946.573640773753,,
,,,,,,,train,,,,2.941696599125862,2.904270975742807e-06,0.41819681082038324,41.81968108203832,,,,,,,,,stage4_cpt_8k,,,,logs/l20_stage4_hq_crossdedup_train_latest.log,,798,26.288438081741333,,,,418381824,19943.67251374074,,
,,,,,,,train,,,,2.907515585422516,2.9039999815999034e-06,0.41837176082544564,41.837176082544566,,,,,,,,,stage4_cpt_8k,,,,logs/l20_stage4_hq_crossdedup_train_latest.log,,799,26.277445077896118,,,,418906112,19952.01582367751,,
,,,,,,,train,,,,2.9493727684020996,2.903728619431963e-06,0.4182613205454527,41.82613205454527,,,,,,,,,stage4_cpt_8k,,,,logs/l20_stage4_hq_crossdedup_train_latest.log,,800,26.284383535385132,,,,419430400,19946.74896195232,,
,,,,,,,train,,,,2.9223106652498245,2.9034568893236907e-06,0.4187239634739204,41.87239634739204,,,,,,,,,stage4_cpt_8k,,,,logs/l20_stage4_hq_crossdedup_train_latest.log,,801,26.25534224510193,,,,419954688,19968.812255639466,,
,,,,,,,train,,,,2.97128202021122,2.9031847913599073e-06,0.41885392954330336,41.885392954330335,,,,,,,,,stage4_cpt_8k,,,,logs/l20_stage4_hq_crossdedup_train_latest.log,,802,26.24719548225403,,,,420478976,19975.010296032426,,
,,,,,,,train,,,,2.971414715051651,2.902912325625548e-06,0.4182659643747126,41.82659643747126,,,,,,,,,stage4_cpt_8k,,,,logs/l20_stage4_hq_crossdedup_train_latest.log,,803,26.28409171104431,,,,421003264,19946.97042468846,,
,,,,,,,train,,,,2.948990121483803,2.9026394922056643e-06,0.41802760816902396,41.80276081690239,,,,,,,,,stage4_cpt_8k,,,,logs/l20_stage4_hq_crossdedup_train_latest.log,,804,26.299078702926636,,,,421527552,19935.603293268814,,
,,,,,,,train,,,,2.9057186394929886,2.9023662911854203e-06,0.41848851855087416,41.84885185508742,,,,,,,,,stage4_cpt_8k,,,,logs/l20_stage4_hq_crossdedup_train_latest.log,,805,26.270113706588745,,,,422051840,19957.58396236041,,
,,,,,,,train,,,,2.9016901403665543,2.902092722650095e-06,0.4187002344541461,41.87002344541461,,,,,,,,,stage4_cpt_8k,,,,logs/l20_stage4_hq_crossdedup_train_latest.log,,806,26.2568302154541,,,,422576128,19967.68062625539,,
,,,,,,,train,,,,2.9211607724428177,2.9018187866850837e-06,0.4183260740871473,41.83260740871473,,,,,,,,,stage4_cpt_8k,,,,logs/l20_stage4_hq_crossdedup_train_latest.log,,807,26.280314922332764,,,,423100416,19949.83703770098,,
,,,,,,,train,,,,2.88985076546669,2.9015444833758956e-06,0.41839393408516756,41.839393408516756,,,,,,,,,stage4_cpt_8k,,,,logs/l20_stage4_hq_crossdedup_train_latest.log,,808,26.276052474975586,,,,423624704,19953.073259360932,,
,,,,,,,train,,,,2.937158480286598,2.9012698128081544e-06,0.4183827275831166,41.83827275831166,,,,,,,,,stage4_cpt_8k,,,,logs/l20_stage4_hq_crossdedup_train_latest.log,,809,26.276756286621094,,,,424148992,19952.538824852712,,
,,,,,,,train,,,,2.9317184388637543,2.9009947750675988e-06,0.41780008495366866,41.780008495366864,,,,,,,,,stage4_cpt_8k,,,,logs/l20_stage4_hq_crossdedup_train_latest.log,,810,26.313400506973267,,,,424673280,19924.752783702716,,
,,,,,,,train,,,,2.959303766489029,2.9007193702400815e-06,0.4179266484933513,41.79266484933513,,,,,,,,,stage4_cpt_8k,,,,logs/l20_stage4_hq_crossdedup_train_latest.log,,811,26.305431842803955,,,,425197568,19930.78855853959,,
,,,,,,,train,,,,2.96922205388546,2.90044359841157e-06,0.4180020482234642,41.80020482234642,,,,,,,,,stage4_cpt_8k,,,,logs/l20_stage4_hq_crossdedup_train_latest.log,,812,26.300686836242676,,,,425721856,19934.38434761805,,
,,,,,,,train,,,,2.9985758662223816,2.900167459668147e-06,0.4183526339590456,41.83526339590456,,,,,,,,,stage4_cpt_8k,,,,logs/l20_stage4_hq_crossdedup_train_latest.log,,813,26.27864646911621,,,,426246144,19951.103669519878,,
,,,,,,,train,,,,2.9024752229452133,2.899890954096009e-06,0.41850020550433603,41.850020550433605,,,,,,,,,stage4_cpt_8k,,,,logs/l20_stage4_hq_crossdedup_train_latest.log,,814,26.26938009262085,,,,426770432,19958.141309443163,,
,,,,,,,train,,,,2.9391807913780212,2.8996140817814674e-06,0.4182365551974935,41.823655519749344,,,,,,,,,stage4_cpt_8k,,,,logs/l20_stage4_hq_crossdedup_train_latest.log,,815,26.285939931869507,,,,427294720,19945.56791040767,,
,,,,,,,train,,,,2.9152625650167465,2.899336842810947e-06,0.4181937045682491,41.81937045682491,,,,,,,,,stage4_cpt_8k,,,,logs/l20_stage4_hq_crossdedup_train_latest.log,,816,26.288633346557617,,,,427819008,19943.524377567282,,
,,,,,,,train,,,,2.9147620797157288,2.89905923727099e-06,0.4181812686436948,41.81812686436948,,,,,,,,,stage4_cpt_8k,,,,logs/l20_stage4_hq_crossdedup_train_latest.log,,817,26.28941512107849,,,,428343296,19942.931312292036,,
,,,,,,,train,,,,2.9476978331804276,2.8987812652482495e-06,0.4182531295979717,41.82531295979717,,,,,,,,,stage4_cpt_8k,,,,logs/l20_stage4_hq_crossdedup_train_latest.log,,818,26.284898281097412,,,,428867584,19946.358338279657,,
,,,,,,,train,,,,2.978882223367691,2.8985029268294952e-06,0.4185331467030477,41.85331467030477,,,,,,,,,stage4_cpt_8k,,,,logs/l20_stage4_hq_crossdedup_train_latest.log,,819,26.26731252670288,,,,429391872,19959.712264702306,,
,,,,,,,train,,,,2.91716431081295,2.8982242221016093e-06,0.4184442606540448,41.84442606540448,,,,,,,,,stage4_cpt_8k,,,,logs/l20_stage4_hq_crossdedup_train_latest.log,,820,26.272892236709595,,,,429916160,19955.473317377775,,
,,,,,,,train,,,,2.9375025779008865,2.8979451511515908e-06,0.4183162563658081,41.83162563658081,,,,,,,,,stage4_cpt_8k,,,,logs/l20_stage4_hq_crossdedup_train_latest.log,,821,26.2809317111969,,,,430440448,19949.368833701923,,
,,,,,,,train,,,,2.9091106951236725,2.8976657140665515e-06,0.41828033661735636,41.82803366173564,,,,,,,,,stage4_cpt_8k,,,,logs/l20_stage4_hq_crossdedup_train_latest.log,,822,26.283188581466675,,,,430964736,19947.65583235576,,
,,,,,,,train,,,,3.0098272413015366,2.897385910933717e-06,0.4184075482113284,41.84075482113284,,,,,,,,,stage4_cpt_8k,,,,logs/l20_stage4_hq_crossdedup_train_latest.log,,823,26.275197505950928,,,,431489024,19953.722512694978,,
,,,,,,,train,,,,2.9459395110607147,2.8971057418404288e-06,0.4182524543048983,41.82524543048983,,,,,,,,,stage4_cpt_8k,,,,logs/l20_stage4_hq_crossdedup_train_latest.log,,824,26.284940719604492,,,,432013312,19946.32613376839,,
,,,,,,,train,,,,2.9390240162611008,2.896825206874142e-06,0.41823257966115424,41.82325796611542,,,,,,,,,stage4_cpt_8k,,,,logs/l20_stage4_hq_crossdedup_train_latest.log,,825,26.286189794540405,,,,432537600,19945.378318347746,,
,,,,,,,train,,,,2.884890630841255,2.896544306122424e-06,0.41796472381330724,41.79647238133072,,,,,,,,,stage4_cpt_8k,,,,logs/l20_stage4_hq_crossdedup_train_latest.log,,826,26.303035497665405,,,,433061888,19932.604358403216,,
,,,,,,,train,,,,2.9100444465875626,2.896263039672959e-06,0.41833810493451873,41.83381049345187,,,,,,,,,stage4_cpt_8k,,,,logs/l20_stage4_hq_crossdedup_train_latest.log,,827,26.27955913543701,,,,433586176,19950.41078497459,,
,,,,,,,train,,,,2.945774644613266,2.8959814076135452e-06,0.4185863186283928,41.85863186283928,,,,,,,,,stage4_cpt_8k,,,,logs/l20_stage4_hq_crossdedup_train_latest.log,,828,26.263975858688354,,,,434110464,19962.248016861504,,
,,,,,,,train,,,,2.910458028316498,2.8956994100320926e-06,0.4185453642222483,41.85453642222483,,,,,,,,,stage4_cpt_8k,,,,logs/l20_stage4_hq_crossdedup_train_latest.log,,829,26.26654577255249,,,,434634752,19960.2949142959,,
,,,,,,,train,,,,2.857966274023056,2.895417047016628e-06,0.4180769293188792,41.80769293188792,,,,,,,,,stage4_cpt_8k,,,,logs/l20_stage4_hq_crossdedup_train_latest.log,,830,26.295976161956787,,,,435159040,19937.9554031732,,
,,,,,,,train,,,,2.911444514989853,2.8951343186552907e-06,0.417950104282297,41.7950104282297,,,,,,,,,stage4_cpt_8k,,,,logs/l20_stage4_hq_crossdedup_train_latest.log,,831,26.303955554962158,,,,435683328,19931.9071576326,,
,,,,,,,train,,,,2.9821138978004456,2.8948512250363335e-06,0.41839580569025203,41.8395805690252,,,,,,,,,stage4_cpt_8k,,,,logs/l20_stage4_hq_crossdedup_train_latest.log,,832,26.27593493461609,,,,436207616,19953.162515610416,,
,,,,,,,train,,,,2.9852120727300644,2.894567766248125e-06,0.41825647574526037,41.82564757452604,,,,,,,,,stage4_cpt_8k,,,,logs/l20_stage4_hq_crossdedup_train_latest.log,,833,26.284687995910645,,,,436731904,19946.51791497652,,
,,,,,,,train,,,,2.9464132338762283,2.894283942379147e-06,0.41845022243020913,41.845022243020914,,,,,,,,,stage4_cpt_8k,,,,logs/l20_stage4_hq_crossdedup_train_latest.log,,834,26.272517919540405,,,,437256192,19955.757632581397,,
,,,,,,,train,,,,2.988101601600647,2.893999753517995e-06,0.4180959817006747,41.80959817006747,,,,,,,,,stage4_cpt_8k,,,,logs/l20_stage4_hq_crossdedup_train_latest.log,,835,26.294777870178223,,,,437780480,19938.864005183797,,
,,,,,,,train,,,,2.9062731713056564,2.8937151997533783e-06,0.41754402681851993,41.75440268185199,,,,,,,,,stage4_cpt_8k,,,,logs/l20_stage4_hq_crossdedup_train_latest.log,,836,26.32953715324402,,,,438304768,19912.54145291359,,
,,,,,,,train,,,,2.948773980140686,2.8934302811741205e-06,0.41814878854191956,41.81487885419195,,,,,,,,,stage4_cpt_8k,,,,logs/l20_stage4_hq_crossdedup_train_latest.log,,837,26.291457176208496,,,,438829056,19941.382346598708,,
,,,,,,,train,,,,2.9168796092271805,2.8931449978691595e-06,0.41861625206328323,41.86162520632833,,,,,,,,,stage4_cpt_8k,,,,logs/l20_stage4_hq_crossdedup_train_latest.log,,838,26.26209783554077,,,,439353344,19963.675532823414,,
,,,,,,,train,,,,2.8828849494457245,2.892859349927546e-06,0.41848241136136294,41.848241136136295,,,,,,,,,stage4_cpt_8k,,,,logs/l20_stage4_hq_crossdedup_train_latest.log,,839,26.27049708366394,,,,439877632,19957.29271244066,,
,,,,,,,train,,,,2.968963071703911,2.8925733374384452e-06,0.4184101944507914,41.84101944507914,,,,,,,,,stage4_cpt_8k,,,,logs/l20_stage4_hq_crossdedup_train_latest.log,,840,26.275031328201294,,,,440401920,19953.848711010884,,
,,,,,,,train,,,,2.867880657315254,2.892286960491136e-06,0.41814774198157134,41.81477419815713,,,,,,,,,stage4_cpt_8k,,,,logs/l20_stage4_hq_crossdedup_train_latest.log,,841,26.291522979736328,,,,440926208,19941.33243646953,,
,,,,,,,train,,,,2.998429164290428,2.892000219175011e-06,0.41816754788710514,41.81675478871051,,,,,,,,,stage4_cpt_8k,,,,logs/l20_stage4_hq_crossdedup_train_latest.log,,842,26.29027771949768,,,,441450496,19942.276973786848,,
,,,,,,,train,,,,2.9327459931373596,2.8917131135795766e-06,0.41805044613277054,41.805044613277055,,,,,,,,,stage4_cpt_8k,,,,logs/l20_stage4_hq_crossdedup_train_latest.log,,843,26.29764199256897,,,,441974784,19936.69242847515,,
,,,,,,,train,,,,2.9262238293886185,2.8914256437944524e-06,0.4181829790609346,41.81829790609346,,,,,,,,,stage4_cpt_8k,,,,logs/l20_stage4_hq_crossdedup_train_latest.log,,844,26.289307594299316,,,,442499072,19943.01288154462,,
,,,,,,,train,,,,2.9030571281909943,2.891137809909373e-06,0.41813512299964267,41.813512299964266,,,,,,,,,stage4_cpt_8k,,,,logs/l20_stage4_hq_crossdedup_train_latest.log,,845,26.292316436767578,,,,443023360,19940.73064124649,,
,,,,,,,train,,,,2.96668703854084,2.890849612014185e-06,0.4181692278539806,41.816922785398056,,,,,,,,,stage4_cpt_8k,,,,logs/l20_stage4_hq_crossdedup_train_latest.log,,846,26.29017210006714,,,,443547648,19942.35709087127,,
,,,,,,,train,,,,2.9135115146636963,2.8905610501988493e-06,0.4182587710359807,41.82587710359807,,,,,,,,,stage4_cpt_8k,,,,logs/l20_stage4_hq_crossdedup_train_latest.log,,847,26.284543752670288,,,,444071936,19946.62737665883,,
,,,,,,,train,,,,2.9319257140159607,2.8902721245534414e-06,0.4180368514451934,41.80368514451934,,,,,,,,,stage4_cpt_8k,,,,logs/l20_stage4_hq_crossdedup_train_latest.log,,848,26.298497200012207,,,,444596224,19936.044102160966,,
,,,,,,,train,,,,2.939612627029419,2.889982835168149e-06,0.418222717015656,41.8222717015656,,,,,,,,,stage4_cpt_8k,,,,logs/l20_stage4_hq_crossdedup_train_latest.log,,849,26.28680968284607,,,,445120512,19944.907971929875,,
,,,,,,,train,,,,2.908281162381172,2.889693182133274e-06,0.4179693610588178,41.796936105881784,,,,,,,,,stage4_cpt_8k,,,,logs/l20_stage4_hq_crossdedup_train_latest.log,,850,26.302743673324585,,,,445644800,19932.825507162448,,
,,,,,,,train,,,,2.961836561560631,2.8894031655392315e-06,0.41815370289534937,41.81537028953494,,,,,,,,,stage4_cpt_8k,,,,logs/l20_stage4_hq_crossdedup_train_latest.log,,851,26.29114818572998,,,,446169088,19941.616710546223,,
,,,,,,,train,,,,2.933320164680481,2.8891127854765497e-06,0.4182452386689803,41.824523866898026,,,,,,,,,stage4_cpt_8k,,,,logs/l20_stage4_hq_crossdedup_train_latest.log,,852,26.285394191741943,,,,446693376,19945.98202239307,,
,,,,,,,train,,,,2.9421380013227463,2.8888220420358717e-06,0.4178256277772551,41.78256277772551,,,,,,,,,stage4_cpt_8k,,,,logs/l20_stage4_hq_crossdedup_train_latest.log,,853,26.31179189682007,,,,447217664,19925.97091281203,,
,,,,,,,train,,,,2.9428228437900543,2.888530935307953e-06,0.41817868977053907,41.817868977053905,,,,,,,,,stage4_cpt_8k,,,,logs/l20_stage4_hq_crossdedup_train_latest.log,,854,26.28957724571228,,,,447741952,19942.808326653834,,
,,,,,,,train,,,,2.9039230197668076,2.888239465383662e-06,0.4187576814817102,41.87576814817102,,,,,,,,,stage4_cpt_8k,,,,logs/l20_stage4_hq_crossdedup_train_latest.log,,855,26.253228187561035,,,,448266240,19970.420256675763,,
,,,,,,,train,,,,2.9751535058021545,2.8879476323539813e-06,0.41854625321137157,41.854625321137156,,,,,,,,,stage4_cpt_8k,,,,logs/l20_stage4_hq_crossdedup_train_latest.log,,856,26.26648998260498,,,,448790528,19960.337309903625,,
,,,,,,,train,,,,2.9343975633382797,2.8876554363100065e-06,0.4182291656158412,41.82291656158412,,,,,,,,,stage4_cpt_8k,,,,logs/l20_stage4_hq_crossdedup_train_latest.log,,857,26.286404371261597,,,,449314816,19945.215503615764,,
,,,,,,,train,,,,2.9264418482780457,2.887362877342948e-06,0.41828443068664645,41.82844306866465,,,,,,,,,stage4_cpt_8k,,,,logs/l20_stage4_hq_crossdedup_train_latest.log,,858,26.282931327819824,,,,449839104,19947.851077214294,,
,,,,,,,train,,,,2.8925401121377945,2.8870699555441257e-06,0.41803545677955384,41.803545677955384,,,,,,,,,stage4_cpt_8k,,,,logs/l20_stage4_hq_crossdedup_train_latest.log,,859,26.298584938049316,,,,450363392,19935.977591001472,,
,,,,,,,train,,,,2.9445086121559143,2.886776671004977e-06,0.41789838912849225,41.78983891284923,,,,,,,,,stage4_cpt_8k,,,,logs/l20_stage4_hq_crossdedup_train_latest.log,,860,26.307210683822632,,,,450887680,19929.440878443485,,
,,,,,,,train,,,,2.9793388098478317,2.8864830238170503e-06,0.4181349030842342,41.81349030842342,,,,,,,,,stage4_cpt_8k,,,,logs/l20_stage4_hq_crossdedup_train_latest.log,,861,26.292330265045166,,,,451411968,19940.720153550807,,
,,,,,,,train,,,,2.9472699016332626,2.8861890140720077e-06,0.4184935396449226,41.84935396449226,,,,,,,,,stage4_cpt_8k,,,,logs/l20_stage4_hq_crossdedup_train_latest.log,,862,26.269798517227173,,,,451936256,19957.823416733976,,
,,,,,,,train,,,,2.930208742618561,2.8858946418616245e-06,0.4183608553745491,41.836085537454906,,,,,,,,,stage4_cpt_8k,,,,logs/l20_stage4_hq_crossdedup_train_latest.log,,863,26.278130054473877,,,,452460544,19951.495746202818,,
,,,,,,,train,,,,2.9488863945007324,2.885599907277788e-06,0.41818454537546923,41.81845453754692,,,,,,,,,stage4_cpt_8k,,,,logs/l20_stage4_hq_crossdedup_train_latest.log,,864,26.289209127426147,,,,452984832,19943.08757858516,,
,,,,,,,train,,,,2.908558651804924,2.885304810412501e-06,0.4180564383848236,41.80564383848236,,,,,,,,,stage4_cpt_8k,,,,logs/l20_stage4_hq_crossdedup_train_latest.log,,865,26.29726505279541,,,,453509120,19936.978197064185,,
,,,,,,,train,,,,2.934485360980034,2.885009351357877e-06,0.41785508142775696,41.7855081427757,,,,,,,,,stage4_cpt_8k,,,,logs/l20_stage4_hq_crossdedup_train_latest.log,,866,26.309937238693237,,,,454033408,19927.37554800949,,
,,,,,,,train,,,,2.9338894486427307,2.884713530206144e-06,0.41816155244945424,41.81615524494543,,,,,,,,,stage4_cpt_8k,,,,logs/l20_stage4_hq_crossdedup_train_latest.log,,867,26.29065465927124,,,,454557696,19941.99105327767,,
,,,,,,,train,,,,2.966196835041046,2.8844173470496427e-06,0.41824352774240564,41.824352774240566,,,,,,,,,stage4_cpt_8k,,,,logs/l20_stage4_hq_crossdedup_train_latest.log,,868,26.285501718521118,,,,455081984,19945.900428850466,,
,,,,,,,train,,,,2.990118369460106,2.884120801980827e-06,0.41831679904189,41.831679904189,,,,,,,,,stage4_cpt_8k,,,,logs/l20_stage4_hq_crossdedup_train_latest.log,,869,26.280897617340088,,,,455606272,19949.394713751168,,
,,,,,,,train,,,,2.963025242090225,2.8838238950922633e-06,0.4186245902581243,41.862459025812434,,,,,,,,,stage4_cpt_8k,,,,logs/l20_stage4_hq_crossdedup_train_latest.log,,870,26.261574745178223,,,,456130560,19964.073178675713,,
,,,,,,,train,,,,2.8789740800857544,2.8835266264766303e-06,0.4185214199231562,41.85214199231562,,,,,,,,,stage4_cpt_8k,,,,logs/l20_stage4_hq_crossdedup_train_latest.log,,871,26.268048524856567,,,,456654848,19959.15301830983,,
,,,,,,,train,,,,2.878726452589035,2.883228996226722e-06,0.41828160770536,41.828160770536,,,,,,,,,stage4_cpt_8k,,,,logs/l20_stage4_hq_crossdedup_train_latest.log,,872,26.283108711242676,,,,457179136,19947.716450137206,,
,,,,,,,train,,,,2.9557154774665833,2.8829310044354425e-06,0.4181289009995553,41.81289009995553,,,,,,,,,stage4_cpt_8k,,,,logs/l20_stage4_hq_crossdedup_train_latest.log,,873,26.292707681655884,,,,457703424,19940.433916046983,,
,,,,,,,train,,,,2.9641550183296204,2.8826326511958104e-06,0.4177175379156264,41.77175379156264,,,,,,,,,stage4_cpt_8k,,,,logs/l20_stage4_hq_crossdedup_train_latest.log,,874,26.31860041618347,,,,458227712,19920.81614178891,,
,,,,,,,train,,,,2.9067427963018417,2.8823339366009565e-06,0.417724689944424,41.772468994442406,,,,,,,,,stage4_cpt_8k,,,,logs/l20_stage4_hq_crossdedup_train_latest.log,,875,26.31814980506897,,,,458752000,19921.157219760953,,
,,,,,,,train,,,,2.8822052478790283,2.882034860744125e-06,0.41815773002107764,41.81577300210776,,,,,,,,,stage4_cpt_8k,,,,logs/l20_stage4_hq_crossdedup_train_latest.log,,876,26.290894985198975,,,,459276288,19941.808762887653,,
,,,,,,,train,,,,2.9810305684804916,2.881735423718672e-06,0.4182074004907001,41.82074004907001,,,,,,,,,stage4_cpt_8k,,,,logs/l20_stage4_hq_crossdedup_train_latest.log,,877,26.28777241706848,,,,459800576,19944.177531740315,,
,,,,,,,train,,,,2.9286833852529526,2.8814356256180672e-06,0.41796784181917584,41.79678418191759,,,,,,,,,stage4_cpt_8k,,,,logs/l20_stage4_hq_crossdedup_train_latest.log,,878,26.302839279174805,,,,460324864,19932.753055108522,,
,,,,,,,train,,,,2.910293534398079,2.881135466535893e-06,0.41774537922881677,41.77453792288168,,,,,,,,,stage4_cpt_8k,,,,logs/l20_stage4_hq_crossdedup_train_latest.log,,879,26.31684637069702,,,,460849152,19922.143885134283,,
,,,,,,,train,,,,2.9399226158857346,2.8808349465658434e-06,0.41835567425094916,41.835567425094915,,,,,,,,,stage4_cpt_8k,,,,logs/l20_stage4_hq_crossdedup_train_latest.log,,880,26.27845549583435,,,,461373440,19951.24866007098,,
,,,,,,,train,,,,2.9558153450489044,2.8805340658017256e-06,0.4182209342024588,41.822093420245885,,,,,,,,,stage4_cpt_8k,,,,logs/l20_stage4_hq_crossdedup_train_latest.log,,881,26.286921739578247,,,,461897728,19944.82295013717,,
,,,,,,,train,,,,2.949855223298073,2.8802328243374605e-06,0.4181582798700628,41.81582798700628,,,,,,,,,stage4_cpt_8k,,,,logs/l20_stage4_hq_crossdedup_train_latest.log,,882,26.290860414505005,,,,462422016,19941.834985010366,,
,,,,,,,train,,,,2.9601144790649414,2.8799312222670794e-06,0.41817305049256703,41.8173050492567,,,,,,,,,stage4_cpt_8k,,,,logs/l20_stage4_hq_crossdedup_train_latest.log,,883,26.289931774139404,,,,462946304,19942.539391286133,,
,,,,,,,train,,,,2.9587657004594803,2.8796292596847286e-06,0.4182807464001078,41.82807464001078,,,,,,,,,stage4_cpt_8k,,,,logs/l20_stage4_hq_crossdedup_train_latest.log,,884,26.283162832260132,,,,463470592,19947.67537476446,,
,,,,,,,train,,,,2.949262946844101,2.8793269366846656e-06,0.4180181909833088,41.80181909833088,,,,,,,,,stage4_cpt_8k,,,,logs/l20_stage4_hq_crossdedup_train_latest.log,,885,26.299671173095703,,,,463994880,19935.154190685902,,
,,,,,,,train,,,,2.9057647138834,2.8790242533612596e-06,0.41792400457889806,41.792400457889805,,,,,,,,,stage4_cpt_8k,,,,logs/l20_stage4_hq_crossdedup_train_latest.log,,886,26.305598258972168,,,,464519168,19930.662471102656,,
,,,,,,,train,,,,2.9778890907764435,2.8787212098089946e-06,0.41784147293896834,41.78414729389684,,,,,,,,,stage4_cpt_8k,,,,logs/l20_stage4_hq_crossdedup_train_latest.log,,887,26.31079411506653,,,,465043456,19926.72656351993,,
,,,,,,,train,,,,2.897006630897522,2.8784178061224647e-06,0.4182999349970457,41.82999349970457,,,,,,,,,stage4_cpt_8k,,,,logs/l20_stage4_hq_crossdedup_train_latest.log,,888,26.281957149505615,,,,465567744,19948.59047283175,,
,,,,,,,train,,,,2.9396653920412064,2.878114042396378e-06,0.4183321691239689,41.83321691239689,,,,,,,,,stage4_cpt_8k,,,,logs/l20_stage4_hq_crossdedup_train_latest.log,,889,26.279932022094727,,,,466092032,19950.127708062842,,
,,,,,,,train,,,,2.9058776944875717,2.8778099187255536e-06,0.41787103106869294,41.787103106869296,,,,,,,,,stage4_cpt_8k,,,,logs/l20_stage4_hq_crossdedup_train_latest.log,,890,26.30893301963806,,,,466616320,19928.136181298192,,
,,,,,,,train,,,,2.890789732336998,2.8775054352049247e-06,0.41771078723058785,41.771078723058785,,,,,,,,,stage4_cpt_8k,,,,logs/l20_stage4_hq_crossdedup_train_latest.log,,891,26.31902575492859,,,,467140608,19920.494203772723,,
,,,,,,,train,,,,2.9100739508867264,2.877200591929536e-06,0.4182333079980348,41.82333079980348,,,,,,,,,stage4_cpt_8k,,,,logs/l20_stage4_hq_crossdedup_train_latest.log,,892,26.286144018173218,,,,467664896,19945.41305250126,,
,,,,,,,train,,,,2.961293503642082,2.8768953889945435e-06,0.4178684067919477,41.78684067919477,,,,,,,,,stage4_cpt_8k,,,,logs/l20_stage4_hq_crossdedup_train_latest.log,,893,26.30909824371338,,,,468189184,19928.01103037729,,
,,,,,,,train,,,,2.9035886377096176,2.8765898264952164e-06,0.41792997805498705,41.79299780549871,,,,,,,,,stage4_cpt_8k,,,,logs/l20_stage4_hq_crossdedup_train_latest.log,,894,26.305222272872925,,,,468713472,19930.94734427195,,
,,,,,,,train,,,,2.958957001566887,2.876283904526937e-06,0.41789168561806356,41.789168561806356,,,,,,,,,stage4_cpt_8k,,,,logs/l20_stage4_hq_crossdedup_train_latest.log,,895,26.30763268470764,,,,469237760,19929.121190169393,,
,,,,,,,train,,,,2.9460641145706177,2.8759776231851977e-06,0.4180245612745781,41.80245612745781,,,,,,,,,stage4_cpt_8k,,,,logs/l20_stage4_hq_crossdedup_train_latest.log,,896,26.299270391464233,,,,469762048,19935.457987844577,,
,,,,,,,train,,,,2.8998710215091705,2.8756709825656052e-06,0.41812024131496056,41.81202413149606,,,,,,,,,stage4_cpt_8k,,,,logs/l20_stage4_hq_crossdedup_train_latest.log,,897,26.29325222969055,,,,470286336,19940.020938450885,,
,,,,,,,train,,,,2.9851252883672714,2.875363982763877e-06,0.41842126573810556,41.84212657381055,,,,,,,,,stage4_cpt_8k,,,,logs/l20_stage4_hq_crossdedup_train_latest.log,,898,26.274336099624634,,,,470810624,19954.376697171436,,
,,,,,,,train,,,,2.9709150344133377,2.875056623875843e-06,0.4183130117235062,41.83130117235062,,,,,,,,,stage4_cpt_8k,,,,logs/l20_stage4_hq_crossdedup_train_latest.log,,899,26.28113555908203,,,,471334912,19949.214097745506,,
,,,,,,,train,,,,2.9493546783924103,2.874748905997446e-06,0.41766985641519383,41.76698564151938,,,,,,,,,stage4_cpt_8k,,,,logs/l20_stage4_hq_crossdedup_train_latest.log,,900,26.32160496711731,,,,471859200,19918.542226242484,,
,,,,,,,train,,,,2.970702052116394,2.8744408292247396e-06,0.4183325372607722,41.83325372607722,,,,,,,,,stage4_cpt_8k,,,,logs/l20_stage4_hq_crossdedup_train_latest.log,,901,26.279908895492554,,,,472383488,19950.145264389565,,
,,,,,,,train,,,,2.959918811917305,2.8741323936538898e-06,0.4181811738316187,41.81811738316187,,,,,,,,,stage4_cpt_8k,,,,logs/l20_stage4_hq_crossdedup_train_latest.log,,902,26.28942108154297,,,,472907776,19942.926790734364,,
,,,,,,,train,,,,2.946908935904503,2.8738235993811755e-06,0.418040489747187,41.8040489747187,,,,,,,,,stage4_cpt_8k,,,,logs/l20_stage4_hq_crossdedup_train_latest.log,,903,26.29826831817627,,,,473432064,19936.21761162251,,
,,,,,,,train,,,,2.9530052691698074,2.873514446502986e-06,0.4182529437024699,41.82529437024699,,,,,,,,,stage4_cpt_8k,,,,logs/l20_stage4_hq_crossdedup_train_latest.log,,904,26.284909963607788,,,,473956352,19946.349472982474,,
,,,,,,,train,,,,2.8309693932533264,2.8732049351158246e-06,0.41845478311379225,41.845478311379225,,,,,,,,,stage4_cpt_8k,,,,logs/l20_stage4_hq_crossdedup_train_latest.log,,905,26.272231578826904,,,,474480640,19955.975130126735,,
,,,,,,,train,,,,2.9330375641584396,2.8728950653163052e-06,0.41841561611911,41.841561611911,,,,,,,,,stage4_cpt_8k,,,,logs/l20_stage4_hq_crossdedup_train_latest.log,,906,26.274690866470337,,,,475004928,19954.107268643624,,
,,,,,,,train,,,,2.9263658970594406,2.8725848372011523e-06,0.4186298122502969,41.862981225029685,,,,,,,,,stage4_cpt_8k,,,,logs/l20_stage4_hq_crossdedup_train_latest.log,,907,26.261247158050537,,,,475529216,19964.322213816737,,
,,,,,,,train,,,,2.9216734915971756,2.872274250867205e-06,0.4183705043731309,41.83705043731309,,,,,,,,,stage4_cpt_8k,,,,logs/l20_stage4_hq_crossdedup_train_latest.log,,908,26.2775239944458,,,,476053504,19951.955903867394,,
,,,,,,,train,,,,2.9324664771556854,2.871963306411412e-06,0.4184430645219633,41.84430645219633,,,,,,,,,stage4_cpt_8k,,,,logs/l20_stage4_hq_crossdedup_train_latest.log,,909,26.27296733856201,,,,476577792,19955.416274220348,,
,,,,,,,train,,,,2.9582190066576004,2.8716520039308355e-06,0.418249806266584,41.824980626658395,,,,,,,,,stage4_cpt_8k,,,,logs/l20_stage4_hq_crossdedup_train_latest.log,,910,26.285107135772705,,,,477102080,19946.199849665838,,
,,,,,,,train,,,,2.9127095341682434,2.871340343522648e-06,0.41827288857634315,41.827288857634315,,,,,,,,,stage4_cpt_8k,,,,logs/l20_stage4_hq_crossdedup_train_latest.log,,911,26.28365659713745,,,,477626368,19947.300637655575,,
,,,,,,,train,,,,2.8964822590351105,2.871028325284135e-06,0.41794724792948945,41.79472479294895,,,,,,,,,stage4_cpt_8k,,,,logs/l20_stage4_hq_crossdedup_train_latest.log,,912,26.3041353225708,,,,478150656,19931.770939078313,,
,,,,,,,train,,,,2.985428035259247,2.8707159493126924e-06,0.4178124073577122,41.78124073577122,,,,,,,,,stage4_cpt_8k,,,,logs/l20_stage4_hq_crossdedup_train_latest.log,,913,26.31262445449829,,,,478674944,19925.340435221013,,
,,,,,,,train,,,,2.9595640897750854,2.8704032157058283e-06,0.41751212951162886,41.751212951162884,,,,,,,,,stage4_cpt_8k,,,,logs/l20_stage4_hq_crossdedup_train_latest.log,,914,26.3315486907959,,,,479199232,19911.020280522393,,
,,,,,,,train,,,,2.9426541328430176,2.8700901245611636e-06,0.4175199928018275,41.75199928018275,,,,,,,,,stage4_cpt_8k,,,,logs/l20_stage4_hq_crossdedup_train_latest.log,,915,26.331052780151367,,,,479723520,19911.395278323773,,
,,,,,,,train,,,,2.9602723121643066,2.869776675976428e-06,0.4177420109781076,41.77420109781076,,,,,,,,,stage4_cpt_8k,,,,logs/l20_stage4_hq_crossdedup_train_latest.log,,916,26.317058563232422,,,,480247808,19921.983254332346,,
,,,,,,,train,,,,2.931368127465248,2.869462870049466e-06,0.4179015440188418,41.79015440188418,,,,,,,,,stage4_cpt_8k,,,,logs/l20_stage4_hq_crossdedup_train_latest.log,,917,26.30701208114624,,,,480772096,19929.591334157925,,
,,,,,,,train,,,,2.941036805510521,2.8691487068782318e-06,0.41833916383402897,41.833916383402894,,,,,,,,,stage4_cpt_8k,,,,logs/l20_stage4_hq_crossdedup_train_latest.log,,918,26.279492616653442,,,,481296384,19950.46128355447,,
,,,,,,,train,,,,2.9316548109054565,2.8688341865607914e-06,0.41821162209546314,41.821162209546316,,,,,,,,,stage4_cpt_8k,,,,logs/l20_stage4_hq_crossdedup_train_latest.log,,919,26.28750705718994,,,,481820672,19944.378858724875,,
,,,,,,,train,,,,2.914449080824852,2.8685193091953226e-06,0.41839076036714967,41.839076036714964,,,,,,,,,stage4_cpt_8k,,,,logs/l20_stage4_hq_crossdedup_train_latest.log,,920,26.276251792907715,,,,482344960,19952.921905760995,,
,,,,,,,train,,,,2.946123421192169,2.868204074880114e-06,0.41846858728731484,41.84685872873148,,,,,,,,,stage4_cpt_8k,,,,logs/l20_stage4_hq_crossdedup_train_latest.log,,921,26.27136492729187,,,,482869248,19956.63344675884,,
,,,,,,,train,,,,2.906886950135231,2.867888483713566e-06,0.4183370877887824,41.83370877887824,,,,,,,,,stage4_cpt_8k,,,,logs/l20_stage4_hq_crossdedup_train_latest.log,,922,26.27962303161621,,,,483393536,19950.362277618868,,
,,,,,,,train,,,,3.0089176148176193,2.867572535794191e-06,0.41809410898611815,41.809410898611816,,,,,,,,,stage4_cpt_8k,,,,logs/l20_stage4_hq_crossdedup_train_latest.log,,923,26.2948956489563,,,,483917824,19938.774696023946,,
,,,,,,,train,,,,2.937283366918564,2.8672562312206116e-06,0.4183072246209591,41.830722462095906,,,,,,,,,stage4_cpt_8k,,,,logs/l20_stage4_hq_crossdedup_train_latest.log,,924,26.28149914741516,,,,484442112,19948.938112670974,,
,,,,,,,train,,,,2.909420132637024,2.8669395700915628e-06,0.41798700550620854,41.79870055062086,,,,,,,,,stage4_cpt_8k,,,,logs/l20_stage4_hq_crossdedup_train_latest.log,,925,26.30163335800171,,,,484966400,19933.66696523038,,
,,,,,,,train,,,,2.9176505506038666,2.8666225525058903e-06,0.41764803597921996,41.764803597922,,,,,,,,,stage4_cpt_8k,,,,logs/l20_stage4_hq_crossdedup_train_latest.log,,926,26.322980165481567,,,,485490688,19917.50161661106,,
,,,,,,,train,,,,2.920244127511978,2.8663051785625513e-06,0.4180281804141043,41.802818041410426,,,,,,,,,stage4_cpt_8k,,,,logs/l20_stage4_hq_crossdedup_train_latest.log,,927,26.29904270172119,,,,486014976,19935.630583454164,,
,,,,,,,train,,,,2.9263658970594406,2.8659874483606136e-06,0.4180293665959823,41.80293665959823,,,,,,,,,stage4_cpt_8k,,,,logs/l20_stage4_hq_crossdedup_train_latest.log,,928,26.298968076705933,,,,486539264,19935.687152089562,,
,,,,,,,train,,,,2.974317505955696,2.865669361999257e-06,0.4182785571071298,41.82785571071298,,,,,,,,,stage4_cpt_8k,,,,logs/l20_stage4_hq_crossdedup_train_latest.log,,929,26.283300399780273,,,,487063552,19947.57096808067,,
,,,,,,,train,,,,2.9165226817131042,2.8653509195777727e-06,0.4183452744341326,41.83452744341326,,,,,,,,,stage4_cpt_8k,,,,logs/l20_stage4_hq_crossdedup_train_latest.log,,930,26.27910876274109,,,,487587840,19950.75269612428,,
,,,,,,,train,,,,2.9113337993621826,2.8650321211955617e-06,0.41838769299166356,41.83876929916636,,,,,,,,,stage4_cpt_8k,,,,logs/l20_stage4_hq_crossdedup_train_latest.log,,931,26.27644443511963,,,,488112128,19952.77562360248,,
,,,,,,,train,,,,2.903749540448189,2.8647129669521376e-06,0.41823474950558964,41.82347495055897,,,,,,,,,stage4_cpt_8k,,,,logs/l20_stage4_hq_crossdedup_train_latest.log,,932,26.28605341911316,,,,488636416,19945.481797536744,,
,,,,,,,train,,,,2.937939539551735,2.8643934569471243e-06,0.4181891344032742,41.81891344032742,,,,,,,,,stage4_cpt_8k,,,,logs/l20_stage4_hq_crossdedup_train_latest.log,,933,26.288920640945435,,,,489160704,19943.306427857395,,
,,,,,,,train,,,,2.9839022904634476,2.8640735912802564e-06,0.4179189403261381,41.79189403261381,,,,,,,,,stage4_cpt_8k,,,,logs/l20_stage4_hq_crossdedup_train_latest.log,,934,26.305917024612427,,,,489684992,19930.4209585039,,
,,,,,,,train,,,,2.9501362442970276,2.863753370051381e-06,0.4180905417766666,41.80905417766666,,,,,,,,,stage4_cpt_8k,,,,logs/l20_stage4_hq_crossdedup_train_latest.log,,935,26.295120000839233,,,,490209280,19938.604576943053,,
,,,,,,,train,,,,2.94217287003994,2.8634327933604547e-06,0.41797590414478214,41.797590414478215,,,,,,,,,stage4_cpt_8k,,,,logs/l20_stage4_hq_crossdedup_train_latest.log,,936,26.302331924438477,,,,490733568,19933.137544845005,,
,,,,,,,train,,,,2.9613982290029526,2.863111861307545e-06,0.4185340622324691,41.85340622324691,,,,,,,,,stage4_cpt_8k,,,,logs/l20_stage4_hq_crossdedup_train_latest.log,,937,26.267255067825317,,,,491257856,19959.75592600838,,
,,,,,,,train,,,,2.917452171444893,2.8627905739928322e-06,0.41820304242748235,41.820304242748236,,,,,,,,,stage4_cpt_8k,,,,logs/l20_stage4_hq_crossdedup_train_latest.log,,938,26.28804636001587,,,,491782144,19943.96969709557,,
,,,,,,,train,,,,2.942971795797348,2.8624689315166047e-06,0.4179215917520659,41.79215917520659,,,,,,,,,stage4_cpt_8k,,,,logs/l20_stage4_hq_crossdedup_train_latest.log,,939,26.305750131607056,,,,492306432,19930.54740416066,,
,,,,,,,train,,,,2.9874271750450134,2.8621469339792645e-06,0.4177524527321089,41.77524527321089,,,,,,,,,stage4_cpt_8k,,,,logs/l20_stage4_hq_crossdedup_train_latest.log,,940,26.31640076637268,,,,492830720,19922.481218250014,,
,,,,,,,train,,,,2.9060842096805573,2.8618245814813226e-06,0.41804786887289047,41.80478688728905,,,,,,,,,stage4_cpt_8k,,,,logs/l20_stage4_hq_crossdedup_train_latest.log,,941,26.29780411720276,,,,493355008,19936.569519773555,,
,,,,,,,train,,,,2.881146028637886,2.861501874123401e-06,0.41880248878345394,41.88024887834539,,,,,,,,,stage4_cpt_8k,,,,logs/l20_stage4_hq_crossdedup_train_latest.log,,942,26.25041937828064,,,,493879296,19972.557102603518,,
,,,,,,,train,,,,2.897565260529518,2.861178812006234e-06,0.4188895178739465,41.88895178739465,,,,,,,,,stage4_cpt_8k,,,,logs/l20_stage4_hq_crossdedup_train_latest.log,,943,26.24496555328369,,,,494403584,19976.707492169015,,
,,,,,,,train,,,,2.935997888445854,2.860855395230664e-06,0.41818863756978225,41.818863756978224,,,,,,,,,stage4_cpt_8k,,,,logs/l20_stage4_hq_crossdedup_train_latest.log,,944,26.288951873779297,,,,494927872,19943.28273402664,,
,,,,,,,train,,,,2.908403977751732,2.860531623897647e-06,0.41791960317946597,41.7919603179466,,,,,,,,,stage4_cpt_8k,,,,logs/l20_stage4_hq_crossdedup_train_latest.log,,945,26.305875301361084,,,,495452160,19930.452569767673,,
,,,,,,,train,,,,2.9387831687927246,2.860207498108248e-06,0.4183466521903704,41.83466521903704,,,,,,,,,stage4_cpt_8k,,,,logs/l20_stage4_hq_crossdedup_train_latest.log,,946,26.279022216796875,,,,495976448,19950.818400879794,,
,,,,,,,train,,,,2.9377991408109665,2.859883017963642e-06,0.4184263383754706,41.84263383754706,,,,,,,,,stage4_cpt_8k,,,,logs/l20_stage4_hq_crossdedup_train_latest.log,,947,26.274017572402954,,,,496500736,19954.618609629328,,
,,,,,,,train,,,,2.9553177803754807,2.859558183565116e-06,0.4179577113115121,41.79577113115121,,,,,,,,,stage4_cpt_8k,,,,logs/l20_stage4_hq_crossdedup_train_latest.log,,948,26.303476810455322,,,,497025024,19932.269934429416,,
,,,,,,,train,,,,2.8523416966199875,2.8592329950140675e-06,0.4182490968408107,41.82490968408107,,,,,,,,,stage4_cpt_8k,,,,logs/l20_stage4_hq_crossdedup_train_latest.log,,949,26.285151720046997,,,,497549312,19946.166017377,,
,,,,,,,train,,,,2.9246331602334976,2.8589074524120042e-06,0.4182641546348708,41.82641546348708,,,,,,,,,stage4_cpt_8k,,,,logs/l20_stage4_hq_crossdedup_train_latest.log,,950,26.284205436706543,,,,498073600,19946.88411877267,,
,,,,,,,train,,,,2.91222383081913,2.8585815558605437e-06,0.4184870904856182,41.84870904856182,,,,,,,,,stage4_cpt_8k,,,,logs/l20_stage4_hq_crossdedup_train_latest.log,,951,26.270203351974487,,,,498597888,19957.51585838387,,
,,,,,,,train,,,,2.9497992247343063,2.8582553054614146e-06,0.41858460870996,41.858460870996,,,,,,,,,stage4_cpt_8k,,,,logs/l20_stage4_hq_crossdedup_train_latest.log,,952,26.26408314704895,,,,499122176,19962.166471396864,,
,,,,,,,train,,,,2.9202044755220413,2.8579287013164566e-06,0.41873428326189305,41.873428326189305,,,,,,,,,stage4_cpt_8k,,,,logs/l20_stage4_hq_crossdedup_train_latest.log,,953,26.254695177078247,,,,499646464,19969.304403036127,,
,,,,,,,train,,,,2.9204102158546448,2.857601743527619e-06,0.41875592072507545,41.875592072507544,,,,,,,,,stage4_cpt_8k,,,,logs/l20_stage4_hq_crossdedup_train_latest.log,,954,26.25333857536316,,,,500170752,19970.33628675349,,
,,,,,,,train,,,,2.9979151785373688,2.8572744321969616e-06,0.41821237311763915,41.821237311763916,,,,,,,,,stage4_cpt_8k,,,,logs/l20_stage4_hq_crossdedup_train_latest.log,,955,26.28745985031128,,,,500695040,19944.414674732892,,
,,,,,,,train,,,,2.975860074162483,2.8569467674266548e-06,0.41862546438165094,41.8625464381651,,,,,,,,,stage4_cpt_8k,,,,logs/l20_stage4_hq_crossdedup_train_latest.log,,956,26.26151990890503,,,,501219328,19964.114865347874,,
,,,,,,,train,,,,2.908408299088478,2.85661874931898e-06,0.4190280933358269,41.90280933358269,,,,,,,,,stage4_cpt_8k,,,,logs/l20_stage4_hq_crossdedup_train_latest.log,,957,26.236286163330078,,,,501743616,19983.316111743996,,
,,,,,,,train,,,,2.876627027988434,2.8562903779763264e-06,0.41853995438694797,41.853995438694795,,,,,,,,,stage4_cpt_8k,,,,logs/l20_stage4_hq_crossdedup_train_latest.log,,958,26.26688528060913,,,,502267904,19960.03692097603,,
,,,,,,,train,,,,2.974801391363144,2.855961653501196e-06,0.4185394795134193,41.85394795134193,,,,,,,,,stage4_cpt_8k,,,,logs/l20_stage4_hq_crossdedup_train_latest.log,,959,26.26691508293152,,,,502792192,19960.014274408917,,
,,,,,,,train,,,,2.9848943054676056,2.855632575996201e-06,0.4182645605919216,41.82645605919216,,,,,,,,,stage4_cpt_8k,,,,logs/l20_stage4_hq_crossdedup_train_latest.log,,960,26.28417992591858,,,,503316480,19946.903478734926,,
,,,,,,,train,,,,2.9811726808547974,2.8553031455640616e-06,0.4182725129562369,41.82725129562369,,,,,,,,,stage4_cpt_8k,,,,logs/l20_stage4_hq_crossdedup_train_latest.log,,961,26.283680200576782,,,,503840768,19947.28272445252,,
,,,,,,,train,,,,2.9776587933301926,2.8549733623076105e-06,0.4184054297252377,41.84054297252377,,,,,,,,,stage4_cpt_8k,,,,logs/l20_stage4_hq_crossdedup_train_latest.log,,962,26.275330543518066,,,,504365056,19953.621482769056,,
,,,,,,,train,,,,2.873347133398056,2.8546432263297894e-06,0.4179712137126288,41.79712137126288,,,,,,,,,stage4_cpt_8k,,,,logs/l20_stage4_hq_crossdedup_train_latest.log,,963,26.302627086639404,,,,504889344,19932.913859631746,,
,,,,,,,train,,,,2.899712920188904,2.8543127377336503e-06,0.4178381599324337,41.783815993243365,,,,,,,,,stage4_cpt_8k,,,,logs/l20_stage4_hq_crossdedup_train_latest.log,,964,26.311002731323242,,,,505413632,19926.568567295053,,
,,,,,,,train,,,,2.968959301710129,2.853981896622355e-06,0.4180212832598783,41.80212832598783,,,,,,,,,stage4_cpt_8k,,,,logs/l20_stage4_hq_crossdedup_train_latest.log,,965,26.299476623535156,,,,505937920,19935.301660369147,,
,,,,,,,train,,,,2.953940600156784,2.853650703099176e-06,0.4182212035200736,41.82212035200736,,,,,,,,,stage4_cpt_8k,,,,logs/l20_stage4_hq_crossdedup_train_latest.log,,966,26.28690481185913,,,,506462208,19944.835793808314,,
,,,,,,,train,,,,3.002170279622078,2.8533191572674953e-06,0.41814882646087104,41.814882646087106,,,,,,,,,stage4_cpt_8k,,,,logs/l20_stage4_hq_crossdedup_train_latest.log,,967,26.291454792022705,,,,506986496,19941.38415494141,,
,,,,,,,train,,,,2.986644208431244,2.8529872592308043e-06,0.41802497055632426,41.80249705563243,,,,,,,,,stage4_cpt_8k,,,,logs/l20_stage4_hq_crossdedup_train_latest.log,,968,26.29924464225769,,,,507510784,19935.477506360498,,
,,,,,,,train,,,,2.9414496272802353,2.8526550090927065e-06,0.4180719637028076,41.80719637028076,,,,,,,,,stage4_cpt_8k,,,,logs/l20_stage4_hq_crossdedup_train_latest.log,,969,26.29628849029541,,,,508035072,19937.718594526654,,
,,,,,,,train,,,,2.9989849627017975,2.852322406956912e-06,0.41819234298998004,41.819234298998005,,,,,,,,,stage4_cpt_8k,,,,logs/l20_stage4_hq_crossdedup_train_latest.log,,970,26.288718938827515,,,,508559360,19943.459444333937,,
,,,,,,,train,,,,2.9424339085817337,2.8519894529272447e-06,0.4185124780777913,41.85124780777913,,,,,,,,,stage4_cpt_8k,,,,logs/l20_stage4_hq_crossdedup_train_latest.log,,971,26.268609762191772,,,,509083648,19958.726584556603,,
,,,,,,,train,,,,2.9203449338674545,2.851656147107634e-06,0.41888207856439896,41.8882078564399,,,,,,,,,stage4_cpt_8k,,,,logs/l20_stage4_hq_crossdedup_train_latest.log,,972,26.245431661605835,,,,509607936,19976.352713869645,,
,,,,,,,train,,,,2.900368496775627,2.851322489602124e-06,0.4181770135200443,41.817701352004434,,,,,,,,,stage4_cpt_8k,,,,logs/l20_stage4_hq_crossdedup_train_latest.log,,973,26.289682626724243,,,,510132224,19942.72838680242,,
,,,,,,,train,,,,2.9069618731737137,2.850988480514863e-06,0.41812375215961484,41.81237521596148,,,,,,,,,stage4_cpt_8k,,,,logs/l20_stage4_hq_crossdedup_train_latest.log,,974,26.293031454086304,,,,510656512,19940.188369512573,,
,,,,,,,train,,,,2.965003937482834,2.850654119950114e-06,0.4180587049487193,41.805870494871925,,,,,,,,,stage4_cpt_8k,,,,logs/l20_stage4_hq_crossdedup_train_latest.log,,975,26.297122478485107,,,,511180800,19937.086288773393,,
,,,,,,,train,,,,2.8827012479305267,2.8503194080122474e-06,0.4180467470167519,41.80467470167519,,,,,,,,,stage4_cpt_8k,,,,logs/l20_stage4_hq_crossdedup_train_latest.log,,976,26.297874689102173,,,,511705088,19936.516018812148,,
,,,,,,,train,,,,2.902072161436081,2.849984344805743e-06,0.41841553259094144,41.84155325909414,,,,,,,,,stage4_cpt_8k,,,,logs/l20_stage4_hq_crossdedup_train_latest.log,,977,26.274696111679077,,,,512229376,19954.103285211906,,
,,,,,,,train,,,,2.9296457171440125,2.849648930435191e-06,0.41786057202616717,41.78605720261672,,,,,,,,,stage4_cpt_8k,,,,logs/l20_stage4_hq_crossdedup_train_latest.log,,978,26.30959153175354,,,,512753664,19927.63739289631,,
,,,,,,,train,,,,2.941269114613533,2.849313165005292e-06,0.4182234035924519,41.82234035924519,,,,,,,,,stage4_cpt_8k,,,,logs/l20_stage4_hq_crossdedup_train_latest.log,,979,26.286766529083252,,,,513277952,19944.940714558266,,
,,,,,,,train,,,,2.942046657204628,2.8489770486208535e-06,0.41811285584286706,41.81128558428671,,,,,,,,,stage4_cpt_8k,,,,logs/l20_stage4_hq_crossdedup_train_latest.log,,980,26.29371666908264,,,,513802240,19939.668727642522,,
,,,,,,,train,,,,2.963488534092903,2.8486405813867958e-06,0.41829888388535275,41.829888388535274,,,,,,,,,stage4_cpt_8k,,,,logs/l20_stage4_hq_crossdedup_train_latest.log,,981,26.282023191452026,,,,514326528,19948.540345650392,,
,,,,,,,train,,,,2.8893560618162155,2.8483037634081463e-06,0.4181365069553667,41.81365069553667,,,,,,,,,stage4_cpt_8k,,,,logs/l20_stage4_hq_crossdedup_train_latest.log,,982,26.292229413986206,,,,514850816,19940.79664165352,,
,,,,,,,train,,,,2.970469608902931,2.847966594790043e-06,0.4182741178832259,41.827411788322586,,,,,,,,,stage4_cpt_8k,,,,logs/l20_stage4_hq_crossdedup_train_latest.log,,983,26.283579349517822,,,,515375104,19947.359262908692,,
,,,,,,,train,,,,2.9623039066791534,2.8476290756377343e-06,0.4182933779678116,41.82933779678116,,,,,,,,,stage4_cpt_8k,,,,logs/l20_stage4_hq_crossdedup_train_latest.log,,984,26.282369136810303,,,,515899392,19948.277770199104,,
,,,,,,,train,,,,2.955485850572586,2.847291206056575e-06,0.4181358699554298,41.81358699554298,,,,,,,,,stage4_cpt_8k,,,,logs/l20_stage4_hq_crossdedup_train_latest.log,,985,26.292269468307495,,,,516423680,19940.766263329715,,
,,,,,,,train,,,,2.9530095905065536,2.846952986152032e-06,0.4179848495984133,41.79848495984133,,,,,,,,,stage4_cpt_8k,,,,logs/l20_stage4_hq_crossdedup_train_latest.log,,986,26.301769018173218,,,,516947968,19933.5641506753,,
,,,,,,,train,,,,2.916713371872902,2.846614416029681e-06,0.41812026406322433,41.81202640632243,,,,,,,,,stage4_cpt_8k,,,,logs/l20_stage4_hq_crossdedup_train_latest.log,,987,26.293250799179077,,,,517472256,19940.022023308324,,
,,,,,,,train,,,,2.9156028479337692,2.846275495795206e-06,0.41789198859694526,41.78919885969453,,,,,,,,,stage4_cpt_8k,,,,logs/l20_stage4_hq_crossdedup_train_latest.log,,988,26.307613611221313,,,,517996544,19929.13563913562,,
,,,,,,,train,,,,2.9007255733013153,2.8459362255544014e-06,0.41826165061814785,41.826165061814784,,,,,,,,,stage4_cpt_8k,,,,logs/l20_stage4_hq_crossdedup_train_latest.log,,989,26.28436279296875,,,,518520832,19946.764703013865,,
,,,,,,,train,,,,2.9100930988788605,2.8455966054131706e-06,0.4179563361159054,41.79563361159054,,,,,,,,,stage4_cpt_8k,,,,logs/l20_stage4_hq_crossdedup_train_latest.log,,990,26.303563356399536,,,,519045120,19932.204351789587,,
,,,,,,,train,,,,2.9196435511112213,2.845256635477526e-06,0.41817528418972605,41.81752841897261,,,,,,,,,stage4_cpt_8k,,,,logs/l20_stage4_hq_crossdedup_train_latest.log,,991,26.289791345596313,,,,519569408,19942.645915591154,,
,,,,,,,train,,,,2.9419121146202087,2.8449163158535895e-06,0.4183055663135486,41.83055663135486,,,,,,,,,stage4_cpt_8k,,,,logs/l20_stage4_hq_crossdedup_train_latest.log,,992,26.28160333633423,,,,520093696,19948.859028519528,,
,,,,,,,train,,,,2.9386933743953705,2.8445756466475908e-06,0.4183352850239765,41.83352850239765,,,,,,,,,stage4_cpt_8k,,,,logs/l20_stage4_hq_crossdedup_train_latest.log,,993,26.279736280441284,,,,520617984,19950.276304340307,,
,,,,,,,train,,,,2.9742388874292374,2.8442346279658714e-06,0.41816654294723243,41.81665429472324,,,,,,,,,stage4_cpt_8k,,,,logs/l20_stage4_hq_crossdedup_train_latest.log,,994,26.290340900421143,,,,521142272,19942.22904852487,,
,,,,,,,train,,,,2.8963309824466705,2.8438932599148792e-06,0.41790777819193564,41.790777819193565,,,,,,,,,stage4_cpt_8k,,,,logs/l20_stage4_hq_crossdedup_train_latest.log,,995,26.30661964416504,,,,521666560,19929.888639884226,,
,,,,,,,train,,,,2.8934063464403152,2.843551542601173e-06,0.418428122940316,41.8428122940316,,,,,,,,,stage4_cpt_8k,,,,logs/l20_stage4_hq_crossdedup_train_latest.log,,996,26.273905515670776,,,,522190848,19954.703714957577,,
,,,,,,,train,,,,2.9313175976276398,2.8432094761314195e-06,0.4185857258550873,41.85857258550873,,,,,,,,,stage4_cpt_8k,,,,logs/l20_stage4_hq_crossdedup_train_latest.log,,997,26.264013051986694,,,,522715136,19962.219747691648,,
,,,,,,,train,,,,2.9397659450769424,2.8428670606123954e-06,0.41873527191971777,41.873527191971775,,,,,,,,,stage4_cpt_8k,,,,logs/l20_stage4_hq_crossdedup_train_latest.log,,998,26.25463318824768,,,,523239424,19969.351551812433,,
,,,,,,,train,,,,2.9751249998807907,2.8425242961509844e-06,0.4183784000295885,41.83784000295885,,,,,,,,,stage4_cpt_8k,,,,logs/l20_stage4_hq_crossdedup_train_latest.log,,999,26.27702808380127,,,,523763712,19952.332445205342,,
,,,,,,,train,,,,2.9546847492456436,2.842181182854182e-06,0.41794346351156403,41.794346351156406,,,,,,,,,stage4_cpt_8k,,,,logs/l20_stage4_hq_crossdedup_train_latest.log,,1000,26.304373502731323,,,,524288000,19931.590461394582,,
,,,,,,,eval,,,,2.9268106669187546,,,,,,,,,18.66799699130081,,,stage4_cpt_8k,,,,logs/l20_stage4_hq_crossdedup_train_latest.log,,1000,,,,,,,,
,,,,,,,checkpoint,,,,,,,,,,,runs/l20-edu-135m-stage4-hq-crossdedup-8k/step-001000,,,,,stage4_cpt_8k,,,,logs/l20_stage4_hq_crossdedup_train_latest.log,,1000,,,,,,,,
,,,,,,,train,,,,2.9451069980859756,2.84183772082909e-06,0.3146286259243227,31.462862592432273,,,,,,,,,stage4_cpt_8k,,,,logs/l20_stage4_hq_crossdedup_train_latest.log,,1001,34.94196033477783,,,,524812288,15004.5388116984,,
,,,,,,,train,,,,2.9006996154785156,2.8414939101829214e-06,0.41845591095845347,41.84559109584535,,,,,,,,,stage4_cpt_8k,,,,logs/l20_stage4_hq_crossdedup_train_latest.log,,1002,26.27216076850891,,,,525336576,19956.02891667887,,
,,,,,,,train,,,,2.926783189177513,2.841149751022995e-06,0.418245894970472,41.8245894970472,,,,,,,,,stage4_cpt_8k,,,,logs/l20_stage4_hq_crossdedup_train_latest.log,,1003,26.28535294532776,,,,525860864,19946.01332120186,,
,,,,,,,train,,,,2.88593128323555,2.840805243456742e-06,0.417949782277707,41.7949782277707,,,,,,,,,stage4_cpt_8k,,,,logs/l20_stage4_hq_crossdedup_train_latest.log,,1004,26.303975820541382,,,,526385152,19931.891801336413,,
,,,,,,,train,,,,2.909594401717186,2.840460387591699e-06,0.4183828224866094,41.83828224866094,,,,,,,,,stage4_cpt_8k,,,,logs/l20_stage4_hq_crossdedup_train_latest.log,,1005,26.276750326156616,,,,526909440,19952.543350770015,,
,,,,,,,train,,,,2.9206792563199997,2.840115183535513e-06,0.4183093421126925,41.83093421126925,,,,,,,,,stage4_cpt_8k,,,,logs/l20_stage4_hq_crossdedup_train_latest.log,,1006,26.281366109848022,,,,527433728,19949.03909517631,,
,,,,,,,train,,,,2.9277445673942566,2.8397696313959404e-06,0.4183528161475779,41.83528161475779,,,,,,,,,stage4_cpt_8k,,,,logs/l20_stage4_hq_crossdedup_train_latest.log,,1007,26.278635025024414,,,,527958016,19951.11235803287,,
,,,,,,,train,,,,2.8939895629882812,2.839423731280845e-06,0.41832801339777975,41.83280133977797,,,,,,,,,stage4_cpt_8k,,,,logs/l20_stage4_hq_crossdedup_train_latest.log,,1008,26.280193090438843,,,,528482304,19949.92952280645,,
,,,,,,,train,,,,2.9547197073698044,2.8390774832981986e-06,0.41803549846779403,41.803549846779404,,,,,,,,,stage4_cpt_8k,,,,logs/l20_stage4_hq_crossdedup_train_latest.log,,1009,26.298582315444946,,,,529006592,19935.97957910035,,
,,,,,,,train,,,,2.967566803097725,2.8387308875560843e-06,0.41787383714999005,41.787383714999,,,,,,,,,stage4_cpt_8k,,,,logs/l20_stage4_hq_crossdedup_train_latest.log,,1010,26.308756351470947,,,,529530880,19928.270002420184,,
,,,,,,,train,,,,2.96630921959877,2.8383839441626905e-06,0.4180811179646079,41.80811179646079,,,,,,,,,stage4_cpt_8k,,,,logs/l20_stage4_hq_crossdedup_train_latest.log,,1011,26.29571270942688,,,,530055168,19938.155158351932,,
,,,,,,,train,,,,2.9847579449415207,2.8380366532263167e-06,0.41858748138090673,41.858748138090675,,,,,,,,,stage4_cpt_8k,,,,logs/l20_stage4_hq_crossdedup_train_latest.log,,1012,26.26390290260315,,,,530579456,19962.303468158007,,
,,,,,,,train,,,,2.9502136558294296,2.837689014855369e-06,0.41821521412996904,41.8215214129969,,,,,,,,,stage4_cpt_8k,,,,logs/l20_stage4_hq_crossdedup_train_latest.log,,1013,26.287281274795532,,,,531103744,19944.550161704694,,
,,,,,,,train,,,,2.9734628200531006,2.837341029158363e-06,0.417671789646288,41.7671789646288,,,,,,,,,stage4_cpt_8k,,,,logs/l20_stage4_hq_crossdedup_train_latest.log,,1014,26.32148313522339,,,,531628032,19918.63442141671,,
,,,,,,,train,,,,2.9191629141569138,2.836992696243923e-06,0.4181900598062078,41.81900598062078,,,,,,,,,stage4_cpt_8k,,,,logs/l20_stage4_hq_crossdedup_train_latest.log,,1015,26.288862466812134,,,,532152320,19943.35056002812,,
,,,,,,,train,,,,2.958017021417618,2.8366440162207805e-06,0.41828099682329556,41.82809968232956,,,,,,,,,stage4_cpt_8k,,,,logs/l20_stage4_hq_crossdedup_train_latest.log,,1016,26.28314709663391,,,,532676608,19947.68731736641,,
,,,,,,,train,,,,2.9406819492578506,2.8362949891977765e-06,0.4182526819315334,41.82526819315334,,,,,,,,,stage4_cpt_8k,,,,logs/l20_stage4_hq_crossdedup_train_latest.log,,1017,26.284926414489746,,,,533200896,19946.33698921001,,
,,,,,,,train,,,,2.903096690773964,2.835945615283859e-06,0.41815632317267143,41.815632317267145,,,,,,,,,stage4_cpt_8k,,,,logs/l20_stage4_hq_crossdedup_train_latest.log,,1018,26.29098343849182,,,,533725184,19941.741670735908,,
,,,,,,,train,,,,2.9182031005620956,2.8355958945880867e-06,0.4183638160742248,41.83638160742248,,,,,,,,,stage4_cpt_8k,,,,logs/l20_stage4_hq_crossdedup_train_latest.log,,1019,26.277944087982178,,,,534249472,19951.63694102596,,
,,,,,,,train,,,,2.8919706642627716,2.835245827219624e-06,0.41818902820975684,41.81890282097569,,,,,,,,,stage4_cpt_8k,,,,logs/l20_stage4_hq_crossdedup_train_latest.log,,1020,26.28892731666565,,,,534773760,19943.301363522427,,
,,,,,,,train,,,,2.9653302878141403,2.8348954132877442e-06,0.4179198418071787,41.791984180717876,,,,,,,,,stage4_cpt_8k,,,,logs/l20_stage4_hq_crossdedup_train_latest.log,,1021,26.3058602809906,,,,535298048,19930.46394984718,,
,,,,,,,train,,,,2.903583437204361,2.8345446529018295e-06,0.4182176758661252,41.821767586612516,,,,,,,,,stage4_cpt_8k,,,,logs/l20_stage4_hq_crossdedup_train_latest.log,,1022,26.287126541137695,,,,535822336,19944.667561116745,,
,,,,,,,train,,,,2.9680215418338776,2.8341935461713696e-06,0.4182149561993526,41.82149561993526,,,,,,,,,stage4_cpt_8k,,,,logs/l20_stage4_hq_crossdedup_train_latest.log,,1023,26.28729748725891,,,,536346624,19944.53786107587,,
,,,,,,,train,,,,2.986162230372429,2.8338420932059633e-06,0.41804413948250246,41.80441394825024,,,,,,,,,stage4_cpt_8k,,,,logs/l20_stage4_hq_crossdedup_train_latest.log,,1024,26.298038721084595,,,,536870912,19936.39166633553,,
,,,,,,,train,,,,2.9014876186847687,2.8334902941153153e-06,0.4179355577465015,41.79355577465015,,,,,,,,,stage4_cpt_8k,,,,logs/l20_stage4_hq_crossdedup_train_latest.log,,1025,26.304871082305908,,,,537395200,19931.213437980492,,
,,,,,,,train,,,,2.968034952878952,2.8331381490092405e-06,0.41802763848660485,41.80276384866048,,,,,,,,,stage4_cpt_8k,,,,logs/l20_stage4_hq_crossdedup_train_latest.log,,1026,26.299076795578003,,,,537919488,19935.604739104576,,
,,,,,,,train,,,,2.9086726307868958,2.8327856579976614e-06,0.41817783647392476,41.817783647392474,,,,,,,,,stage4_cpt_8k,,,,logs/l20_stage4_hq_crossdedup_train_latest.log,,1027,26.289630889892578,,,,538443776,19942.767633210475,,
,,,,,,,train,,,,2.9379255771636963,2.8324328211906075e-06,0.41834459504803373,41.83445950480337,,,,,,,,,stage4_cpt_8k,,,,logs/l20_stage4_hq_crossdedup_train_latest.log,,1028,26.279151439666748,,,,538968064,19950.720296417934,,
,,,,,,,train,,,,2.902636781334877,2.8320796386982173e-06,0.41843095169663114,41.843095169663115,,,,,,,,,stage4_cpt_8k,,,,logs/l20_stage4_hq_crossdedup_train_latest.log,,1029,26.273727893829346,,,,539492352,19954.838617443944,,
,,,,,,,train,,,,2.9854686111211777,2.8317261106307367e-06,0.41842877601891515,41.842877601891516,,,,,,,,,stage4_cpt_8k,,,,logs/l20_stage4_hq_crossdedup_train_latest.log,,1030,26.27386450767517,,,,540016640,19954.734860067652,,
,,,,,,,train,,,,2.968261644244194,2.8313722370985193e-06,0.4184603768273135,41.84603768273135,,,,,,,,,stage4_cpt_8k,,,,logs/l20_stage4_hq_crossdedup_train_latest.log,,1031,26.271880388259888,,,,540540928,19956.241892540304,,
,,,,,,,train,,,,2.9752247780561447,2.831018018212027e-06,0.41825682477958054,41.825682477958054,,,,,,,,,stage4_cpt_8k,,,,logs/l20_stage4_hq_crossdedup_train_latest.log,,1032,26.284666061401367,,,,541065216,19946.534560311913,,
,,,,,,,train,,,,2.9675667583942413,2.830663454081829e-06,0.4179821784254026,41.79821784254026,,,,,,,,,stage4_cpt_8k,,,,logs/l20_stage4_hq_crossdedup_train_latest.log,,1033,26.301937103271484,,,,541589504,19933.43676328646,,
,,,,,,,train,,,,2.901716649532318,2.830308544818603e-06,0.41803791261006634,41.80379126100664,,,,,,,,,stage4_cpt_8k,,,,logs/l20_stage4_hq_crossdedup_train_latest.log,,1034,26.29843044281006,,,,542113792,19936.09470877527,,
,,,,,,,train,,,,2.9685314148664474,2.8299532905331337e-06,0.4181488075013944,41.81488075013944,,,,,,,,,stage4_cpt_8k,,,,logs/l20_stage4_hq_crossdedup_train_latest.log,,1035,26.2914559841156,,,,542638080,19941.383250770017,,
,,,,,,,train,,,,2.959427833557129,2.8295976913363138e-06,0.41824605051043373,41.82460505104337,,,,,,,,,stage4_cpt_8k,,,,logs/l20_stage4_hq_crossdedup_train_latest.log,,1036,26.285343170166016,,,,543162368,19946.02073885302,,
,,,,,,,train,,,,2.8984546810388565,2.829241747339144e-06,0.4183319186395042,41.83319186395042,,,,,,,,,stage4_cpt_8k,,,,logs/l20_stage4_hq_crossdedup_train_latest.log,,1037,26.279947757720947,,,,543686656,19950.115762538615,,
,,,,,,,train,,,,2.947964236140251,2.8288854586527318e-06,0.4185608080959804,41.85608080959804,,,,,,,,,stage4_cpt_8k,,,,logs/l20_stage4_hq_crossdedup_train_latest.log,,1038,26.265576601028442,,,,544210944,19961.031427707978,,
,,,,,,,train,,,,2.9747194647789,2.8285288253882926e-06,0.41828602811632576,41.82860281163258,,,,,,,,,stage4_cpt_8k,,,,logs/l20_stage4_hq_crossdedup_train_latest.log,,1039,26.282830953598022,,,,544735232,19947.92725812616,,
,,,,,,,train,,,,2.9573353677988052,2.8281718476571505e-06,0.4182993468292019,41.82993468292019,,,,,,,,,stage4_cpt_8k,,,,logs/l20_stage4_hq_crossdedup_train_latest.log,,1040,26.281994104385376,,,,545259520,19948.56242329489,,
,,,,,,,train,,,,2.891119346022606,2.8278145255707354e-06,0.41843270972150487,41.843270972150485,,,,,,,,,stage4_cpt_8k,,,,logs/l20_stage4_hq_crossdedup_train_latest.log,,1041,26.27361750602722,,,,545783808,19954.922457089408,,
,,,,,,,train,,,,2.885579824447632,2.827456859240585e-06,0.41834819695815584,41.83481969581558,,,,,,,,,stage4_cpt_8k,,,,logs/l20_stage4_hq_crossdedup_train_latest.log,,1042,26.27892518043518,,,,546308096,19950.89207036274,,
,,,,,,,train,,,,2.8905197232961655,2.827098848778346e-06,0.4182827080564373,41.82827080564373,,,,,,,,,stage4_cpt_8k,,,,logs/l20_stage4_hq_crossdedup_train_latest.log,,1043,26.283039569854736,,,,546832384,19947.768925529097,,
,,,,,,,train,,,,2.9227846413850784,2.8267404942957705e-06,0.41817203794161345,41.817203794161344,,,,,,,,,stage4_cpt_8k,,,,logs/l20_stage4_hq_crossdedup_train_latest.log,,1044,26.289995431900024,,,,547356672,19942.491103054133,,
,,,,,,,train,,,,2.928468331694603,2.826381795904719e-06,0.41817546622382284,41.81754662238228,,,,,,,,,stage4_cpt_8k,,,,logs/l20_stage4_hq_crossdedup_train_latest.log,,1045,26.289779901504517,,,,547880960,19942.654596739165,,
,,,,,,,train,,,,2.907414823770523,2.8260227537171608e-06,0.4181160063896575,41.81160063896575,,,,,,,,,stage4_cpt_8k,,,,logs/l20_stage4_hq_crossdedup_train_latest.log,,1046,26.293518543243408,,,,548405248,19939.818976214014,,
,,,,,,,train,,,,2.9221876859664917,2.8256633678451687e-06,0.4180453636551413,41.804536365514124,,,,,,,,,stage4_cpt_8k,,,,logs/l20_stage4_hq_crossdedup_train_latest.log,,1047,26.297961711883545,,,,548929536,19936.450046738195,,
,,,,,,,train,,,,2.9375519305467606,2.8253036384009263e-06,0.41817632330315835,41.81763233031583,,,,,,,,,stage4_cpt_8k,,,,logs/l20_stage4_hq_crossdedup_train_latest.log,,1048,26.28972601890564,,,,549453824,19942.69547057929,,
,,,,,,,train,,,,2.94367878139019,2.8249435654967236e-06,0.4180247924428732,41.80247924428732,,,,,,,,,stage4_cpt_8k,,,,logs/l20_stage4_hq_crossdedup_train_latest.log,,1049,26.299255847930908,,,,549978112,19935.469012186833,,
,,,,,,,train,,,,2.9517680257558823,2.824583149244956e-06,0.4181138112383218,41.81138112383218,,,,,,,,,stage4_cpt_8k,,,,logs/l20_stage4_hq_crossdedup_train_latest.log,,1050,26.293656587600708,,,,550502400,19939.714290147014,,
,,,,,,,train,,,,2.914529874920845,2.824222389758129e-06,0.4185910532754361,41.85910532754361,,,,,,,,,stage4_cpt_8k,,,,logs/l20_stage4_hq_crossdedup_train_latest.log,,1051,26.263678789138794,,,,551026688,19962.47381066877,,
,,,,,,,train,,,,2.916680708527565,2.8238612871488525e-06,0.41797348692992825,41.79734869299283,,,,,,,,,stage4_cpt_8k,,,,logs/l20_stage4_hq_crossdedup_train_latest.log,,1052,26.302484035491943,,,,551550976,19933.02226863966,,
,,,,,,,train,,,,2.898082450032234,2.8234998415298457e-06,0.4179627878695248,41.79627878695248,,,,,,,,,stage4_cpt_8k,,,,logs/l20_stage4_hq_crossdedup_train_latest.log,,1053,26.303157329559326,,,,552075264,19932.512033861745,,
,,,,,,,train,,,,2.9079328924417496,2.8231380530139333e-06,0.4180483729521025,41.80483729521025,,,,,,,,,stage4_cpt_8k,,,,logs/l20_stage4_hq_crossdedup_train_latest.log,,1054,26.29777240753174,,,,552599552,19936.593559150388,,
,,,,,,,train,,,,2.914924144744873,2.822775921714048e-06,0.41881903959711436,41.88190395971144,,,,,,,,,stage4_cpt_8k,,,,logs/l20_stage4_hq_crossdedup_train_latest.log,,1055,26.24938201904297,,,,553123840,19973.34640562769,,
,,,,,,,train,,,,2.9308281391859055,2.822413447743229e-06,0.41907814600682886,41.90781460068288,,,,,,,,,stage4_cpt_8k,,,,logs/l20_stage4_hq_crossdedup_train_latest.log,,1056,26.233152627944946,,,,553648128,19985.703107658537,,
,,,,,,,train,,,,2.922916069626808,2.8220506312146227e-06,0.41846594410683957,41.846594410683956,,,,,,,,,stage4_cpt_8k,,,,logs/l20_stage4_hq_crossdedup_train_latest.log,,1057,26.271530866622925,,,,554172416,19956.507394325083,,
,,,,,,,train,,,,2.9617198407649994,2.8216874722414818e-06,0.4184285785763329,41.84285785763329,,,,,,,,,stage4_cpt_8k,,,,logs/l20_stage4_hq_crossdedup_train_latest.log,,1058,26.273876905441284,,,,554696704,19954.72544409389,,
,,,,,,,train,,,,2.9194629788398743,2.8213239709371673e-06,0.4182008084337711,41.82008084337711,,,,,,,,,stage4_cpt_8k,,,,logs/l20_stage4_hq_crossdedup_train_latest.log,,1059,26.28818678855896,,,,555220992,19943.86315864807,,
,,,,,,,train,,,,2.99093297123909,2.8209601274151453e-06,0.41802791134503026,41.802791134503025,,,,,,,,,stage4_cpt_8k,,,,logs/l20_stage4_hq_crossdedup_train_latest.log,,1060,26.299059629440308,,,,555745280,19935.61775163585,,
,,,,,,,train,,,,2.887672409415245,2.82059594178899e-06,0.41773950942480975,41.77395094248097,,,,,,,,,stage4_cpt_8k,,,,logs/l20_stage4_hq_crossdedup_train_latest.log,,1061,26.317216157913208,,,,556269568,19921.863956053505,,
,,,,,,,train,,,,2.987024247646332,2.820231414172383e-06,0.41767958328385935,41.76795832838594,,,,,,,,,stage4_cpt_8k,,,,logs/l20_stage4_hq_crossdedup_train_latest.log,,1062,26.32099199295044,,,,556793856,19919.006097506517,,
,,,,,,,train,,,,2.888090580701828,2.8198665446791104e-06,0.41790806604403125,41.79080660440312,,,,,,,,,stage4_cpt_8k,,,,logs/l20_stage4_hq_crossdedup_train_latest.log,,1063,26.306601524353027,,,,557318144,19929.90236745885,,
,,,,,,,train,,,,2.944381669163704,2.8195013334230658e-06,0.418179831297233,41.8179831297233,,,,,,,,,stage4_cpt_8k,,,,logs/l20_stage4_hq_crossdedup_train_latest.log,,1064,26.28950548171997,,,,557842432,19942.862765697748,,
,,,,,,,train,,,,2.8846010863780975,2.819135780518252e-06,0.4183873892935674,41.83873892935674,,,,,,,,,stage4_cpt_8k,,,,logs/l20_stage4_hq_crossdedup_train_latest.log,,1065,26.276463508605957,,,,558366720,19952.761140337145,,
,,,,,,,train,,,,2.9732600897550583,2.8187698860787743e-06,0.4181146225696363,41.81146225696363,,,,,,,,,stage4_cpt_8k,,,,logs/l20_stage4_hq_crossdedup_train_latest.log,,1066,26.29360556602478,,,,558891008,19939.752982278605,,
,,,,,,,train,,,,2.915581539273262,2.8184036502188478e-06,0.4179818942600702,41.79818942600702,,,,,,,,,stage4_cpt_8k,,,,logs/l20_stage4_hq_crossdedup_train_latest.log,,1067,26.301954984664917,,,,559415296,19933.4232115324,,
,,,,,,,train,,,,2.9513908475637436,2.8180370730527927e-06,0.41825856616603296,41.825856616603296,,,,,,,,,stage4_cpt_8k,,,,logs/l20_stage4_hq_crossdedup_train_latest.log,,1068,26.28455662727356,,,,559939584,19946.61760647637,,
,,,,,,,train,,,,2.9586932361125946,2.8176701546950364e-06,0.41858317618904956,41.858317618904955,,,,,,,,,stage4_cpt_8k,,,,logs/l20_stage4_hq_crossdedup_train_latest.log,,1069,26.26417303085327,,,,560463872,19962.098154931584,,
,,,,,,,train,,,,2.939377561211586,2.8173028952601125e-06,0.41810174400453626,41.810174400453626,,,,,,,,,stage4_cpt_8k,,,,logs/l20_stage4_hq_crossdedup_train_latest.log,,1070,26.29441547393799,,,,560988160,19939.138807616928,,
,,,,,,,train,,,,2.983857214450836,2.816935294862661e-06,0.4182133631055379,41.82133631055379,,,,,,,,,stage4_cpt_8k,,,,logs/l20_stage4_hq_crossdedup_train_latest.log,,1071,26.287397623062134,,,,561512448,19944.461886940004,,
,,,,,,,train,,,,2.901511162519455,2.8165673536174285e-06,0.41785998509324257,41.78599850932426,,,,,,,,,stage4_cpt_8k,,,,logs/l20_stage4_hq_crossdedup_train_latest.log,,1072,26.3096284866333,,,,562036736,19927.60940225235,,
,,,,,,,train,,,,2.933881923556328,2.8161990716392676e-06,0.41809644798646234,41.80964479864623,,,,,,,,,stage4_cpt_8k,,,,logs/l20_stage4_hq_crossdedup_train_latest.log,,1073,26.294748544692993,,,,562561024,19938.886242204277,,
,,,,,,,train,,,,2.9703854620456696,2.8158304490431377e-06,0.418558125757161,41.8558125757161,,,,,,,,,stage4_cpt_8k,,,,logs/l20_stage4_hq_crossdedup_train_latest.log,,1074,26.265744924545288,,,,563085312,19960.90350782528,,
,,,,,,,train,,,,2.961270973086357,2.8154614859441045e-06,0.4188032951821192,41.880329518211916,,,,,,,,,stage4_cpt_8k,,,,logs/l20_stage4_hq_crossdedup_train_latest.log,,1075,26.25036883354187,,,,563609600,19972.595559498644,,
,,,,,,,train,,,,2.94597028195858,2.8150921824573404e-06,0.4188695293714894,41.88695293714894,,,,,,,,,stage4_cpt_8k,,,,logs/l20_stage4_hq_crossdedup_train_latest.log,,1076,26.246217966079712,,,,564133888,19975.754246862667,,
,,,,,,,train,,,,2.937113508582115,2.814722538698123e-06,0.41854829334171384,41.854829334171384,,,,,,,,,stage4_cpt_8k,,,,logs/l20_stage4_hq_crossdedup_train_latest.log,,1077,26.266361951828003,,,,564658176,19960.434603068898,,
,,,,,,,train,,,,2.9076077491045,2.8143525547818366e-06,0.4183178578335437,41.83178578335437,,,,,,,,,stage4_cpt_8k,,,,logs/l20_stage4_hq_crossdedup_train_latest.log,,1078,26.28083109855652,,,,565182464,19949.445207187404,,
,,,,,,,train,,,,2.9695098251104355,2.8139822308239714e-06,0.4185543758595267,41.85543758595267,,,,,,,,,stage4_cpt_8k,,,,logs/l20_stage4_hq_crossdedup_train_latest.log,,1079,26.26598024368286,,,,565706752,19960.72467640322,,
,,,,,,,train,,,,2.8795460015535355,2.813611566940125e-06,0.4185491557491613,41.85491557491613,,,,,,,,,stage4_cpt_8k,,,,logs/l20_stage4_hq_crossdedup_train_latest.log,,1080,26.266307830810547,,,,566231040,19960.47573100498,,
,,,,,,,train,,,,2.925433471798897,2.813240563246e-06,0.41839181953324045,41.839181953324044,,,,,,,,,stage4_cpt_8k,,,,logs/l20_stage4_hq_crossdedup_train_latest.log,,1081,26.276185274124146,,,,566755328,19952.972417054018,,
,,,,,,,train,,,,2.905398890376091,2.8128692198574045e-06,0.41782551041017074,41.78255104101707,,,,,,,,,stage4_cpt_8k,,,,logs/l20_stage4_hq_crossdedup_train_latest.log,,1082,26.31179928779602,,,,567279616,19925.965315613215,,
,,,,,,,train,,,,2.9561485201120377,2.812497536890254e-06,0.4178991731124026,41.78991731124026,,,,,,,,,stage4_cpt_8k,,,,logs/l20_stage4_hq_crossdedup_train_latest.log,,1083,26.307161331176758,,,,567803904,19929.4782663861,,
,,,,,,,train,,,,2.9470275938510895,2.8121255144605692e-06,0.418033012347281,41.8033012347281,,,,,,,,,stage4_cpt_8k,,,,logs/l20_stage4_hq_crossdedup_train_latest.log,,1084,26.298738718032837,,,,568328192,19935.8610168061,,
,,,,,,,train,,,,2.8656042963266373,2.8117531526844774e-06,0.4183651218320132,41.83651218320132,,,,,,,,,stage4_cpt_8k,,,,logs/l20_stage4_hq_crossdedup_train_latest.log,,1085,26.277862071990967,,,,568852480,19951.699212198386,,
,,,,,,,train,,,,2.8827633261680603,2.811380451678211e-06,0.4179483313690619,41.79483313690619,,,,,,,,,stage4_cpt_8k,,,,logs/l20_stage4_hq_crossdedup_train_latest.log,,1086,26.304067134857178,,,,569376768,19931.822607965933,,
,,,,,,,train,,,,2.98087877035141,2.8110074115581085e-06,0.41797831380998707,41.79783138099871,,,,,,,,,stage4_cpt_8k,,,,logs/l20_stage4_hq_crossdedup_train_latest.log,,1087,26.302180290222168,,,,569901056,19933.252461010008,,
,,,,,,,train,,,,2.9034264534711838,2.8106340324406147e-06,0.41809482167712986,41.809482167712986,,,,,,,,,stage4_cpt_8k,,,,logs/l20_stage4_hq_crossdedup_train_latest.log,,1088,26.294850826263428,,,,570425344,19938.808684030962,,
,,,,,,,train,,,,2.9656075686216354,2.8102603144422798e-06,0.41847384716388863,41.847384716388866,,,,,,,,,stage4_cpt_8k,,,,logs/l20_stage4_hq_crossdedup_train_latest.log,,1089,26.271034717559814,,,,570949632,19956.884288594876,,
,,,,,,,train,,,,2.944264233112335,2.8098862576797605e-06,0.41820980903284105,41.8209809032841,,,,,,,,,stage4_cpt_8k,,,,logs/l20_stage4_hq_crossdedup_train_latest.log,,1090,26.287621021270752,,,,571473920,19944.29239434675,,
,,,,,,,train,,,,2.9215095043182373,2.8095118622698177e-06,0.41832405130284767,41.83240513028477,,,,,,,,,stage4_cpt_8k,,,,logs/l20_stage4_hq_crossdedup_train_latest.log,,1091,26.280441999435425,,,,571998208,19949.74057176295,,
,,,,,,,train,,,,2.983541816473007,2.80913712832932e-06,0.41773533140562386,41.773533140562385,,,,,,,,,stage4_cpt_8k,,,,logs/l20_stage4_hq_crossdedup_train_latest.log,,1092,26.317479372024536,,,,572522496,19921.664707651213,,
,,,,,,,train,,,,2.9504102170467377,2.80876205597524e-06,0.41817358900480944,41.81735890048095,,,,,,,,,stage4_cpt_8k,,,,logs/l20_stage4_hq_crossdedup_train_latest.log,,1093,26.289897918701172,,,,573046784,19942.565072763202,,
,,,,,,,train,,,,2.9002160280942917,2.8083866453246565e-06,0.4186951817863669,41.86951817863669,,,,,,,,,stage4_cpt_8k,,,,logs/l20_stage4_hq_crossdedup_train_latest.log,,1094,26.257147073745728,,,,573571072,19967.439666140675,,
,,,,,,,train,,,,2.9058579206466675,2.808010896494755e-06,0.41833379728030196,41.833379728030195,,,,,,,,,stage4_cpt_8k,,,,logs/l20_stage4_hq_crossdedup_train_latest.log,,1095,26.279829740524292,,,,574095360,19950.205354319023,,
,,,,,,,train,,,,2.9386453181505203,2.807634809602824e-06,0.4179345804374291,41.79345804374291,,,,,,,,,stage4_cpt_8k,,,,logs/l20_stage4_hq_crossdedup_train_latest.log,,1096,26.304932594299316,,,,574619648,19931.166830422568,,
,,,,,,,train,,,,2.916909635066986,2.8072583847662603e-06,0.4183994274644789,41.83994274644789,,,,,,,,,stage4_cpt_8k,,,,logs/l20_stage4_hq_crossdedup_train_latest.log,,1097,26.275707483291626,,,,575143936,19953.33523686804,,
,,,,,,,train,,,,2.9393400698900223,2.8068816221025645e-06,0.4186081156126905,41.86081156126905,,,,,,,,,stage4_cpt_8k,,,,logs/l20_stage4_hq_crossdedup_train_latest.log,,1098,26.262608289718628,,,,575668224,19963.287508089972,,
,,,,,,,train,,,,2.9995096772909164,2.806504521729343e-06,0.4187232334271244,41.87232334271244,,,,,,,,,stage4_cpt_8k,,,,logs/l20_stage4_hq_crossdedup_train_latest.log,,1099,26.255388021469116,,,,576192512,19968.777439940633,,
,,,,,,,train,,,,2.9773577749729156,2.8061270837643085e-06,0.41823131645789213,41.82313164578921,,,,,,,,,stage4_cpt_8k,,,,logs/l20_stage4_hq_crossdedup_train_latest.log,,1100,26.286269187927246,,,,576716800,19945.318076587107,,
,,,,,,,train,,,,2.8830352276563644,2.805749308325278e-06,0.41821827518378235,41.821827518378235,,,,,,,,,stage4_cpt_8k,,,,logs/l20_stage4_hq_crossdedup_train_latest.log,,1101,26.287088871002197,,,,577241088,19944.69614238465,,
,,,,,,,train,,,,2.8951540887355804,2.805371195530173e-06,0.4183055814925042,41.83055814925042,,,,,,,,,stage4_cpt_8k,,,,logs/l20_stage4_hq_crossdedup_train_latest.log,,1102,26.281602382659912,,,,577765376,19948.859752399076,,
,,,,,,,train,,,,2.974882051348686,2.804992745497023e-06,0.41855931114911366,41.855931114911364,,,,,,,,,stage4_cpt_8k,,,,logs/l20_stage4_hq_crossdedup_train_latest.log,,1103,26.26567053794861,,,,578289664,19960.96003878939,,
,,,,,,,train,,,,2.9307826161384583,2.804613958343961e-06,0.41856793963707567,41.85679396370757,,,,,,,,,stage4_cpt_8k,,,,logs/l20_stage4_hq_crossdedup_train_latest.log,,1104,26.26512908935547,,,,578813952,19961.371528628028,,
,,,,,,,train,,,,2.918715313076973,2.8042348341892243e-06,0.41851329095703554,41.851329095703555,,,,,,,,,stage4_cpt_8k,,,,logs/l20_stage4_hq_crossdedup_train_latest.log,,1105,26.268558740615845,,,,579338240,19958.76535050847,,
,,,,,,,train,,,,2.9479676634073257,2.803855373151158e-06,0.41848694616041654,41.848694616041655,,,,,,,,,stage4_cpt_8k,,,,logs/l20_stage4_hq_crossdedup_train_latest.log,,1106,26.270212411880493,,,,579862528,19957.508975561042,,
,,,,,,,train,,,,2.939466580748558,2.80347557534821e-06,0.4185061840682821,41.85061840682821,,,,,,,,,stage4_cpt_8k,,,,logs/l20_stage4_hq_crossdedup_train_latest.log,,1107,26.269004821777344,,,,580386816,19958.42642525074,,
,,,,,,,train,,,,2.9224098920822144,2.8030954408989343e-06,0.4182234035924519,41.82234035924519,,,,,,,,,stage4_cpt_8k,,,,logs/l20_stage4_hq_crossdedup_train_latest.log,,1108,26.286766529083252,,,,580911104,19944.940714558266,,
,,,,,,,train,,,,2.9578676521778107,2.802714969921991e-06,0.41834101597222534,41.834101597222535,,,,,,,,,stage4_cpt_8k,,,,logs/l20_stage4_hq_crossdedup_train_latest.log,,1109,26.27937626838684,,,,581435392,19950.549611434268,,
,,,,,,,train,,,,2.948675736784935,2.802334162536143e-06,0.4185342635735015,41.85342635735015,,,,,,,,,stage4_cpt_8k,,,,logs/l20_stage4_hq_crossdedup_train_latest.log,,1110,26.267242431640625,,,,581959680,19959.765527897995,,
,,,,,,,train,,,,2.9221010357141495,2.8019530188602594e-06,0.41930232431144493,41.930232431144496,,,,,,,,,stage4_cpt_8k,,,,logs/l20_stage4_hq_crossdedup_train_latest.log,,1111,26.21912717819214,,,,582483968,19996.394099498422,,
,,,,,,,train,,,,2.9286577999591827,2.801571539013315e-06,0.41897782039569054,41.89778203956905,,,,,,,,,stage4_cpt_8k,,,,logs/l20_stage4_hq_crossdedup_train_latest.log,,1112,26.239434242248535,,,,583008256,19980.9186112647,,
,,,,,,,train,,,,2.9222011864185333,2.8011897231143885e-06,0.418620443921905,41.8620443921905,,,,,,,,,stage4_cpt_8k,,,,logs/l20_stage4_hq_crossdedup_train_latest.log,,1113,26.261834859848022,,,,583532544,19963.87544122399,,
,,,,,,,train,,,,2.9494067579507828,2.8008075712826633e-06,0.4183345183792308,41.83345183792308,,,,,,,,,stage4_cpt_8k,,,,logs/l20_stage4_hq_crossdedup_train_latest.log,,1114,26.279784440994263,,,,584056832,19950.23974329693,,
,,,,,,,train,,,,2.9441335052251816,2.800425083637429e-06,0.41803051488708814,41.80305148870882,,,,,,,,,stage4_cpt_8k,,,,logs/l20_stage4_hq_crossdedup_train_latest.log,,1115,26.298895835876465,,,,584581120,19935.741913726128,,
,,,,,,,train,,,,2.935885637998581,2.800042260298079e-06,0.41823263656238163,41.82326365623816,,,,,,,,,stage4_cpt_8k,,,,logs/l20_stage4_hq_crossdedup_train_latest.log,,1116,26.28618621826172,,,,585105408,19945.38103194913,,
,,,,,,,train,,,,2.9210014194250107,2.799659101384111e-06,0.41873111958822623,41.873111958822626,,,,,,,,,stage4_cpt_8k,,,,logs/l20_stage4_hq_crossdedup_train_latest.log,,1117,26.25489354133606,,,,585629696,19969.153528448092,,
,,,,,,,train,,,,2.9658692330121994,2.799275607015128e-06,0.41898248776289043,41.898248776289044,,,,,,,,,stage4_cpt_8k,,,,logs/l20_stage4_hq_crossdedup_train_latest.log,,1118,26.239141941070557,,,,586153984,19981.14119651769,,
,,,,,,,train,,,,3.002595528960228,2.7988917773108396e-06,0.4189206440707499,41.89206440707499,,,,,,,,,stage4_cpt_8k,,,,logs/l20_stage4_hq_crossdedup_train_latest.log,,1119,26.24301552772522,,,,586678272,19978.191890566093,,
,,,,,,,train,,,,2.858818829059601,2.798507612391056e-06,0.4184543464078965,41.845434640789655,,,,,,,,,stage4_cpt_8k,,,,logs/l20_stage4_hq_crossdedup_train_latest.log,,1120,26.2722589969635,,,,587202560,19955.95430376186,,
,,,,,,,train,,,,2.8852377831935883,2.798123112375696e-06,0.41839239277590606,41.83923927759061,,,,,,,,,stage4_cpt_8k,,,,logs/l20_stage4_hq_crossdedup_train_latest.log,,1121,26.2761492729187,,,,587726848,19952.99975481389,,
,,,,,,,train,,,,2.982220321893692,2.797738277384781e-06,0.4186338029434903,41.86338029434903,,,,,,,,,stage4_cpt_8k,,,,logs/l20_stage4_hq_crossdedup_train_latest.log,,1122,26.26099681854248,,,,588251136,19964.512528702202,,
,,,,,,,train,,,,2.936528518795967,2.7973531075384363e-06,0.4187418123890815,41.87418123890815,,,,,,,,,stage4_cpt_8k,,,,logs/l20_stage4_hq_crossdedup_train_latest.log,,1123,26.254223108291626,,,,588775424,19969.663464710142,,
,,,,,,,train,,,,2.9583542943000793,2.796967602956894e-06,0.4181187816398811,41.81187816398811,,,,,,,,,stage4_cpt_8k,,,,logs/l20_stage4_hq_crossdedup_train_latest.log,,1124,26.293344020843506,,,,589299712,19939.951327011942,,
,,,,,,,train,,,,2.984709069132805,2.7965817637604887e-06,0.4181755306942702,41.81755306942702,,,,,,,,,stage4_cpt_8k,,,,logs/l20_stage4_hq_crossdedup_train_latest.log,,1125,26.289775848388672,,,,589824000,19942.657671314235,,
,,,,,,,train,,,,2.943531632423401,2.7961955900696607e-06,0.41884042711801994,41.884042711801996,,,,,,,,,stage4_cpt_8k,,,,logs/l20_stage4_hq_crossdedup_train_latest.log,,1126,26.24804162979126,,,,590348288,19974.366369677595,,
,,,,,,,train,,,,2.896663725376129,2.795809082004953e-06,0.41845825021120625,41.845825021120625,,,,,,,,,stage4_cpt_8k,,,,logs/l20_stage4_hq_crossdedup_train_latest.log,,1127,26.272013902664185,,,,590872576,19956.14047489649,,
,,,,,,,train,,,,2.9435186237096786,2.7954222396870164e-06,0.41814859136348237,41.81485913634824,,,,,,,,,stage4_cpt_8k,,,,logs/l20_stage4_hq_crossdedup_train_latest.log,,1128,26.29146957397461,,,,591396864,19941.372943221933,,
,,,,,,,train,,,,2.9570173621177673,2.7950350632366015e-06,0.4185208577228114,41.852085772281136,,,,,,,,,stage4_cpt_8k,,,,logs/l20_stage4_hq_crossdedup_train_latest.log,,1129,26.268083810806274,,,,591921152,19959.126207154713,,
,,,,,,,train,,,,2.959555372595787,2.7946475527745668e-06,0.41842273132279384,41.84227313227938,,,,,,,,,stage4_cpt_8k,,,,logs/l20_stage4_hq_crossdedup_train_latest.log,,1130,26.2742440700531,,,,592445440,19954.446590437736,,
,,,,,,,train,,,,2.961661607027054,2.7942597084218733e-06,0.4185573165030497,41.855731650304975,,,,,,,,,stage4_cpt_8k,,,,logs/l20_stage4_hq_crossdedup_train_latest.log,,1131,26.265795707702637,,,,592969728,19960.864914754846,,
,,,,,,,train,,,,2.903953403234482,2.793871530299586e-06,0.4182916552639063,41.82916552639063,,,,,,,,,stage4_cpt_8k,,,,logs/l20_stage4_hq_crossdedup_train_latest.log,,1132,26.282477378845215,,,,593494016,19948.19561499936,,
,,,,,,,train,,,,2.911575421690941,2.7934830185288764e-06,0.4181908866040964,41.81908866040964,,,,,,,,,stage4_cpt_8k,,,,logs/l20_stage4_hq_crossdedup_train_latest.log,,1133,26.28881049156189,,,,594018304,19943.3899897557,,
,,,,,,,train,,,,2.88445608317852,2.7930941732310176e-06,0.4186041634107958,41.860416341079585,,,,,,,,,stage4_cpt_8k,,,,logs/l20_stage4_hq_crossdedup_train_latest.log,,1134,26.262856245040894,,,,594542592,19963.09902884227,,
,,,,,,,train,,,,2.941667467355728,2.7927049945273874e-06,0.41870330261214694,41.8703302612147,,,,,,,,,stage4_cpt_8k,,,,logs/l20_stage4_hq_crossdedup_train_latest.log,,1135,26.256637811660767,,,,595066880,19967.826945731787,,
,,,,,,,train,,,,2.926630735397339,2.792315482539469e-06,0.4187192144130026,41.87192144130026,,,,,,,,,stage4_cpt_8k,,,,logs/l20_stage4_hq_crossdedup_train_latest.log,,1136,26.255640029907227,,,,595591168,19968.58577443913,,
,,,,,,,train,,,,2.8527212888002396,2.7919256373888466e-06,0.4183636035097749,41.83636035097749,,,,,,,,,stage4_cpt_8k,,,,logs/l20_stage4_hq_crossdedup_train_latest.log,,1137,26.277957439422607,,,,596115456,19951.62680389515,,
,,,,,,,train,,,,2.954623803496361,2.791535459197213e-06,0.41852430312298383,41.85243031229838,,,,,,,,,stage4_cpt_8k,,,,logs/l20_stage4_hq_crossdedup_train_latest.log,,1138,26.26786756515503,,,,596639744,19959.29051718994,,
,,,,,,,train,,,,2.9650168418884277,2.7911449480863608e-06,0.41863600355828234,41.86360035582823,,,,,,,,,stage4_cpt_8k,,,,logs/l20_stage4_hq_crossdedup_train_latest.log,,1139,26.26085877418518,,,,597164032,19964.617475319694,,
,,,,,,,train,,,,2.928660809993744,2.7907541041781886e-06,0.4183356341898414,41.833563418984134,,,,,,,,,stage4_cpt_8k,,,,logs/l20_stage4_hq_crossdedup_train_latest.log,,1140,26.279714345932007,,,,597688320,19950.29295594903,,
,,,,,,,train,,,,2.9235492944717407,2.7903629275946975e-06,0.41843249708704167,41.843249708704164,,,,,,,,,stage4_cpt_8k,,,,logs/l20_stage4_hq_crossdedup_train_latest.log,,1141,26.27363085746765,,,,598212608,19954.912316619677,,
,,,,,,,train,,,,2.918063461780548,2.789971418457995e-06,0.41827359428867017,41.82735942886702,,,,,,,,,stage4_cpt_8k,,,,logs/l20_stage4_hq_crossdedup_train_latest.log,,1142,26.28361225128174,,,,598736896,19947.334292851345,,
,,,,,,,train,,,,2.9662813544273376,2.78957957689029e-06,0.4183503907757462,41.83503907757462,,,,,,,,,stage4_cpt_8k,,,,logs/l20_stage4_hq_crossdedup_train_latest.log,,1143,26.27878737449646,,,,599261184,19950.99669282385,,
,,,,,,,train,,,,2.9308190792798996,2.789187403013895e-06,0.41825249224265365,41.82524922426536,,,,,,,,,stage4_cpt_8k,,,,logs/l20_stage4_hq_crossdedup_train_latest.log,,1144,26.2849383354187,,,,599785472,19946.32794300784,,
,,,,,,,train,,,,2.9567099511623383,2.788794896951228e-06,0.4174770772062584,41.74770772062584,,,,,,,,,stage4_cpt_8k,,,,logs/l20_stage4_hq_crossdedup_train_latest.log,,1145,26.333759546279907,,,,600309760,19909.348647260078,,
,,,,,,,train,,,,2.958962395787239,2.7884020588248105e-06,0.4182199441787154,41.82199441787154,,,,,,,,,stage4_cpt_8k,,,,logs/l20_stage4_hq_crossdedup_train_latest.log,,1146,26.286983966827393,,,,600834048,19944.775736220643,,
,,,,,,,train,,,,2.9235641211271286,2.7880088887572655e-06,0.417932402342569,41.7932402342569,,,,,,,,,stage4_cpt_8k,,,,logs/l20_stage4_hq_crossdedup_train_latest.log,,1147,26.3050696849823,,,,601358336,19931.062957773447,,
,,,,,,,train,,,,2.9094910621643066,2.7876153868713224e-06,0.41805188258993625,41.805188258993624,,,,,,,,,stage4_cpt_8k,,,,logs/l20_stage4_hq_crossdedup_train_latest.log,,1148,26.29755163192749,,,,601882624,19936.760932659192,,
,,,,,,,train,,,,2.946745827794075,2.7872215532898114e-06,0.41801894889000024,41.801894889000025,,,,,,,,,stage4_cpt_8k,,,,logs/l20_stage4_hq_crossdedup_train_latest.log,,1149,26.299623489379883,,,,602406912,19935.190335014267,,
,,,,,,,train,,,,2.930285558104515,2.7868273881356697e-06,0.41777102891497486,41.777102891497485,,,,,,,,,stage4_cpt_8k,,,,logs/l20_stage4_hq_crossdedup_train_latest.log,,1150,26.31523060798645,,,,602931200,19923.367110485553,,
,,,,,,,train,,,,2.912151589989662,2.786432891531934e-06,0.41776489344448514,41.776489344448514,,,,,,,,,stage4_cpt_8k,,,,logs/l20_stage4_hq_crossdedup_train_latest.log,,1151,26.315617084503174,,,,603455488,19923.074511854957,,
,,,,,,,train,,,,2.95932936668396,2.7860380636017477e-06,0.4180095169369454,41.800951693694536,,,,,,,,,stage4_cpt_8k,,,,logs/l20_stage4_hq_crossdedup_train_latest.log,,1152,26.300216913223267,,,,603979776,19934.740528181635,,
,,,,,,,train,,,,2.932542011141777,2.7856429044683565e-06,0.41760685271486037,41.76068527148604,,,,,,,,,stage4_cpt_8k,,,,logs/l20_stage4_hq_crossdedup_train_latest.log,,1153,26.325576066970825,,,,604504064,19915.53759987018,,
,,,,,,,train,,,,2.965549424290657,2.785247414255109e-06,0.4177545456872468,41.775454568724676,,,,,,,,,stage4_cpt_8k,,,,logs/l20_stage4_hq_crossdedup_train_latest.log,,1154,26.316268920898438,,,,605028352,19922.58103061294,,
,,,,,,,train,,,,2.923559918999672,2.784851593085457e-06,0.41842844188542366,41.842844188542365,,,,,,,,,stage4_cpt_8k,,,,logs/l20_stage4_hq_crossdedup_train_latest.log,,1155,26.273885488510132,,,,605552640,19954.718925348025,,
,,,,,,,train,,,,2.9134257286787033,2.784455441082957e-06,0.4190459415319129,41.90459415319129,,,,,,,,,stage4_cpt_8k,,,,logs/l20_stage4_hq_crossdedup_train_latest.log,,1156,26.23516869544983,,,,606076928,19984.16728652221,,
,,,,,,,train,,,,2.9308157563209534,2.784058958371268e-06,0.41889184675559066,41.889184675559065,,,,,,,,,stage4_cpt_8k,,,,logs/l20_stage4_hq_crossdedup_train_latest.log,,1157,26.24481964111328,,,,606601216,19976.818555791768,,
,,,,,,,train,,,,2.9158838242292404,2.783662145074151e-06,0.4185519139571919,41.85519139571919,,,,,,,,,stage4_cpt_8k,,,,logs/l20_stage4_hq_crossdedup_train_latest.log,,1158,26.26613473892212,,,,607125504,19960.60726906616,,
,,,,,,,train,,,,2.9300594329833984,2.783265001315472e-06,0.4177618579483012,41.77618579483012,,,,,,,,,stage4_cpt_8k,,,,logs/l20_stage4_hq_crossdedup_train_latest.log,,1159,26.315808296203613,,,,607649792,19922.929750010193,,
,,,,,,,train,,,,2.874078720808029,2.7828675272192004e-06,0.4180901664839934,41.809016648399336,,,,,,,,,stage4_cpt_8k,,,,logs/l20_stage4_hq_crossdedup_train_latest.log,,1160,26.295143604278564,,,,608174080,19938.586679355176,,
,,,,,,,train,,,,2.9543959945440292,2.782469722909406e-06,0.4179940871946447,41.79940871946447,,,,,,,,,stage4_cpt_8k,,,,logs/l20_stage4_hq_crossdedup_train_latest.log,,1161,26.301187753677368,,,,608698368,19934.004688693018,,
,,,,,,,train,,,,2.9489474296569824,2.7820715885102652e-06,0.4182558118228899,41.82558118228899,,,,,,,,,stage4_cpt_8k,,,,logs/l20_stage4_hq_crossdedup_train_latest.log,,1162,26.284729719161987,,,,609222656,19946.486252730447,,
,,,,,,,train,,,,2.9560117423534393,2.7816731241460546e-06,0.4180992987969848,41.80992987969848,,,,,,,,,stage4_cpt_8k,,,,logs/l20_stage4_hq_crossdedup_train_latest.log,,1163,26.29456925392151,,,,609746944,19939.022196448757,,
,,,,,,,train,,,,3.030069410800934,2.7812743299411556e-06,0.4186591285157004,41.865912851570044,,,,,,,,,stage4_cpt_8k,,,,logs/l20_stage4_hq_crossdedup_train_latest.log,,1164,26.259408235549927,,,,610271232,19965.72029716268,,
,,,,,,,train,,,,2.915078103542328,2.7808752060200514e-06,0.4185079769110927,41.85079769110927,,,,,,,,,stage4_cpt_8k,,,,logs/l20_stage4_hq_crossdedup_train_latest.log,,1165,26.268892288208008,,,,610795520,19958.511925352504,,
,,,,,,,train,,,,2.9560337960720062,2.7804757525073287e-06,0.41789446167849575,41.789446167849576,,,,,,,,,stage4_cpt_8k,,,,logs/l20_stage4_hq_crossdedup_train_latest.log,,1166,26.30745792388916,,,,611319808,19929.253579605913,,
,,,,,,,train,,,,2.9525986462831497,2.780075969527677e-06,0.41769980269773027,41.76998026977303,,,,,,,,,stage4_cpt_8k,,,,logs/l20_stage4_hq_crossdedup_train_latest.log,,1167,26.31971788406372,,,,611844096,19919.970354904533,,
,,,,,,,train,,,,2.89973783493042,2.7796758572058885e-06,0.4181106986366493,41.811069863664926,,,,,,,,,stage4_cpt_8k,,,,logs/l20_stage4_hq_crossdedup_train_latest.log,,1168,26.29385232925415,,,,612368384,19939.56585116609,,
,,,,,,,train,,,,2.9311456829309464,2.779275415666859e-06,0.41899293451460545,41.899293451460544,,,,,,,,,stage4_cpt_8k,,,,logs/l20_stage4_hq_crossdedup_train_latest.log,,1169,26.238487720489502,,,,612892672,19981.63939877473,,
,,,,,,,train,,,,2.9623022079467773,2.7788746450355856e-06,0.4189233919533041,41.89233919533041,,,,,,,,,stage4_cpt_8k,,,,logs/l20_stage4_hq_crossdedup_train_latest.log,,1170,26.24284338951111,,,,613416960,19978.3229362086,,
,,,,,,,train,,,,2.943179741501808,2.778473545437169e-06,0.41833632872802295,41.8336328728023,,,,,,,,,stage4_cpt_8k,,,,logs/l20_stage4_hq_crossdedup_train_latest.log,,1171,26.27967071533203,,,,613941248,19950.32607825337,,
,,,,,,,train,,,,2.939245879650116,2.7780721169968127e-06,0.4175039754413032,41.750397544130315,,,,,,,,,stage4_cpt_8k,,,,logs/l20_stage4_hq_crossdedup_train_latest.log,,1172,26.33206295967102,,,,614465536,19910.631415509506,,
,,,,,,,train,,,,2.964690148830414,2.777670359839823e-06,0.4188422266301963,41.884222663019635,,,,,,,,,stage4_cpt_8k,,,,logs/l20_stage4_hq_crossdedup_train_latest.log,,1173,26.247928857803345,,,,614989824,19974.452187839288,,
,,,,,,,train,,,,2.9310593605041504,2.777268274091608e-06,0.4195300289849234,41.95300289849234,,,,,,,,,stage4_cpt_8k,,,,logs/l20_stage4_hq_crossdedup_train_latest.log,,1174,26.204896450042725,,,,615514112,20007.253262744536,,
,,,,,,,train,,,,2.8702407479286194,2.776865859877679e-06,0.4184787463736391,41.84787463736391,,,,,,,,,stage4_cpt_8k,,,,logs/l20_stage4_hq_crossdedup_train_latest.log,,1175,26.270727157592773,,,,616038400,19957.11793034515,,
,,,,,,,train,,,,2.8805245459079742,2.776463117323649e-06,0.4173817630431896,41.738176304318955,,,,,,,,,stage4_cpt_8k,,,,logs/l20_stage4_hq_crossdedup_train_latest.log,,1176,26.339773178100586,,,,616562688,19904.803145226153,,
,,,,,,,train,,,,2.9250160306692123,2.7760600465552353e-06,0.4177161983565114,41.771619835651144,,,,,,,,,stage4_cpt_8k,,,,logs/l20_stage4_hq_crossdedup_train_latest.log,,1177,26.318684816360474,,,,617086976,19920.752258642005,,
,,,,,,,train,,,,2.9422653913497925,2.775656647698256e-06,0.4187148456762737,41.87148456762737,,,,,,,,,stage4_cpt_8k,,,,logs/l20_stage4_hq_crossdedup_train_latest.log,,1178,26.255913972854614,,,,617611264,19968.377430778044,,
,,,,,,,train,,,,2.940929189324379,2.7752529208786326e-06,0.4192966356240888,41.929663562408884,,,,,,,,,stage4_cpt_8k,,,,logs/l20_stage4_hq_crossdedup_train_latest.log,,1179,26.219482898712158,,,,618135552,19996.122807812957,,
,,,,,,,train,,,,2.975770726799965,2.7748488662223873e-06,0.4191908777954673,41.91908777954673,,,,,,,,,stage4_cpt_8k,,,,logs/l20_stage4_hq_crossdedup_train_latest.log,,1180,26.22609782218933,,,,618659840,19991.07925070009,,
,,,,,,,train,,,,2.994641214609146,2.7744444838556466e-06,0.41863842464135365,41.86384246413537,,,,,,,,,stage4_cpt_8k,,,,logs/l20_stage4_hq_crossdedup_train_latest.log,,1181,26.260706901550293,,,,619184128,19964.732935999098,,
,,,,,,,train,,,,2.9156686514616013,2.7740397739046386e-06,0.4177432787964381,41.774327879643806,,,,,,,,,stage4_cpt_8k,,,,logs/l20_stage4_hq_crossdedup_train_latest.log,,1182,26.316978693008423,,,,619708416,19922.043716184126,,
,,,,,,,train,,,,2.971030965447426,2.7736347364956932e-06,0.41777985961543435,41.777985961543436,,,,,,,,,stage4_cpt_8k,,,,logs/l20_stage4_hq_crossdedup_train_latest.log,,1183,26.314674377441406,,,,620232704,19923.788243773695,,
,,,,,,,train,,,,2.950122117996216,2.773229371755243e-06,0.41841240410537023,41.841240410537026,,,,,,,,,stage4_cpt_8k,,,,logs/l20_stage4_hq_crossdedup_train_latest.log,,1184,26.274892568588257,,,,620756992,19953.954088732924,,
,,,,,,,train,,,,2.959301218390465,2.7728236798098228e-06,0.41826773998373995,41.826773998373994,,,,,,,,,stage4_cpt_8k,,,,logs/l20_stage4_hq_crossdedup_train_latest.log,,1185,26.283980131149292,,,,621281280,19947.055102916598,,
,,,,,,,train,,,,2.914029449224472,2.77241766078607e-06,0.41775009108639494,41.775009108639495,,,,,,,,,stage4_cpt_8k,,,,logs/l20_stage4_hq_crossdedup_train_latest.log,,1186,26.31654953956604,,,,621805568,19922.36859211922,,
,,,,,,,train,,,,2.891898810863495,2.7720113148107224e-06,0.41781537544322095,41.78153754432209,,,,,,,,,stage4_cpt_8k,,,,logs/l20_stage4_hq_crossdedup_train_latest.log,,1187,26.312437534332275,,,,622329856,19925.48198227218,,
,,,,,,,train,,,,2.988230675458908,2.7716046420106213e-06,0.4182111024503848,41.821110245038476,,,,,,,,,stage4_cpt_8k,,,,logs/l20_stage4_hq_crossdedup_train_latest.log,,1188,26.28753972053528,,,,622854144,19944.354077016844,,
,,,,,,,train,,,,2.95112182199955,2.77119764251271e-06,0.418059519856461,41.805951985646104,,,,,,,,,stage4_cpt_8k,,,,logs/l20_stage4_hq_crossdedup_train_latest.log,,1189,26.2970712184906,,,,623378432,19937.125151463657,,
,,,,,,,train,,,,2.9463752657175064,2.770790316444033e-06,0.4187789182095971,41.87789182095971,,,,,,,,,stage4_cpt_8k,,,,logs/l20_stage4_hq_crossdedup_train_latest.log,,1190,26.251896858215332,,,,623902720,19971.43302945471,,
,,,,,,,train,,,,2.9635170847177505,2.770382663931738e-06,0.4187095607293207,41.87095607293207,,,,,,,,,stage4_cpt_8k,,,,logs/l20_stage4_hq_crossdedup_train_latest.log,,1191,26.256245374679565,,,,624427008,19968.12539334362,,
,,,,,,,train,,,,2.9780289381742477,2.769974685103073e-06,0.418369764170617,41.8369764170617,,,,,,,,,stage4_cpt_8k,,,,logs/l20_stage4_hq_crossdedup_train_latest.log,,1192,26.277570486068726,,,,624951296,19951.920603845614,,
,,,,,,,train,,,,2.935180649161339,2.769566380085389e-06,0.4178559485540493,41.78559485540493,,,,,,,,,stage4_cpt_8k,,,,logs/l20_stage4_hq_crossdedup_train_latest.log,,1193,26.309882640838623,,,,625475584,19927.41690098578,,
,,,,,,,train,,,,2.8784512877464294,2.769157749006138e-06,0.418288369264527,41.8288369264527,,,,,,,,,stage4_cpt_8k,,,,logs/l20_stage4_hq_crossdedup_train_latest.log,,1194,26.282683849334717,,,,625999872,19948.03890673711,,
,,,,,,,train,,,,2.911611244082451,2.768748791992876e-06,0.41911405815726266,41.91140581572627,,,,,,,,,stage4_cpt_8k,,,,logs/l20_stage4_hq_crossdedup_train_latest.log,,1195,26.230904817581177,,,,626524160,19987.41574665765,,
,,,,,,,train,,,,2.9720440953969955,2.7683395091732562e-06,0.41867512439246823,41.86751243924682,,,,,,,,,stage4_cpt_8k,,,,logs/l20_stage4_hq_crossdedup_train_latest.log,,1196,26.258404970169067,,,,627048448,19966.483135423452,,
,,,,,,,train,,,,2.895317643880844,2.7679299006750385e-06,0.4177380334845721,41.773803348457214,,,,,,,,,stage4_cpt_8k,,,,logs/l20_stage4_hq_crossdedup_train_latest.log,,1197,26.317309141159058,,,,627572736,19921.79356893436,,
,,,,,,,train,,,,2.9593846797943115,2.7675199666260814e-06,0.4179399556938907,41.79399556938907,,,,,,,,,stage4_cpt_8k,,,,logs/l20_stage4_hq_crossdedup_train_latest.log,,1198,26.30459427833557,,,,628097024,19931.423174688647,,
,,,,,,,train,,,,2.906479850411415,2.7671097071543462e-06,0.41784851183237826,41.784851183237826,,,,,,,,,stage4_cpt_8k,,,,logs/l20_stage4_hq_crossdedup_train_latest.log,,1199,26.31035089492798,,,,628621312,19927.062246101417,,
,,,,,,,train,,,,2.9299378991127014,2.766699122387895e-06,0.41775294096027465,41.775294096027466,,,,,,,,,stage4_cpt_8k,,,,logs/l20_stage4_hq_crossdedup_train_latest.log,,1200,26.316370010375977,,,,629145600,19922.504501695505,,
,,,,,,,train,,,,2.9488881081342697,2.766288212454892e-06,0.41769991621044456,41.769991621044454,,,,,,,,,stage4_cpt_8k,,,,logs/l20_stage4_hq_crossdedup_train_latest.log,,1201,26.319710731506348,,,,629669888,19919.97576828967,,
,,,,,,,train,,,,2.982691213488579,2.7658769774836036e-06,0.4180163682289686,41.80163682289686,,,,,,,,,stage4_cpt_8k,,,,logs/l20_stage4_hq_crossdedup_train_latest.log,,1202,26.29978585243225,,,,630194176,19935.067264112833,,
,,,,,,,train,,,,2.9551501125097275,2.7654654176023965e-06,0.4191669548435401,41.91669548435401,,,,,,,,,stage4_cpt_8k,,,,logs/l20_stage4_hq_crossdedup_train_latest.log,,1203,26.22759461402893,,,,630718464,19989.938372753502,,
,,,,,,,train,,,,2.9544376879930496,2.765053532939738e-06,0.4187168950549104,41.87168950549104,,,,,,,,,stage4_cpt_8k,,,,logs/l20_stage4_hq_crossdedup_train_latest.log,,1204,26.25578546524048,,,,631242752,19968.475164991527,,
,,,,,,,train,,,,2.950707957148552,2.7646413236241996e-06,0.4178511737242288,41.78511737242288,,,,,,,,,stage4_cpt_8k,,,,logs/l20_stage4_hq_crossdedup_train_latest.log,,1205,26.31018328666687,,,,631767040,19927.18919087469,,
,,,,,,,train,,,,2.9795147329568863,2.764228789784451e-06,0.417813633959366,41.7813633959366,,,,,,,,,stage4_cpt_8k,,,,logs/l20_stage4_hq_crossdedup_train_latest.log,,1206,26.312547206878662,,,,632291328,19925.398931462627,,
,,,,,,,train,,,,2.8896031379699707,2.763815931549266e-06,0.41817261437451386,41.817261437451386,,,,,,,,,stage4_cpt_8k,,,,logs/l20_stage4_hq_crossdedup_train_latest.log,,1207,26.289959192276,,,,632815616,19942.51859295529,,
,,,,,,,train,,,,2.9200737476348877,2.763402749047518e-06,0.4181803584495372,41.81803584495372,,,,,,,,,stage4_cpt_8k,,,,logs/l20_stage4_hq_crossdedup_train_latest.log,,1208,26.289472341537476,,,,633339904,19942.88790542299,,
,,,,,,,train,,,,2.9193386137485504,2.762989242408182e-06,0.41855539406216813,41.85553940621681,,,,,,,,,stage4_cpt_8k,,,,logs/l20_stage4_hq_crossdedup_train_latest.log,,1209,26.265916347503662,,,,633864192,19960.77323416241,,
,,,,,,,train,,,,2.9687235057353973,2.762575411760333e-06,0.41825032221411257,41.825032221411256,,,,,,,,,stage4_cpt_8k,,,,logs/l20_stage4_hq_crossdedup_train_latest.log,,1210,26.285074710845947,,,,634388480,19946.2244550389,,
,,,,,,,train,,,,2.939572036266327,2.7621612572331504e-06,0.4177824108602976,41.77824108602976,,,,,,,,,stage4_cpt_8k,,,,logs/l20_stage4_hq_crossdedup_train_latest.log,,1211,26.314513683319092,,,,634912768,19923.90991182744,,
,,,,,,,train,,,,2.9074914008378983,2.7617467789559117e-06,0.4178167875701358,41.78167875701358,,,,,,,,,stage4_cpt_8k,,,,logs/l20_stage4_hq_crossdedup_train_latest.log,,1212,26.31234860420227,,,,635437056,19925.549326154316,,
,,,,,,,train,,,,2.9177102744579315,2.7613319770579955e-06,0.4183208293097162,41.83208293097162,,,,,,,,,stage4_cpt_8k,,,,logs/l20_stage4_hq_crossdedup_train_latest.log,,1213,26.280644416809082,,,,635961344,19949.586915938246,,
,,,,,,,train,,,,2.897291883826256,2.7609168516688832e-06,0.418134664210863,41.8134664210863,,,,,,,,,stage4_cpt_8k,,,,logs/l20_stage4_hq_crossdedup_train_latest.log,,1214,26.29234528541565,,,,636485632,19940.708761755926,,
,,,,,,,train,,,,2.9404135197401047,2.7605014029181556e-06,0.4189059652035441,41.890596520354414,,,,,,,,,stage4_cpt_8k,,,,logs/l20_stage4_hq_crossdedup_train_latest.log,,1215,26.243935108184814,,,,637009920,19977.49186007124,,
,,,,,,,train,,,,2.9643649607896805,2.7600856309354965e-06,0.41888651548141165,41.88865154814116,,,,,,,,,stage4_cpt_8k,,,,logs/l20_stage4_hq_crossdedup_train_latest.log,,1216,26.245153665542603,,,,637534208,19976.564309026715,,
,,,,,,,train,,,,2.9773562997579575,2.7596695358506876e-06,0.41824600878018875,41.82460087801888,,,,,,,,,stage4_cpt_8k,,,,logs/l20_stage4_hq_crossdedup_train_latest.log,,1217,26.285345792770386,,,,638058496,19946.01874875095,,
,,,,,,,train,,,,2.9058119654655457,2.7592531177936136e-06,0.41770901634709756,41.77090163470976,,,,,,,,,stage4_cpt_8k,,,,logs/l20_stage4_hq_crossdedup_train_latest.log,,1218,26.31913733482361,,,,638582784,19920.409750903935,,
,,,,,,,train,,,,2.927256926894188,2.7588363768942597e-06,0.41795516929036614,41.795516929036616,,,,,,,,,stage4_cpt_8k,,,,logs/l20_stage4_hq_crossdedup_train_latest.log,,1219,26.3036367893219,,,,639107072,19932.14870625181,,
,,,,,,,train,,,,2.9556918144226074,2.7584193132827114e-06,0.41793560699087806,41.793560699087806,,,,,,,,,stage4_cpt_8k,,,,logs/l20_stage4_hq_crossdedup_train_latest.log,,1220,26.30486798286438,,,,639631360,19931.215786429104,,
,,,,,,,train,,,,2.959831729531288,2.7580019270891553e-06,0.41800370412524224,41.800370412524224,,,,,,,,,stage4_cpt_8k,,,,logs/l20_stage4_hq_crossdedup_train_latest.log,,1221,26.30058264732361,,,,640155648,19934.463317045655,,
,,,,,,,train,,,,2.8977221846580505,2.7575842184438785e-06,0.41869379793174033,41.86937979317403,,,,,,,,,stage4_cpt_8k,,,,logs/l20_stage4_hq_crossdedup_train_latest.log,,1222,26.25723385810852,,,,640679936,19967.37367055495,,
,,,,,,,train,,,,2.9632240533828735,2.7571661874772687e-06,0.4178170525816125,41.78170525816125,,,,,,,,,stage4_cpt_8k,,,,logs/l20_stage4_hq_crossdedup_train_latest.log,,1223,26.312331914901733,,,,641204224,19925.56196446711,,
,,,,,,,train,,,,2.900333970785141,2.756747834319815e-06,0.4178953516920357,41.78953516920357,,,,,,,,,stage4_cpt_8k,,,,logs/l20_stage4_hq_crossdedup_train_latest.log,,1224,26.30740189552307,,,,641728512,19929.29602406774,,
,,,,,,,train,,,,2.9473970234394073,2.7563291591021058e-06,0.41776775866028015,41.77677586602802,,,,,,,,,stage4_cpt_8k,,,,logs/l20_stage4_hq_crossdedup_train_latest.log,,1225,26.315436601638794,,,,642252800,19923.21115308229,,
,,,,,,,train,,,,2.9272275418043137,2.75591016195483e-06,0.4180264257868011,41.80264257868011,,,,,,,,,stage4_cpt_8k,,,,logs/l20_stage4_hq_crossdedup_train_latest.log,,1226,26.299153089523315,,,,642777088,19935.546905837757,,
,,,,,,,train,,,,2.9001622200012207,2.755490843008779e-06,0.4180277673363725,41.802776733637245,,,,,,,,,stage4_cpt_8k,,,,logs/l20_stage4_hq_crossdedup_train_latest.log,,1227,26.299068689346313,,,,643301376,19935.610883908896,,
,,,,,,,train,,,,2.9862823635339737,2.7550712023948423e-06,0.417757119331717,41.7757119331717,,,,,,,,,stage4_cpt_8k,,,,logs/l20_stage4_hq_crossdedup_train_latest.log,,1228,26.31610679626465,,,,643825664,19922.703766896793,,
,,,,,,,train,,,,2.9225634187459946,2.7546512402440118e-06,0.4176729511068425,41.76729511068425,,,,,,,,,stage4_cpt_8k,,,,logs/l20_stage4_hq_crossdedup_train_latest.log,,1229,26.321409940719604,,,,644349952,19918.68981110008,,
,,,,,,,train,,,,2.970874607563019,2.754230956687377e-06,0.4174482928279171,41.74482928279171,,,,,,,,,stage4_cpt_8k,,,,logs/l20_stage4_hq_crossdedup_train_latest.log,,1230,26.335575342178345,,,,644874240,19907.97592943848,,
,,,,,,,train,,,,2.9303454607725143,2.753810351856131e-06,0.417866335416408,41.786633541640796,,,,,,,,,stage4_cpt_8k,,,,logs/l20_stage4_hq_crossdedup_train_latest.log,,1231,26.309228658676147,,,,645398528,19927.912247138516,,
,,,,,,,train,,,,2.877935141324997,2.753389425881566e-06,0.41790931214517724,41.79093121451773,,,,,,,,,stage4_cpt_8k,,,,logs/l20_stage4_hq_crossdedup_train_latest.log,,1232,26.306523084640503,,,,645922816,19929.961793625025,,
,,,,,,,train,,,,2.9051100611686707,2.752968178895072e-06,0.4178343585588035,41.78343585588035,,,,,,,,,stage4_cpt_8k,,,,logs/l20_stage4_hq_crossdedup_train_latest.log,,1233,26.31124210357666,,,,646447104,19926.387280999177,,
,,,,,,,train,,,,3.0160829424858093,2.752546611028143e-06,0.4177029167522276,41.77029167522276,,,,,,,,,stage4_cpt_8k,,,,logs/l20_stage4_hq_crossdedup_train_latest.log,,1234,26.31952166557312,,,,646971392,19920.118863170206,,
,,,,,,,train,,,,2.933291330933571,2.7521247224123716e-06,0.4177102234220354,41.77102234220354,,,,,,,,,stage4_cpt_8k,,,,logs/l20_stage4_hq_crossdedup_train_latest.log,,1235,26.319061279296875,,,,647495680,19920.4673159227,,
,,,,,,,train,,,,2.903120279312134,2.75170251317945e-06,0.41794022086163585,41.79402208616359,,,,,,,,,stage4_cpt_8k,,,,logs/l20_stage4_hq_crossdedup_train_latest.log,,1236,26.304577589035034,,,,648019968,19931.435820453833,,
,,,,,,,train,,,,2.9563523828983307,2.75127998346117e-06,0.41848828686941236,41.84882868694124,,,,,,,,,stage4_cpt_8k,,,,logs/l20_stage4_hq_crossdedup_train_latest.log,,1237,26.27012825012207,,,,648544256,19957.5729135454,,
,,,,,,,train,,,,2.9229103475809097,2.7508571333894264e-06,0.418372159399509,41.8372159399509,,,,,,,,,stage4_cpt_8k,,,,logs/l20_stage4_hq_crossdedup_train_latest.log,,1238,26.277420043945312,,,,649068544,19952.03483154745,,
,,,,,,,train,,,,2.93746717274189,2.75043396309621e-06,0.41799291636924535,41.799291636924536,,,,,,,,,stage4_cpt_8k,,,,logs/l20_stage4_hq_crossdedup_train_latest.log,,1239,26.30126142501831,,,,649592832,19933.948852403188,,
,,,,,,,train,,,,2.881954073905945,2.750010472713613e-06,0.41835459249408397,41.835459249408395,,,,,,,,,stage4_cpt_8k,,,,logs/l20_stage4_hq_crossdedup_train_latest.log,,1240,26.278523445129395,,,,650117120,19951.197071431136,,
,,,,,,,train,,,,2.932014361023903,2.749586662373831e-06,0.4178770787699007,41.78770787699007,,,,,,,,,stage4_cpt_8k,,,,logs/l20_stage4_hq_crossdedup_train_latest.log,,1241,26.308552265167236,,,,650641408,19928.424594239725,,
,,,,,,,train,,,,2.9828041046857834,2.749162532209153e-06,0.41761006750107665,41.76100675010767,,,,,,,,,stage4_cpt_8k,,,,logs/l20_stage4_hq_crossdedup_train_latest.log,,1242,26.32537341117859,,,,651165696,19915.690911999398,,
,,,,,,,train,,,,2.9577173590660095,2.748738082351974e-06,0.4176609811847019,41.76609811847019,,,,,,,,,stage4_cpt_8k,,,,logs/l20_stage4_hq_crossdedup_train_latest.log,,1243,26.322164297103882,,,,651689984,19918.118969331303,,
,,,,,,,train,,,,2.9905643463134766,2.748313312934784e-06,0.4180256981702962,41.80256981702962,,,,,,,,,stage4_cpt_8k,,,,logs/l20_stage4_hq_crossdedup_train_latest.log,,1244,26.299198865890503,,,,652214272,19935.51220603873,,
,,,,,,,train,,,,2.924038127064705,2.747888224090177e-06,0.41772757353007256,41.77275735300726,,,,,,,,,stage4_cpt_8k,,,,logs/l20_stage4_hq_crossdedup_train_latest.log,,1245,26.317968130111694,,,,652738560,19921.29473704074,,
,,,,,,,train,,,,2.9146296679973602,2.7474628159508426e-06,0.4175868956730225,41.75868956730225,,,,,,,,,stage4_cpt_8k,,,,logs/l20_stage4_hq_crossdedup_train_latest.log,,1246,26.326834201812744,,,,653262848,19914.585854910725,,
,,,,,,,train,,,,2.9599897414445877,2.7470370886495726e-06,0.4176702044711344,41.76702044711344,,,,,,,,,stage4_cpt_8k,,,,logs/l20_stage4_hq_crossdedup_train_latest.log,,1247,26.321583032608032,,,,653787136,19918.55882491927,,
,,,,,,,train,,,,2.9999479204416275,2.7466110423192587e-06,0.4177170081454579,41.771700814545795,,,,,,,,,stage4_cpt_8k,,,,logs/l20_stage4_hq_crossdedup_train_latest.log,,1248,26.318633794784546,,,,654311424,19920.79087721856,,
,,,,,,,train,,,,2.8996211290359497,2.74618467709289e-06,0.41768297701208906,41.76829770120891,,,,,,,,,stage4_cpt_8k,,,,logs/l20_stage4_hq_crossdedup_train_latest.log,,1249,26.320778131484985,,,,654835712,19919.167943323275,,
,,,,,,,train,,,,2.897512197494507,2.7457579931035574e-06,0.41767412770702006,41.76741277070201,,,,,,,,,stage4_cpt_8k,,,,logs/l20_stage4_hq_crossdedup_train_latest.log,,1250,26.321335792541504,,,,655360000,19918.745922787242,,
,,,,,,,eval,,,,2.9266007095575333,,,,,,,,,18.66407791934663,,,stage4_cpt_8k,,,,logs/l20_stage4_hq_crossdedup_train_latest.log,,1250,,,,,,,,
,,,,,,,train,,,,2.9323709905147552,2.74533099048445e-06,0.3243742666320544,32.437426663205436,,,,,,,,,stage4_cpt_8k,,,,logs/l20_stage4_hq_crossdedup_train_latest.log,,1251,33.89214897155762,,,,655884288,15469.30530843541,,
,,,,,,,train,,,,2.975430652499199,2.7449036693688573e-06,0.4183752455272464,41.837524552724645,,,,,,,,,stage4_cpt_8k,,,,logs/l20_stage4_hq_crossdedup_train_latest.log,,1252,26.277226209640503,,,,656408576,19952.182007994852,,
,,,,,,,train,,,,2.970271587371826,2.7444760298901667e-06,0.4175737924561286,41.75737924561286,,,,,,,,,stage4_cpt_8k,,,,logs/l20_stage4_hq_crossdedup_train_latest.log,,1253,26.32766032218933,,,,656932864,19913.960966676652,,
,,,,,,,train,,,,2.9330225437879562,2.7440480721818667e-06,0.41777428029534,41.777428029534,,,,,,,,,stage4_cpt_8k,,,,logs/l20_stage4_hq_crossdedup_train_latest.log,,1254,26.315025806427002,,,,657457152,19923.522167778057,,
,,,,,,,train,,,,2.8946197032928467,2.7436197963775447e-06,0.4176187741471123,41.76187741471123,,,,,,,,,stage4_cpt_8k,,,,logs/l20_stage4_hq_crossdedup_train_latest.log,,1255,26.324824571609497,,,,657981440,19916.106129171636,,
,,,,,,,train,,,,2.9404361695051193,2.743191202610885e-06,0.41777376930671534,41.77737693067154,,,,,,,,,stage4_cpt_8k,,,,logs/l20_stage4_hq_crossdedup_train_latest.log,,1256,26.31505799293518,,,,658505728,19923.497798893542,,
,,,,,,,train,,,,2.974441111087799,2.742762291015676e-06,0.4178376071387434,41.783760713874344,,,,,,,,,stage4_cpt_8k,,,,logs/l20_stage4_hq_crossdedup_train_latest.log,,1257,26.31103754043579,,,,659030016,19926.542204740294,,
,,,,,,,train,,,,2.956087365746498,2.742333061725801e-06,0.4177542429076292,41.77542429076292,,,,,,,,,stage4_cpt_8k,,,,logs/l20_stage4_hq_crossdedup_train_latest.log,,1258,26.316287994384766,,,,659554304,19922.566591149553,,
,,,,,,,train,,,,2.920836105942726,2.7419035148752436e-06,0.4177959814326716,41.77959814326716,,,,,,,,,stage4_cpt_8k,,,,logs/l20_stage4_hq_crossdedup_train_latest.log,,1259,26.313658952713013,,,,660078592,19924.557088095284,,
,,,,,,,train,,,,2.958158954977989,2.741473650598088e-06,0.41770184215223316,41.77018421522332,,,,,,,,,stage4_cpt_8k,,,,logs/l20_stage4_hq_crossdedup_train_latest.log,,1260,26.319589376449585,,,,660602880,19920.067615839245,,
,,,,,,,train,,,,2.9571289122104645,2.7410434690285155e-06,0.4182420444448854,41.82420444448854,,,,,,,,,stage4_cpt_8k,,,,logs/l20_stage4_hq_crossdedup_train_latest.log,,1261,26.285594940185547,,,,661127168,19945.82969086486,,
,,,,,,,train,,,,2.919868305325508,2.7406129703008084e-06,0.4180704323457711,41.807043234577115,,,,,,,,,stage4_cpt_8k,,,,logs/l20_stage4_hq_crossdedup_train_latest.log,,1262,26.296384811401367,,,,661651456,19937.64556459805,,
,,,,,,,train,,,,2.952802076935768,2.740182154549346e-06,0.41796453817408497,41.7964538174085,,,,,,,,,stage4_cpt_8k,,,,logs/l20_stage4_hq_crossdedup_train_latest.log,,1263,26.30304718017578,,,,662175744,19932.59550532792,,
,,,,,,,train,,,,2.9035863429307938,2.739751021908608e-06,0.4177484144855328,41.77484144855328,,,,,,,,,stage4_cpt_8k,,,,logs/l20_stage4_hq_crossdedup_train_latest.log,,1264,26.316655158996582,,,,662700032,19922.288635558896,,
,,,,,,,train,,,,2.9024771451950073,2.7393195725131724e-06,0.4179161563651217,41.79161563651217,,,,,,,,,stage4_cpt_8k,,,,logs/l20_stage4_hq_crossdedup_train_latest.log,,1265,26.306092262268066,,,,663224320,19930.288192291042,,
,,,,,,,train,,,,2.9297501146793365,2.738887806497716e-06,0.41786765321784836,41.786765321784834,,,,,,,,,stage4_cpt_8k,,,,logs/l20_stage4_hq_crossdedup_train_latest.log,,1266,26.30914568901062,,,,663748608,19927.97509266886,,
,,,,,,,train,,,,2.9455654472112656,2.738455723997015e-06,0.41768431635813935,41.76843163581393,,,,,,,,,stage4_cpt_8k,,,,logs/l20_stage4_hq_crossdedup_train_latest.log,,1267,26.320693731307983,,,,664272896,19919.231816309195,,
,,,,,,,train,,,,2.934011921286583,2.7380233251459435e-06,0.4175021458281062,41.75021458281062,,,,,,,,,stage4_cpt_8k,,,,logs/l20_stage4_hq_crossdedup_train_latest.log,,1268,26.332178354263306,,,,664797184,19910.544161839738,,
,,,,,,,train,,,,2.988925814628601,2.7375906100794753e-06,0.4176397820327962,41.76397820327962,,,,,,,,,stage4_cpt_8k,,,,logs/l20_stage4_hq_crossdedup_train_latest.log,,1269,26.323500394821167,,,,665321472,19917.107988538915,,
,,,,,,,train,,,,2.9645302295684814,2.7371575789326827e-06,0.4180048484860824,41.800484848608235,,,,,,,,,stage4_cpt_8k,,,,logs/l20_stage4_hq_crossdedup_train_latest.log,,1270,26.30051064491272,,,,665845760,19934.5178912491,,
,,,,,,,train,,,,2.956989422440529,2.7367242318407356e-06,0.4187083630800285,41.87083630800285,,,,,,,,,stage4_cpt_8k,,,,logs/l20_stage4_hq_crossdedup_train_latest.log,,1271,26.256320476531982,,,,666370048,19968.068277830895,,
,,,,,,,train,,,,2.877662643790245,2.736290568938904e-06,0.41844861994883886,41.844861994883885,,,,,,,,,stage4_cpt_8k,,,,logs/l20_stage4_hq_crossdedup_train_latest.log,,1272,26.272618532180786,,,,666894336,19955.681210756,,
,,,,,,,train,,,,2.9787927865982056,2.7358565903625557e-06,0.418046330112289,41.8046330112289,,,,,,,,,stage4_cpt_8k,,,,logs/l20_stage4_hq_crossdedup_train_latest.log,,1273,26.297900915145874,,,,667418624,19936.496136771293,,
,,,,,,,train,,,,2.977973073720932,2.735422296247157e-06,0.417730793959528,41.7730793959528,,,,,,,,,stage4_cpt_8k,,,,logs/l20_stage4_hq_crossdedup_train_latest.log,,1274,26.31776523590088,,,,667942912,19921.448318294235,,
,,,,,,,train,,,,2.9673224091529846,2.7349876867282735e-06,0.4178063615282524,41.78063615282524,,,,,,,,,stage4_cpt_8k,,,,logs/l20_stage4_hq_crossdedup_train_latest.log,,1275,26.313005208969116,,,,668467200,19925.052111542544,,
,,,,,,,train,,,,2.968160033226013,2.7345527619415683e-06,0.41819731146607086,41.81973114660708,,,,,,,,,stage4_cpt_8k,,,,logs/l20_stage4_hq_crossdedup_train_latest.log,,1276,26.28840661048889,,,,668991488,19943.69638937389,,
,,,,,,,train,,,,2.9058968275785446,2.734117522022803e-06,0.41811712482623103,41.8117124826231,,,,,,,,,stage4_cpt_8k,,,,logs/l20_stage4_hq_crossdedup_train_latest.log,,1277,26.293448209762573,,,,669515776,19939.872314097454,,
,,,,,,,train,,,,2.913951650261879,2.7336819671078376e-06,0.4178099958192867,41.78099958192867,,,,,,,,,stage4_cpt_8k,,,,logs/l20_stage4_hq_crossdedup_train_latest.log,,1278,26.31277632713318,,,,670040064,19925.22542972272,,
,,,,,,,train,,,,2.9361295253038406,2.7332460973326317e-06,0.4176230027881963,41.76230027881963,,,,,,,,,stage4_cpt_8k,,,,logs/l20_stage4_hq_crossdedup_train_latest.log,,1279,26.32455801963806,,,,670564352,19916.3077917161,,
,,,,,,,train,,,,2.9373685717582703,2.732809912833241e-06,0.41741390493313046,41.74139049331305,,,,,,,,,stage4_cpt_8k,,,,logs/l20_stage4_hq_crossdedup_train_latest.log,,1280,26.33774495124817,,,,671088640,19906.335981704975,,
,,,,,,,train,,,,2.9403288066387177,2.732373413745821e-06,0.41802640683842246,41.80264068384225,,,,,,,,,stage4_cpt_8k,,,,logs/l20_stage4_hq_crossdedup_train_latest.log,,1281,26.29915428161621,,,,671612928,19935.546002195624,,
,,,,,,,train,,,,2.9289829581975937,2.7319366002066246e-06,0.41806293492299257,41.806293492299254,,,,,,,,,stage4_cpt_8k,,,,logs/l20_stage4_hq_crossdedup_train_latest.log,,1282,26.29685640335083,,,,672137216,19937.28801489723,,
,,,,,,,train,,,,2.907750114798546,2.7314994723520042e-06,0.41810020105628654,41.81002010562865,,,,,,,,,stage4_cpt_8k,,,,logs/l20_stage4_hq_crossdedup_train_latest.log,,1283,26.294512510299683,,,,672661504,19939.06522490706,,
,,,,,,,train,,,,2.9425512850284576,2.7310620303184087e-06,0.41787108408472445,41.78710840847245,,,,,,,,,stage4_cpt_8k,,,,logs/l20_stage4_hq_crossdedup_train_latest.log,,1284,26.308929681777954,,,,673185792,19928.138709615825,,
,,,,,,,train,,,,2.950065463781357,2.7306242742423856e-06,0.418031079560606,41.8031079560606,,,,,,,,,stage4_cpt_8k,,,,logs/l20_stage4_hq_crossdedup_train_latest.log,,1285,26.29886031150818,,,,673710080,19935.768842826074,,
,,,,,,,train,,,,2.927449032664299,2.7301862042605804e-06,0.4178892958875326,41.78892958875326,,,,,,,,,stage4_cpt_8k,,,,logs/l20_stage4_hq_crossdedup_train_latest.log,,1286,26.307783126831055,,,,674234368,19929.007224682635,,
,,,,,,,train,,,,2.9146091639995575,2.7297478205097374e-06,0.4177539363437135,41.77539363437135,,,,,,,,,stage4_cpt_8k,,,,logs/l20_stage4_hq_crossdedup_train_latest.log,,1287,26.316307306289673,,,,674758656,19922.5519712142,,
,,,,,,,train,,,,2.980998143553734,2.729309123126697e-06,0.41773122158785525,41.773122158785526,,,,,,,,,stage4_cpt_8k,,,,logs/l20_stage4_hq_crossdedup_train_latest.log,,1288,26.31773829460144,,,,675282944,19921.468711752757,,
,,,,,,,train,,,,2.939048409461975,2.7288701122484e-06,0.4183953311437678,41.83953311437678,,,,,,,,,stage4_cpt_8k,,,,logs/l20_stage4_hq_crossdedup_train_latest.log,,1289,26.275964736938477,,,,675807232,19953.13988463995,,
,,,,,,,train,,,,2.9331257194280624,2.728430788011883e-06,0.4186320812350952,41.86320812350952,,,,,,,,,stage4_cpt_8k,,,,logs/l20_stage4_hq_crossdedup_train_latest.log,,1290,26.261104822158813,,,,676331520,19964.43042097802,,
,,,,,,,train,,,,2.9127182215452194,2.727991150554281e-06,0.41820775702904717,41.82077570290472,,,,,,,,,stage4_cpt_8k,,,,logs/l20_stage4_hq_crossdedup_train_latest.log,,1291,26.287750005722046,,,,676855808,19944.194534940358,,
,,,,,,,train,,,,2.9660429805517197,2.7275512000128274e-06,0.41783192405007313,41.78319240500731,,,,,,,,,stage4_cpt_8k,,,,logs/l20_stage4_hq_crossdedup_train_latest.log,,1292,26.311395406723022,,,,677380096,19926.271180054373,,
,,,,,,,train,,,,2.9315642714500427,2.727110936524852e-06,0.41855587657037374,41.855587657037375,,,,,,,,,stage4_cpt_8k,,,,logs/l20_stage4_hq_crossdedup_train_latest.log,,1293,26.265886068344116,,,,677904384,19960.79624482483,,
,,,,,,,train,,,,2.9394286423921585,2.7266703602277847e-06,0.41932805496745623,41.93280549674562,,,,,,,,,stage4_cpt_8k,,,,logs/l20_stage4_hq_crossdedup_train_latest.log,,1294,26.21751832962036,,,,678428672,19997.62118627617,,
,,,,,,,train,,,,2.967257469892502,2.7262294712591494e-06,0.4185751132171278,41.85751132171278,,,,,,,,,stage4_cpt_8k,,,,logs/l20_stage4_hq_crossdedup_train_latest.log,,1295,26.264678955078125,,,,678952960,19961.71363437252,,
,,,,,,,train,,,,2.9443716555833817,2.725788269756571e-06,0.41766728384579604,41.76672838457961,,,,,,,,,stage4_cpt_8k,,,,logs/l20_stage4_hq_crossdedup_train_latest.log,,1296,26.3217670917511,,,,679477248,19918.419541228486,,
,,,,,,,train,,,,2.900976985692978,2.7253467558577706e-06,0.41783706191900216,41.783706191900215,,,,,,,,,stage4_cpt_8k,,,,logs/l20_stage4_hq_crossdedup_train_latest.log,,1297,26.31107187271118,,,,680001536,19926.516203384745,,
,,,,,,,train,,,,2.9208480566740036,2.7249049297005665e-06,0.41785000748578704,41.7850007485787,,,,,,,,,stage4_cpt_8k,,,,logs/l20_stage4_hq_crossdedup_train_latest.log,,1298,26.310256719589233,,,,680525824,19927.133573335403,,
,,,,,,,train,,,,2.946158453822136,2.724462791422875e-06,0.41767216040498134,41.767216040498134,,,,,,,,,stage4_cpt_8k,,,,logs/l20_stage4_hq_crossdedup_train_latest.log,,1299,26.321459770202637,,,,681050112,19918.652102780536,,
,,,,,,,train,,,,2.9715944975614548,2.724020341162709e-06,0.41771339060793866,41.77133906079386,,,,,,,,,stage4_cpt_8k,,,,logs/l20_stage4_hq_crossdedup_train_latest.log,,1300,26.318861722946167,,,,681574400,19920.61835800817,,
,,,,,,,train,,,,2.9115635752677917,2.7235775790581803e-06,0.4173938454252632,41.73938454252632,,,,,,,,,stage4_cpt_8k,,,,logs/l20_stage4_hq_crossdedup_train_latest.log,,1301,26.33901071548462,,,,682098688,19905.37935017327,,
,,,,,,,train,,,,2.906688392162323,2.723134505247497e-06,0.4175214331769839,41.75214331769839,,,,,,,,,stage4_cpt_8k,,,,logs/l20_stage4_hq_crossdedup_train_latest.log,,1302,26.33096194267273,,,,682622976,19911.46396935554,,
,,,,,,,train,,,,2.9555462449789047,2.722691119868964e-06,0.4178128313673459,41.781283136734594,,,,,,,,,stage4_cpt_8k,,,,logs/l20_stage4_hq_crossdedup_train_latest.log,,1303,26.31259775161743,,,,683147264,19925.360656105197,,
,,,,,,,train,,,,2.9401162415742874,2.722247423060985e-06,0.41817039966730957,41.81703996673096,,,,,,,,,stage4_cpt_8k,,,,logs/l20_stage4_hq_crossdedup_train_latest.log,,1304,26.290098428726196,,,,683671552,19942.41297427515,,
,,,,,,,train,,,,2.9393540769815445,2.721803414962059e-06,0.41815565577619895,41.81556557761989,,,,,,,,,stage4_cpt_8k,,,,logs/l20_stage4_hq_crossdedup_train_latest.log,,1305,26.291025400161743,,,,684195840,19941.709842811022,,
,,,,,,,train,,,,2.885563775897026,2.7213590957107846e-06,0.4180536071095995,41.805360710959945,,,,,,,,,stage4_cpt_8k,,,,logs/l20_stage4_hq_crossdedup_train_latest.log,,1306,26.297443151474,,,,684720128,19936.843174451853,,
,,,,,,,train,,,,2.8919225484132767,2.7209144654458548e-06,0.4182376022024615,41.82376022024615,,,,,,,,,stage4_cpt_8k,,,,logs/l20_stage4_hq_crossdedup_train_latest.log,,1307,26.285874128341675,,,,685244416,19945.617841740626,,
,,,,,,,train,,,,2.921239748597145,2.7204695243060614e-06,0.41813371251172865,41.81337125117287,,,,,,,,,stage4_cpt_8k,,,,logs/l20_stage4_hq_crossdedup_train_latest.log,,1308,26.292405128479004,,,,685768704,19940.66337552778,,
,,,,,,,train,,,,2.952090337872505,2.7200242724302933e-06,0.4179959665915243,41.799596659152435,,,,,,,,,stage4_cpt_8k,,,,logs/l20_stage4_hq_crossdedup_train_latest.log,,1309,26.301069498062134,,,,686292992,19934.094316530725,,
,,,,,,,train,,,,2.960238352417946,2.7195787099575355e-06,0.41765962307315846,41.765962307315846,,,,,,,,,stage4_cpt_8k,,,,logs/l20_stage4_hq_crossdedup_train_latest.log,,1310,26.32224988937378,,,,686817280,19918.054201424995,,
,,,,,,,train,,,,2.9703745245933533,2.7191328370268708e-06,0.41733449432869485,41.733449432869484,,,,,,,,,stage4_cpt_8k,,,,logs/l20_stage4_hq_crossdedup_train_latest.log,,1311,26.342756509780884,,,,687341568,19902.54891530943,,
,,,,,,,train,,,,2.90766042470932,2.718686653777478e-06,0.4176442569779236,41.76442569779236,,,,,,,,,stage4_cpt_8k,,,,logs/l20_stage4_hq_crossdedup_train_latest.log,,1312,26.32321834564209,,,,687865856,19917.321397244647,,
,,,,,,,train,,,,2.943905547261238,2.7182401603486333e-06,0.4176568766127385,41.76568766127385,,,,,,,,,stage4_cpt_8k,,,,logs/l20_stage4_hq_crossdedup_train_latest.log,,1313,26.322422981262207,,,,688390144,19917.923223603615,,
,,,,,,,train,,,,2.930871903896332,2.7177933568797107e-06,0.4179952731830468,41.79952731830468,,,,,,,,,stage4_cpt_8k,,,,logs/l20_stage4_hq_crossdedup_train_latest.log,,1314,26.30111312866211,,,,688914432,19934.061248101614,,
,,,,,,,train,,,,2.952595964074135,2.717346243510179e-06,0.418240951894873,41.824095189487295,,,,,,,,,stage4_cpt_8k,,,,logs/l20_stage4_hq_crossdedup_train_latest.log,,1315,26.285663604736328,,,,689438720,19945.77758750326,,
,,,,,,,train,,,,3.0353989005088806,2.7168988203796043e-06,0.4189025135166508,41.89025135166508,,,,,,,,,stage4_cpt_8k,,,,logs/l20_stage4_hq_crossdedup_train_latest.log,,1316,26.24415135383606,,,,689963008,19977.327250224298,,
,,,,,,,train,,,,2.957725465297699,2.7164510876276504e-06,0.418875134178859,41.8875134178859,,,,,,,,,stage4_cpt_8k,,,,logs/l20_stage4_hq_crossdedup_train_latest.log,,1317,26.245866775512695,,,,690487296,19976.02153833833,,
,,,,,,,train,,,,2.9498127698898315,2.716003045394078e-06,0.41780012659497756,41.78001265949776,,,,,,,,,stage4_cpt_8k,,,,logs/l20_stage4_hq_crossdedup_train_latest.log,,1318,26.313397884368896,,,,691011584,19924.754769563453,,
,,,,,,,train,,,,2.882483348250389,2.7155546938187422e-06,0.4178427072839792,41.78427072839792,,,,,,,,,stage4_cpt_8k,,,,logs/l20_stage4_hq_crossdedup_train_latest.log,,1319,26.31071639060974,,,,691535872,19926.78542903977,,
,,,,,,,train,,,,2.9249811321496964,2.7151060330415963e-06,0.41787099698696556,41.78709969869656,,,,,,,,,stage4_cpt_8k,,,,logs/l20_stage4_hq_crossdedup_train_latest.log,,1320,26.308935165405273,,,,692060160,19928.134555951485,,
,,,,,,,train,,,,2.9284447133541107,2.7146570632026906e-06,0.4181550566379987,41.81550566379987,,,,,,,,,stage4_cpt_8k,,,,logs/l20_stage4_hq_crossdedup_train_latest.log,,1321,26.29106307029724,,,,692584448,19941.68127010136,,
,,,,,,,train,,,,2.927000477910042,2.71420778444217e-06,0.4177000902633929,41.77000902633929,,,,,,,,,stage4_cpt_8k,,,,logs/l20_stage4_hq_crossdedup_train_latest.log,,1322,26.31969976425171,,,,693108736,19919.984068819256,,
,,,,,,,train,,,,2.9265854954719543,2.713758196900278e-06,0.4174327533324839,41.74327533324839,,,,,,,,,stage4_cpt_8k,,,,logs/l20_stage4_hq_crossdedup_train_latest.log,,1323,26.33655571937561,,,,693633024,19907.23485585798,,
,,,,,,,train,,,,2.9093317687511444,2.713308300717353e-06,0.41769654112542826,41.769654112542824,,,,,,,,,stage4_cpt_8k,,,,logs/l20_stage4_hq_crossdedup_train_latest.log,,1324,26.319923400878906,,,,694157312,19919.814811561813,,
,,,,,,,train,,,,2.8917577117681503,2.7128580960338296e-06,0.4179801324436336,41.79801324436336,,,,,,,,,stage4_cpt_8k,,,,logs/l20_stage4_hq_crossdedup_train_latest.log,,1325,26.3020658493042,,,,694681600,19933.33919106851,,
,,,,,,,train,,,,2.969754308462143,2.7124075829902406e-06,0.4181696867186118,41.81696867186118,,,,,,,,,stage4_cpt_8k,,,,logs/l20_stage4_hq_crossdedup_train_latest.log,,1326,26.290143251419067,,,,695205888,19942.378973979172,,
,,,,,,,train,,,,2.9384449124336243,2.711956761727212e-06,0.41786947846230776,41.786947846230774,,,,,,,,,stage4_cpt_8k,,,,logs/l20_stage4_hq_crossdedup_train_latest.log,,1327,26.309030771255493,,,,695730176,19928.062137994926,,
,,,,,,,train,,,,2.9216392934322357,2.711505632385469e-06,0.4178599737332666,41.78599737332666,,,,,,,,,stage4_cpt_8k,,,,logs/l20_stage4_hq_crossdedup_train_latest.log,,1328,26.309629201889038,,,,696254464,19927.608860498724,,
,,,,,,,train,,,,2.9248852282762527,2.7110541951058314e-06,0.41783561179286555,41.78356117928656,,,,,,,,,stage4_cpt_8k,,,,logs/l20_stage4_hq_crossdedup_train_latest.log,,1329,26.311163187026978,,,,696778752,19926.447047331843,,
,,,,,,,train,,,,2.9246861934661865,2.7106024500292147e-06,0.41831175562403633,41.83117556240363,,,,,,,,,stage4_cpt_8k,,,,logs/l20_stage4_hq_crossdedup_train_latest.log,,1330,26.281214475631714,,,,697303040,19949.15419476245,,
,,,,,,,train,,,,2.931381806731224,2.710150397296633e-06,0.41804105444765305,41.804105444765305,,,,,,,,,stage4_cpt_8k,,,,logs/l20_stage4_hq_crossdedup_train_latest.log,,1331,26.298232793807983,,,,697827328,19936.24454200761,,
,,,,,,,train,,,,2.9129113405942917,2.7096980370491928e-06,0.41778718411871735,41.778718411871736,,,,,,,,,stage4_cpt_8k,,,,logs/l20_stage4_hq_crossdedup_train_latest.log,,1332,26.314213037490845,,,,698351616,19924.137546998925,,
,,,,,,,train,,,,2.9870407432317734,2.709245369428099e-06,0.41781701093692963,41.781701093692966,,,,,,,,,stage4_cpt_8k,,,,logs/l20_stage4_hq_crossdedup_train_latest.log,,1333,26.312334537506104,,,,698875904,19925.559978445464,,
,,,,,,,train,,,,2.8908895701169968,2.7087923945746525e-06,0.4179875018607135,41.798750186071345,,,,,,,,,stage4_cpt_8k,,,,logs/l20_stage4_hq_crossdedup_train_latest.log,,1334,26.301602125167847,,,,699400192,19933.69063621839,,
,,,,,,,train,,,,2.9021752327680588,2.708339112630248e-06,0.41787632895147825,41.78763289514782,,,,,,,,,stage4_cpt_8k,,,,logs/l20_stage4_hq_crossdedup_train_latest.log,,1335,26.3085994720459,,,,699924480,19928.388835638332,,
,,,,,,,train,,,,2.9831053763628006,2.7078855237363796e-06,0.4177098942190877,41.77098942190877,,,,,,,,,stage4_cpt_8k,,,,logs/l20_stage4_hq_crossdedup_train_latest.log,,1336,26.319082021713257,,,,700448768,19920.45161633913,,
,,,,,,,train,,,,2.938166469335556,2.707431628034633e-06,0.41781614397223477,41.78161439722348,,,,,,,,,stage4_cpt_8k,,,,logs/l20_stage4_hq_crossdedup_train_latest.log,,1337,26.312389135360718,,,,700973056,19925.518633175707,,
,,,,,,,train,,,,2.9315762519836426,2.7069774256666935e-06,0.41774020576946597,41.7740205769466,,,,,,,,,stage4_cpt_8k,,,,logs/l20_stage4_hq_crossdedup_train_latest.log,,1338,26.317172288894653,,,,701497344,19921.897164508042,,
,,,,,,,train,,,,2.8895699977874756,2.70652291677434e-06,0.4178917992350927,41.789179923509266,,,,,,,,,stage4_cpt_8k,,,,logs/l20_stage4_hq_crossdedup_train_latest.log,,1339,26.30762553215027,,,,702021632,19929.126608529274,,
,,,,,,,train,,,,2.905740186572075,2.7060681014994467e-06,0.41793327357778876,41.79332735777888,,,,,,,,,stage4_cpt_8k,,,,logs/l20_stage4_hq_crossdedup_train_latest.log,,1340,26.305014848709106,,,,702545920,19931.104506703174,,
,,,,,,,train,,,,2.954766720533371,2.705612979983985e-06,0.4180934721153549,41.80934721153549,,,,,,,,,stage4_cpt_8k,,,,logs/l20_stage4_hq_crossdedup_train_latest.log,,1341,26.294935703277588,,,,703070208,19938.744323860392,,
,,,,,,,train,,,,2.971520110964775,2.7051575523700214e-06,0.4179987288809185,41.79987288809185,,,,,,,,,stage4_cpt_8k,,,,logs/l20_stage4_hq_crossdedup_train_latest.log,,1342,26.30089569091797,,,,703594496,19934.226049230834,,
,,,,,,,train,,,,2.971994459629059,2.704701818799717e-06,0.41773468805864555,41.77346880586455,,,,,,,,,stage4_cpt_8k,,,,logs/l20_stage4_hq_crossdedup_train_latest.log,,1343,26.317519903182983,,,,704118784,19921.63402663903,,
,,,,,,,train,,,,3.0121388882398605,2.70424577941533e-06,0.41760765073364403,41.760765073364404,,,,,,,,,stage4_cpt_8k,,,,logs/l20_stage4_hq_crossdedup_train_latest.log,,1344,26.325525760650635,,,,704643072,19915.575657131423,,
,,,,,,,train,,,,2.909111738204956,2.703789434359212e-06,0.4175620702173055,41.75620702173055,,,,,,,,,stage4_cpt_8k,,,,logs/l20_stage4_hq_crossdedup_train_latest.log,,1345,26.328399419784546,,,,705167360,19913.40193684628,,
,,,,,,,train,,,,2.902613118290901,2.703332783773812e-06,0.4177605408140543,41.77605408140543,,,,,,,,,stage4_cpt_8k,,,,logs/l20_stage4_hq_crossdedup_train_latest.log,,1346,26.31589126586914,,,,705691648,19922.86693629809,,
,,,,,,,train,,,,2.9509698301553726,2.7028758278016736e-06,0.41772126904930046,41.77212690493005,,,,,,,,,stage4_cpt_8k,,,,logs/l20_stage4_hq_crossdedup_train_latest.log,,1347,26.318365335464478,,,,706215936,19920.99407836369,,
,,,,,,,train,,,,2.9871164709329605,2.702418566585435e-06,0.4186813664610957,41.86813664610957,,,,,,,,,stage4_cpt_8k,,,,logs/l20_stage4_hq_crossdedup_train_latest.log,,1348,26.258013486862183,,,,706740224,19966.780817685234,,
,,,,,,,train,,,,2.907506301999092,2.701961000267831e-06,0.41889318244939494,41.889318244939496,,,,,,,,,stage4_cpt_8k,,,,logs/l20_stage4_hq_crossdedup_train_latest.log,,1349,26.244735956192017,,,,707264512,19976.882254603242,,
,,,,,,,train,,,,2.9211220890283585,2.701503128991691e-06,0.41819541508721975,41.819541508721976,,,,,,,,,stage4_cpt_8k,,,,logs/l20_stage4_hq_crossdedup_train_latest.log,,1350,26.288525819778442,,,,707788800,19943.605951671376,,
,,,,,,,train,,,,2.967283383011818,2.7010449528999395e-06,0.4176161492555633,41.76161492555633,,,,,,,,,stage4_cpt_8k,,,,logs/l20_stage4_hq_crossdedup_train_latest.log,,1351,26.324990034103394,,,,708313088,19915.980948930937,,
,,,,,,,train,,,,2.9280724823474884,2.7005864721355957e-06,0.41784753871679603,41.784753871679605,,,,,,,,,stage4_cpt_8k,,,,logs/l20_stage4_hq_crossdedup_train_latest.log,,1352,26.310412168502808,,,,708837376,19927.0158385297,,
,,,,,,,train,,,,2.865519940853119,2.700127686841775e-06,0.41848631189031554,41.84863118903156,,,,,,,,,stage4_cpt_8k,,,,logs/l20_stage4_hq_crossdedup_train_latest.log,,1353,26.270252227783203,,,,709361664,19957.47872742224,,
,,,,,,,train,,,,2.911586195230484,2.6996685971616872e-06,0.41851467741723813,41.851467741723816,,,,,,,,,stage4_cpt_8k,,,,logs/l20_stage4_hq_crossdedup_train_latest.log,,1354,26.268471717834473,,,,709885952,19958.83147035329,,
,,,,,,,train,,,,2.920659974217415,2.6992092032386375e-06,0.4178018944654743,41.780189446547425,,,,,,,,,stage4_cpt_8k,,,,logs/l20_stage4_hq_crossdedup_train_latest.log,,1355,26.313286542892456,,,,710410240,19924.839078743535,,
,,,,,,,train,,,,2.944613128900528,2.6987495052160247e-06,0.41771611889141025,41.77161188914103,,,,,,,,,stage4_cpt_8k,,,,logs/l20_stage4_hq_crossdedup_train_latest.log,,1356,26.318689823150635,,,,710934528,19920.748468976675,,
,,,,,,,train,,,,2.885122537612915,2.698289503237345e-06,0.417638851498347,41.7638851498347,,,,,,,,,stage4_cpt_8k,,,,logs/l20_stage4_hq_crossdedup_train_latest.log,,1357,26.323559045791626,,,,711458816,19917.06361164785,,
,,,,,,,train,,,,2.9332730025053024,2.6978291974461875e-06,0.4180738968675615,41.80738968675615,,,,,,,,,stage4_cpt_8k,,,,logs/l20_stage4_hq_crossdedup_train_latest.log,,1358,26.29616689682007,,,,711983104,19937.81078653714,,
,,,,,,,train,,,,2.9728516042232513,2.6973685879862368e-06,0.4177657715513578,41.77657715513578,,,,,,,,,stage4_cpt_8k,,,,logs/l20_stage4_hq_crossdedup_train_latest.log,,1359,26.315561771392822,,,,712507392,19923.116388491624,,
,,,,,,,train,,,,2.977644056081772,2.696907675001272e-06,0.417882725216266,41.7882725216266,,,,,,,,,stage4_cpt_8k,,,,logs/l20_stage4_hq_crossdedup_train_latest.log,,1360,26.308196783065796,,,,713031680,19928.693871465814,,
,,,,,,,train,,,,2.983321115374565,2.6964464586351675e-06,0.41802796061117287,41.802796061117284,,,,,,,,,stage4_cpt_8k,,,,logs/l20_stage4_hq_crossdedup_train_latest.log,,1361,26.29905652999878,,,,713555968,19935.620101122477,,
,,,,,,,train,,,,2.8894810527563095,2.6959849390318914e-06,0.4184888755687111,41.84888755687111,,,,,,,,,stage4_cpt_8k,,,,logs/l20_stage4_hq_crossdedup_train_latest.log,,1362,26.27009129524231,,,,714080256,19957.600988427173,,
,,,,,,,train,,,,2.9862862676382065,2.695523116335508e-06,0.41791722070502185,41.79172207050218,,,,,,,,,stage4_cpt_8k,,,,logs/l20_stage4_hq_crossdedup_train_latest.log,,1363,26.30602526664734,,,,714604544,19930.338950321388,,
,,,,,,,train,,,,2.9973783791065216,2.695060990690175e-06,0.4180042194657723,41.80042194657723,,,,,,,,,stage4_cpt_8k,,,,logs/l20_stage4_hq_crossdedup_train_latest.log,,1364,26.30055022239685,,,,715128832,19934.487893471152,,
,,,,,,,train,,,,2.945283740758896,2.6945985622401445e-06,0.41808880178904284,41.80888017890428,,,,,,,,,stage4_cpt_8k,,,,logs/l20_stage4_hq_crossdedup_train_latest.log,,1365,26.29522943496704,,,,715653120,19938.521597488285,,
,,,,,,,train,,,,2.9613483995199203,2.6941358311297644e-06,0.41801154804877,41.801154804877,,,,,,,,,stage4_cpt_8k,,,,logs/l20_stage4_hq_crossdedup_train_latest.log,,1366,26.300089120864868,,,,716177408,19934.83739125668,,
,,,,,,,train,,,,2.927301436662674,2.693672797503476e-06,0.4176801205259027,41.76801205259027,,,,,,,,,stage4_cpt_8k,,,,logs/l20_stage4_hq_crossdedup_train_latest.log,,1367,26.320958137512207,,,,716701696,19919.031718408198,,
,,,,,,,train,,,,2.97905670106411,2.693209461505815e-06,0.4177305177045254,41.77305177045254,,,,,,,,,stage4_cpt_8k,,,,logs/l20_stage4_hq_crossdedup_train_latest.log,,1368,26.317782640457153,,,,717225984,19921.43514378128,,
,,,,,,,train,,,,2.9230716824531555,2.6927458232814123e-06,0.4176078209276181,41.76078209276181,,,,,,,,,stage4_cpt_8k,,,,logs/l20_stage4_hq_crossdedup_train_latest.log,,1369,26.325515031814575,,,,717750272,19915.583773627757,,
,,,,,,,train,,,,2.9711238592863083,2.6922818829749923e-06,0.4178546951979905,41.78546951979905,,,,,,,,,stage4_cpt_8k,,,,logs/l20_stage4_hq_crossdedup_train_latest.log,,1370,26.309961557388306,,,,718274560,19927.357128835127,,
,,,,,,,train,,,,2.945682168006897,2.6918176407313742e-06,0.4178110255465746,41.781102554657465,,,,,,,,,stage4_cpt_8k,,,,logs/l20_stage4_hq_crossdedup_train_latest.log,,1371,26.312711477279663,,,,718798848,19925.274537088622,,
,,,,,,,train,,,,2.964229643344879,2.6913530966954707e-06,0.41788175194132027,41.78817519413202,,,,,,,,,stage4_cpt_8k,,,,logs/l20_stage4_hq_crossdedup_train_latest.log,,1372,26.308258056640625,,,,719323136,19928.6474562941,,
,,,,,,,train,,,,2.9309608936309814,2.6908882510122906e-06,0.4181659210245987,41.81659210245987,,,,,,,,,stage4_cpt_8k,,,,logs/l20_stage4_hq_crossdedup_train_latest.log,,1373,26.290380001068115,,,,719847424,19942.199389232846,,
,,,,,,,train,,,,2.9369941353797913,2.6904231038269343e-06,0.41833447283606706,41.83344728360671,,,,,,,,,stage4_cpt_8k,,,,logs/l20_stage4_hq_crossdedup_train_latest.log,,1374,26.279787302017212,,,,720371712,19950.237571357975,,
,,,,,,,train,,,,2.880724251270294,2.6899576552845983e-06,0.41815475706954236,41.81547570695424,,,,,,,,,stage4_cpt_8k,,,,logs/l20_stage4_hq_crossdedup_train_latest.log,,1375,26.29108190536499,,,,720896000,19941.66698377723,,
,,,,,,,train,,,,2.919543817639351,2.689491905530572e-06,0.41787409466001324,41.78740946600132,,,,,,,,,stage4_cpt_8k,,,,logs/l20_stage4_hq_crossdedup_train_latest.log,,1376,26.30874013900757,,,,721420288,19928.28228299105,,
,,,,,,,train,,,,3.007806822657585,2.6890258547102396e-06,0.4180377799641626,41.80377799641626,,,,,,,,,stage4_cpt_8k,,,,logs/l20_stage4_hq_crossdedup_train_latest.log,,1377,26.298438787460327,,,,721944576,19936.088382934428,,
,,,,,,,train,,,,2.931478887796402,2.688559502969079e-06,0.41831719371628845,41.83171937162884,,,,,,,,,stage4_cpt_8k,,,,logs/l20_stage4_hq_crossdedup_train_latest.log,,1378,26.28087282180786,,,,722468864,19949.413535647338,,
,,,,,,,train,,,,2.9500368386507034,2.688092850452662e-06,0.4189322371829205,41.89322371829205,,,,,,,,,stage4_cpt_8k,,,,logs/l20_stage4_hq_crossdedup_train_latest.log,,1379,26.242289304733276,,,,722993152,19978.744762387596,,
,,,,,,,train,,,,2.9748374074697495,2.687625897306653e-06,0.4187067814330491,41.870678143304914,,,,,,,,,stage4_cpt_8k,,,,logs/l20_stage4_hq_crossdedup_train_latest.log,,1380,26.25641965866089,,,,723517440,19967.992849590955,,
,,,,,,,train,,,,2.965131625533104,2.6871586436768135e-06,0.41771600915393914,41.77160091539391,,,,,,,,,stage4_cpt_8k,,,,logs/l20_stage4_hq_crossdedup_train_latest.log,,1381,26.31869673728943,,,,724041728,19920.743235631682,,
,,,,,,,train,,,,2.97101828455925,2.6866910897089956e-06,0.4179800415115753,41.79800415115753,,,,,,,,,stage4_cpt_8k,,,,logs/l20_stage4_hq_crossdedup_train_latest.log,,1382,26.302071571350098,,,,724566016,19933.33485454766,,
,,,,,,,train,,,,2.988837882876396,2.686223235549146e-06,0.4187546543585076,41.875465435850764,,,,,,,,,stage4_cpt_8k,,,,logs/l20_stage4_hq_crossdedup_train_latest.log,,1383,26.25341796875,,,,725090304,19970.275894135808,,
,,,,,,,train,,,,2.9539733231067657,2.6857550813433073e-06,0.41881610288291127,41.88161028829113,,,,,,,,,stage4_cpt_8k,,,,logs/l20_stage4_hq_crossdedup_train_latest.log,,1384,26.249566078186035,,,,725614592,19973.206354664082,,
,,,,,,,train,,,,2.9345346689224243,2.6852866272376116e-06,0.4180997082250929,41.80997082250929,,,,,,,,,stage4_cpt_8k,,,,logs/l20_stage4_hq_crossdedup_train_latest.log,,1385,26.294543504714966,,,,726138880,19939.041721944635,,
,,,,,,,train,,,,2.9360148161649704,2.6848178733782883e-06,0.41742568309385675,41.742568309385675,,,,,,,,,stage4_cpt_8k,,,,logs/l20_stage4_hq_crossdedup_train_latest.log,,1386,26.33700180053711,,,,726663168,19906.897678433077,,
,,,,,,,train,,,,2.939859300851822,2.6843488199116586e-06,0.41831351264745326,41.83135126474532,,,,,,,,,stage4_cpt_8k,,,,logs/l20_stage4_hq_crossdedup_train_latest.log,,1387,26.28110408782959,,,,727187456,19949.237986648757,,
,,,,,,,train,,,,2.9606702774763107,2.6838794669841376e-06,0.4180517764661141,41.805177646611405,,,,,,,,,stage4_cpt_8k,,,,logs/l20_stage4_hq_crossdedup_train_latest.log,,1388,26.297558307647705,,,,727711744,19936.75587164796,,
,,,,,,,train,,,,2.8907857686281204,2.683409814742234e-06,0.41799401899104344,41.799401899104346,,,,,,,,,stage4_cpt_8k,,,,logs/l20_stage4_hq_crossdedup_train_latest.log,,1389,26.301192045211792,,,,728236032,19934.00143608503,,
,,,,,,,train,,,,2.91505466401577,2.6829398633325503e-06,0.41764596300507606,41.764596300507606,,,,,,,,,stage4_cpt_8k,,,,logs/l20_stage4_hq_crossdedup_train_latest.log,,1390,26.323110818862915,,,,728760320,19917.402757135365,,
,,,,,,,train,,,,2.9843332022428513,2.6824696129017805e-06,0.417661972346891,41.7661972346891,,,,,,,,,stage4_cpt_8k,,,,logs/l20_stage4_hq_crossdedup_train_latest.log,,1391,26.322101831436157,,,,729284608,19918.166237539943,,
,,,,,,,train,,,,2.9120162427425385,2.6819990635967152e-06,0.4178486178530268,41.78486178530268,,,,,,,,,stage4_cpt_8k,,,,logs/l20_stage4_hq_crossdedup_train_latest.log,,1392,26.310344219207764,,,,729808896,19927.06730219233,,
,,,,,,,train,,,,2.959837928414345,2.6815282155642354e-06,0.4178101093919002,41.781010939190026,,,,,,,,,stage4_cpt_8k,,,,logs/l20_stage4_hq_crossdedup_train_latest.log,,1393,26.312769174575806,,,,730333184,19925.230845964434,,
,,,,,,,train,,,,2.97884139418602,2.681057068951316e-06,0.41821001764803273,41.82100176480327,,,,,,,,,stage4_cpt_8k,,,,logs/l20_stage4_hq_crossdedup_train_latest.log,,1394,26.2876079082489,,,,730857472,19944.3023431387,,
,,,,,,,train,,,,2.918689265847206,2.680585623905026e-06,0.4179781774131016,41.79781774131016,,,,,,,,,stage4_cpt_8k,,,,logs/l20_stage4_hq_crossdedup_train_latest.log,,1395,26.302188873291016,,,,731381760,19933.245956286046,,
,,,,,,,train,,,,2.871619150042534,2.680113880572527e-06,0.4178305080347164,41.78305080347164,,,,,,,,,stage4_cpt_8k,,,,logs/l20_stage4_hq_crossdedup_train_latest.log,,1396,26.311484575271606,,,,731906048,19926.20365073368,,
,,,,,,,train,,,,2.8928719758987427,2.6796418391010743e-06,0.41810098579758515,41.81009857975852,,,,,,,,,stage4_cpt_8k,,,,logs/l20_stage4_hq_crossdedup_train_latest.log,,1397,26.29446315765381,,,,732430336,19939.102648969274,,
,,,,,,,train,,,,2.988271802663803,2.6791694996380146e-06,0.418061847098852,41.8061847098852,,,,,,,,,stage4_cpt_8k,,,,logs/l20_stage4_hq_crossdedup_train_latest.log,,1398,26.296924829483032,,,,732954624,19937.236136910953,,
,,,,,,,train,,,,2.926900416612625,2.6786968623307902e-06,0.4176565739746811,41.76565739746811,,,,,,,,,stage4_cpt_8k,,,,logs/l20_stage4_hq_crossdedup_train_latest.log,,1399,26.322442054748535,,,,733478912,19917.908790891197,,
,,,,,,,train,,,,2.96194551885128,2.6782239273269332e-06,0.41813298452168973,41.81329845216897,,,,,,,,,stage4_cpt_8k,,,,logs/l20_stage4_hq_crossdedup_train_latest.log,,1400,26.29245090484619,,,,734003200,19940.628657915033,,
,,,,,,,train,,,,2.946050450205803,2.6777506947740717e-06,0.41833470055198513,41.83347005519851,,,,,,,,,stage4_cpt_8k,,,,logs/l20_stage4_hq_crossdedup_train_latest.log,,1401,26.279772996902466,,,,734527488,19950.248431057473,,
,,,,,,,train,,,,2.979356572031975,2.677277164819925e-06,0.41853442692580217,41.85344269258022,,,,,,,,,stage4_cpt_8k,,,,logs/l20_stage4_hq_crossdedup_train_latest.log,,1402,26.267232179641724,,,,735051776,19959.77331811711,,
,,,,,,,train,,,,2.9373929500579834,2.676803337612305e-06,0.4187154692327708,41.87154692327708,,,,,,,,,stage4_cpt_8k,,,,logs/l20_stage4_hq_crossdedup_train_latest.log,,1403,26.25587487220764,,,,735576064,19968.40716798849,,
,,,,,,,train,,,,2.9235382676124573,2.676329213299117e-06,0.4180548692396006,41.80548692396006,,,,,,,,,stage4_cpt_8k,,,,logs/l20_stage4_hq_crossdedup_train_latest.log,,1404,26.297363758087158,,,,736100352,19936.90336502902,,
,,,,,,,train,,,,2.891906440258026,2.6758547920283595e-06,0.41798445176197135,41.798445176197134,,,,,,,,,stage4_cpt_8k,,,,logs/l20_stage4_hq_crossdedup_train_latest.log,,1405,26.301794052124023,,,,736624640,19933.545177982287,,
,,,,,,,train,,,,2.8903420716524124,2.6753800739481232e-06,0.4179940682491977,41.79940682491977,,,,,,,,,stage4_cpt_8k,,,,logs/l20_stage4_hq_crossdedup_train_latest.log,,1406,26.301188945770264,,,,737148928,19934.003785190693,,
,,,,,,,train,,,,2.9752416163682938,2.6749050592065916e-06,0.4177631410267173,41.77631410267173,,,,,,,,,stage4_cpt_8k,,,,logs/l20_stage4_hq_crossdedup_train_latest.log,,1407,26.315727472305298,,,,737673216,19922.99093961059,,
,,,,,,,train,,,,2.9220643788576126,2.67442974795204e-06,0.41799001775205963,41.799001775205966,,,,,,,,,stage4_cpt_8k,,,,logs/l20_stage4_hq_crossdedup_train_latest.log,,1408,26.301443815231323,,,,738197504,19933.810618274183,,
,,,,,,,train,,,,2.90602108836174,2.6739541403328367e-06,0.41764112488453475,41.76411248845348,,,,,,,,,stage4_cpt_8k,,,,logs/l20_stage4_hq_crossdedup_train_latest.log,,1409,26.323415756225586,,,,738721792,19917.17202870999,,
,,,,,,,train,,,,2.9523721486330032,2.673478236497443e-06,0.41780997689052374,41.78099768905238,,,,,,,,,stage4_cpt_8k,,,,logs/l20_stage4_hq_crossdedup_train_latest.log,,1410,26.312777519226074,,,,739246080,19925.224527016053,,
,,,,,,,train,,,,2.901854231953621,2.673002036594413e-06,0.41787569274401787,41.78756927440179,,,,,,,,,stage4_cpt_8k,,,,logs/l20_stage4_hq_crossdedup_train_latest.log,,1411,26.308639526367188,,,,739770368,19928.35849510748,,
,,,,,,,train,,,,2.957428812980652,2.6725255407723917e-06,0.41754432551255377,41.75443255125538,,,,,,,,,stage4_cpt_8k,,,,logs/l20_stage4_hq_crossdedup_train_latest.log,,1412,26.32951831817627,,,,740294656,19912.555697536784,,
,,,,,,,train,,,,2.941849932074547,2.672048749180118e-06,0.4177248526653889,41.77248526653889,,,,,,,,,stage4_cpt_8k,,,,logs/l20_stage4_hq_crossdedup_train_latest.log,,1413,26.31813955307007,,,,740818944,19921.164979871864,,
,,,,,,,train,,,,2.9112143516540527,2.671571661966422e-06,0.41757050260008827,41.757050260008825,,,,,,,,,stage4_cpt_8k,,,,logs/l20_stage4_hq_crossdedup_train_latest.log,,1414,26.32786774635315,,,,741343232,19913.804074491472,,
,,,,,,,train,,,,2.9941909313201904,2.6710942792802267e-06,0.4182664462158429,41.82664462158429,,,,,,,,,stage4_cpt_8k,,,,logs/l20_stage4_hq_crossdedup_train_latest.log,,1415,26.284061431884766,,,,741867520,19946.99340353827,,
,,,,,,,train,,,,2.9064794033765793,2.6706166012705473e-06,0.4183404808240536,41.83404808240536,,,,,,,,,stage4_cpt_8k,,,,logs/l20_stage4_hq_crossdedup_train_latest.log,,1416,26.279409885406494,,,,742391808,19950.524090388655,,
,,,,,,,train,,,,2.9617203176021576,2.670138628086491e-06,0.41889706400110177,41.88970640011018,,,,,,,,,stage4_cpt_8k,,,,logs/l20_stage4_hq_crossdedup_train_latest.log,,1417,26.244492769241333,,,,742916096,19977.067364566024,,
,,,,,,,train,,,,2.9577285945415497,2.669660359877257e-06,0.41825739006466073,41.82573900646607,,,,,,,,,stage4_cpt_8k,,,,logs/l20_stage4_hq_crossdedup_train_latest.log,,1418,26.28463053703308,,,,743440384,19946.561518577077,,
,,,,,,,train,,,,2.9455855041742325,2.6691817967921374e-06,0.41762623673518484,41.76262367351848,,,,,,,,,stage4_cpt_8k,,,,logs/l20_stage4_hq_crossdedup_train_latest.log,,1419,26.32435417175293,,,,743964672,19916.462017616435,,
,,,,,,,train,,,,2.9741750061511993,2.668702938980515e-06,0.41792406518401237,41.792406518401236,,,,,,,,,stage4_cpt_8k,,,,logs/l20_stage4_hq_crossdedup_train_latest.log,,1420,26.305594444274902,,,,744488960,19930.665361341227,,
,,,,,,,train,,,,2.9532630145549774,2.6682237865918658e-06,0.4180883431019071,41.80883431019071,,,,,,,,,stage4_cpt_8k,,,,logs/l20_stage4_hq_crossdedup_train_latest.log,,1421,26.295258283615112,,,,745013248,19938.499722845092,,
,,,,,,,train,,,,2.9362328946590424,2.6677443397757576e-06,0.41818367688484703,41.818367688484706,,,,,,,,,stage4_cpt_8k,,,,logs/l20_stage4_hq_crossdedup_train_latest.log,,1422,26.28926372528076,,,,745537536,19943.046160544414,,
,,,,,,,train,,,,2.9088400155305862,2.6672645986818484e-06,0.4178183700722298,41.78183700722298,,,,,,,,,stage4_cpt_8k,,,,logs/l20_stage4_hq_crossdedup_train_latest.log,,1423,26.312248945236206,,,,746061824,19925.6247951744,,
,,,,,,,train,,,,2.9230041205883026,2.6667845634598915e-06,0.4175647624926461,41.756476249264615,,,,,,,,,stage4_cpt_8k,,,,logs/l20_stage4_hq_crossdedup_train_latest.log,,1424,26.328229665756226,,,,746586112,19913.530330598507,,
,,,,,,,train,,,,2.9024803787469864,2.6663042342597275e-06,0.4178265818605166,41.782658186051655,,,,,,,,,stage4_cpt_8k,,,,logs/l20_stage4_hq_crossdedup_train_latest.log,,1425,26.311731815338135,,,,747110400,19926.016412738445,,
,,,,,,,train,,,,2.885935053229332,2.665823611231294e-06,0.4178822026011401,41.78822026011401,,,,,,,,,stage4_cpt_8k,,,,logs/l20_stage4_hq_crossdedup_train_latest.log,,1426,26.308229684829712,,,,747634688,19928.66894811716,,
,,,,,,,train,,,,2.952938035130501,2.6653426945246156e-06,0.4176149540709205,41.76149540709205,,,,,,,,,stage4_cpt_8k,,,,logs/l20_stage4_hq_crossdedup_train_latest.log,,1427,26.32506537437439,,,,748158976,19915.923950956556,,
,,,,,,,train,,,,2.9813170582056046,2.6648614842898116e-06,0.4176429784123876,41.764297841238765,,,,,,,,,stage4_cpt_8k,,,,logs/l20_stage4_hq_crossdedup_train_latest.log,,1428,26.323298931121826,,,,748683264,19917.260422862062,,
,,,,,,,train,,,,2.9178713262081146,2.664379980677091e-06,0.4179490284100779,41.79490284100779,,,,,,,,,stage4_cpt_8k,,,,logs/l20_stage4_hq_crossdedup_train_latest.log,,1429,26.304023265838623,,,,749207552,19931.85584962965,,
,,,,,,,train,,,,2.9179248213768005,2.663898183836756e-06,0.4181703238215878,41.81703238215878,,,,,,,,,stage4_cpt_8k,,,,logs/l20_stage4_hq_crossdedup_train_latest.log,,1430,26.29010319709778,,,,749731840,19942.409357216875,,
,,,,,,,train,,,,2.9011486619710922,2.6634160939191985e-06,0.41778503027171526,41.778503027171524,,,,,,,,,stage4_cpt_8k,,,,logs/l20_stage4_hq_crossdedup_train_latest.log,,1431,26.314348697662354,,,,750256128,19924.034830722423,,
,,,,,,,train,,,,2.934501975774765,2.6629337110749043e-06,0.4176200033944127,41.76200033944127,,,,,,,,,stage4_cpt_8k,,,,logs/l20_stage4_hq_crossdedup_train_latest.log,,1432,26.32474708557129,,,,750780416,19916.164751583296,,
,,,,,,,train,,,,2.9494228065013885,2.6624510354544483e-06,0.4176053966220957,41.760539662209574,,,,,,,,,stage4_cpt_8k,,,,logs/l20_stage4_hq_crossdedup_train_latest.log,,1433,26.32566785812378,,,,751304704,19915.46815927069,,
,,,,,,,train,,,,2.8869531452655792,2.661968067208498e-06,0.41738908115042544,41.73890811504254,,,,,,,,,stage4_cpt_8k,,,,logs/l20_stage4_hq_crossdedup_train_latest.log,,1434,26.339311361312866,,,,751828992,19905.15214342594,,
,,,,,,,train,,,,2.887638106942177,2.661484806487812e-06,0.41767522864759465,41.767522864759464,,,,,,,,,stage4_cpt_8k,,,,logs/l20_stage4_hq_crossdedup_train_latest.log,,1435,26.321266412734985,,,,752353280,19918.798426292073,,
,,,,,,,train,,,,2.9181427657604218,2.6610012534432407e-06,0.4178238672779128,41.782386727791284,,,,,,,,,stage4_cpt_8k,,,,logs/l20_stage4_hq_crossdedup_train_latest.log,,1436,26.31190276145935,,,,752877568,19925.886955159953,,
,,,,,,,train,,,,2.903967782855034,2.6605174082257248e-06,0.4178092651702822,41.78092651702822,,,,,,,,,stage4_cpt_8k,,,,logs/l20_stage4_hq_crossdedup_train_latest.log,,1437,26.312822341918945,,,,753401856,19925.190585304757,,
,,,,,,,train,,,,2.954190284013748,2.6600332709862967e-06,0.41769485360337355,41.769485360337356,,,,,,,,,stage4_cpt_8k,,,,logs/l20_stage4_hq_crossdedup_train_latest.log,,1438,26.320029735565186,,,,753926144,19919.7343341733,,
,,,,,,,train,,,,2.9494935870170593,2.65954884187608e-06,0.4178652789091872,41.78652789091872,,,,,,,,,stage4_cpt_8k,,,,logs/l20_stage4_hq_crossdedup_train_latest.log,,1439,26.309295177459717,,,,754450432,19927.861862646158,,
,,,,,,,train,,,,2.87352292239666,2.659064121046289e-06,0.4178745377294723,41.78745377294723,,,,,,,,,stage4_cpt_8k,,,,logs/l20_stage4_hq_crossdedup_train_latest.log,,1440,26.308712244033813,,,,754974720,19928.303412832225,,
,,,,,,,train,,,,2.9636435210704803,2.65857910864823e-06,0.41810237710944737,41.81023771094473,,,,,,,,,stage4_cpt_8k,,,,logs/l20_stage4_hq_crossdedup_train_latest.log,,1441,26.29437565803528,,,,755499008,19939.16900018819,,
,,,,,,,train,,,,2.9672296792268753,2.658093804833299e-06,0.41754168643322515,41.754168643322515,,,,,,,,,stage4_cpt_8k,,,,logs/l20_stage4_hq_crossdedup_train_latest.log,,1442,26.329684734344482,,,,756023296,19912.429840685403,,
,,,,,,,train,,,,2.969249904155731,2.6576082097529846e-06,0.4176438824860241,41.76438824860241,,,,,,,,,stage4_cpt_8k,,,,logs/l20_stage4_hq_crossdedup_train_latest.log,,1443,26.32324194908142,,,,756547584,19917.303537845408,,
,,,,,,,train,,,,2.996597021818161,2.6571223235588644e-06,0.4178805703840548,41.788057038405476,,,,,,,,,stage4_cpt_8k,,,,logs/l20_stage4_hq_crossdedup_train_latest.log,,1444,26.308332443237305,,,,757071872,19928.591108204997,,
,,,,,,,train,,,,2.9294041246175766,2.6566361464026085e-06,0.41807128141363337,41.807128141363336,,,,,,,,,stage4_cpt_8k,,,,logs/l20_stage4_hq_crossdedup_train_latest.log,,1445,26.29633140563965,,,,757596160,19937.686056373568,,
,,,,,,,train,,,,2.940832257270813,2.6561496784359766e-06,0.41801512527878376,41.80151252787837,,,,,,,,,stage4_cpt_8k,,,,logs/l20_stage4_hq_crossdedup_train_latest.log,,1446,26.299864053726196,,,,758120448,19935.00798821499,,
,,,,,,,train,,,,2.9553786516189575,2.6556629198108207e-06,0.41801713749757263,41.80171374975726,,,,,,,,,stage4_cpt_8k,,,,logs/l20_stage4_hq_crossdedup_train_latest.log,,1447,26.299737453460693,,,,758644736,19935.103950287183,,
,,,,,,,train,,,,2.884335219860077,2.6551758706790815e-06,0.41792134933458375,41.79213493345838,,,,,,,,,stage4_cpt_8k,,,,logs/l20_stage4_hq_crossdedup_train_latest.log,,1448,26.305765390396118,,,,759169024,19930.53584334826,,
,,,,,,,train,,,,2.970403775572777,2.6546885311927917e-06,0.417755117184971,41.7755117184971,,,,,,,,,stage4_cpt_8k,,,,logs/l20_stage4_hq_crossdedup_train_latest.log,,1449,26.316232919692993,,,,759693312,19922.608285157112,,
,,,,,,,train,,,,2.9854409098625183,2.6542009015040754e-06,0.4179575218900922,41.79575218900922,,,,,,,,,stage4_cpt_8k,,,,logs/l20_stage4_hq_crossdedup_train_latest.log,,1450,26.303488731384277,,,,760217600,19932.260900982325,,
,,,,,,,train,,,,2.947398141026497,2.6537129817651453e-06,0.41845314262332,41.845314262332,,,,,,,,,stage4_cpt_8k,,,,logs/l20_stage4_hq_crossdedup_train_latest.log,,1451,26.272334575653076,,,,760741888,19955.896895659385,,
,,,,,,,train,,,,2.830861285328865,2.653224772128306e-06,0.41876600249308965,41.876600249308964,,,,,,,,,stage4_cpt_8k,,,,logs/l20_stage4_hq_crossdedup_train_latest.log,,1452,26.25270652770996,,,,761266176,19970.817083054255,,
,,,,,,,train,,,,2.9618140757083893,2.6527362727459517e-06,0.4183346208513857,41.83346208513857,,,,,,,,,stage4_cpt_8k,,,,logs/l20_stage4_hq_crossdedup_train_latest.log,,1453,26.279778003692627,,,,761790464,19950.244630161305,,
,,,,,,,train,,,,2.9747871458530426,2.6522474837705685e-06,0.41796873972256704,41.796873972256705,,,,,,,,,stage4_cpt_8k,,,,logs/l20_stage4_hq_crossdedup_train_latest.log,,1454,26.302782773971558,,,,762314752,19932.795875834843,,
,,,,,,,train,,,,2.9345633685588837,2.651758405354731e-06,0.41781142683873035,41.781142683873036,,,,,,,,,stage4_cpt_8k,,,,logs/l20_stage4_hq_crossdedup_train_latest.log,,1455,26.31268620491028,,,,762839040,19925.29367458353,,
,,,,,,,train,,,,2.9095393419265747,2.651269037651106e-06,0.41821735344910865,41.82173534491086,,,,,,,,,stage4_cpt_8k,,,,logs/l20_stage4_hq_crossdedup_train_latest.log,,1456,26.28714680671692,,,,763363328,19944.652185152074,,
,,,,,,,train,,,,2.89528326690197,2.6507793808124484e-06,0.4194165844581779,41.941658445817794,,,,,,,,,stage4_cpt_8k,,,,logs/l20_stage4_hq_crossdedup_train_latest.log,,1457,26.211984395980835,,,,763887616,20001.843129450004,,
,,,,,,,train,,,,2.9181104004383087,2.6502894349916065e-06,0.41923936463356143,41.92393646335614,,,,,,,,,stage4_cpt_8k,,,,logs/l20_stage4_hq_crossdedup_train_latest.log,,1458,26.223064661026,,,,764411904,19993.391572542718,,
,,,,,,,train,,,,2.949259027838707,2.6497992003415153e-06,0.4181218412822101,41.812184128221006,,,,,,,,,stage4_cpt_8k,,,,logs/l20_stage4_hq_crossdedup_train_latest.log,,1459,26.29315161705017,,,,764936192,19940.097240378665,,
,,,,,,,train,,,,2.9615232795476913,2.6493086770152024e-06,0.41755390285284405,41.755390285284406,,,,,,,,,stage4_cpt_8k,,,,logs/l20_stage4_hq_crossdedup_train_latest.log,,1460,26.328914403915405,,,,765460480,19913.012437840298,,
,,,,,,,train,,,,2.950530782341957,2.6488178651657845e-06,0.4177877405643469,41.77877405643469,,,,,,,,,stage4_cpt_8k,,,,logs/l20_stage4_hq_crossdedup_train_latest.log,,1461,26.314177989959717,,,,765984768,19924.164083713513,,
,,,,,,,train,,,,2.9764294475317,2.648326764946469e-06,0.41766148054827035,41.766148054827035,,,,,,,,,stage4_cpt_8k,,,,logs/l20_stage4_hq_crossdedup_train_latest.log,,1462,26.32213282585144,,,,766509056,19918.142783820593,,
,,,,,,,train,,,,2.953433394432068,2.6478353765105524e-06,0.41784506997697723,41.784506997697726,,,,,,,,,stage4_cpt_8k,,,,logs/l20_stage4_hq_crossdedup_train_latest.log,,1463,26.310567617416382,,,,767033344,19926.898105115208,,
,,,,,,,train,,,,2.9794278740882874,2.647343700011422e-06,0.41757430673716034,41.75743067371604,,,,,,,,,stage4_cpt_8k,,,,logs/l20_stage4_hq_crossdedup_train_latest.log,,1464,26.327627897262573,,,,767557632,19913.98549257501,,
,,,,,,,train,,,,2.9469980150461197,2.6468517356025546e-06,0.4179580257514482,41.79580257514482,,,,,,,,,stage4_cpt_8k,,,,logs/l20_stage4_hq_crossdedup_train_latest.log,,1465,26.303457021713257,,,,768081920,19932.284929969668,,
,,,,,,,train,,,,2.952928274869919,2.6463594834375174e-06,0.41778753615557607,41.778753615557605,,,,,,,,,stage4_cpt_8k,,,,logs/l20_stage4_hq_crossdedup_train_latest.log,,1466,26.31419086456299,,,,768606208,19924.15433552443,,
,,,,,,,train,,,,2.9791625887155533,2.645866943669966e-06,0.41779029190546413,41.77902919054641,,,,,,,,,stage4_cpt_8k,,,,logs/l20_stage4_hq_crossdedup_train_latest.log,,1467,26.314017295837402,,,,769130496,19924.285756357574,,
,,,,,,,train,,,,2.911907836794853,2.6453741164536474e-06,0.41761345631754515,41.761345631754516,,,,,,,,,stage4_cpt_8k,,,,logs/l20_stage4_hq_crossdedup_train_latest.log,,1468,26.325159788131714,,,,769654784,19915.85252357583,,
,,,,,,,train,,,,2.9264627397060394,2.6448810019423977e-06,0.4176182332805926,41.76182332805926,,,,,,,,,stage4_cpt_8k,,,,logs/l20_stage4_hq_crossdedup_train_latest.log,,1469,26.32485866546631,,,,770179072,19916.080335419836,,
,,,,,,,train,,,,2.9274174869060516,2.644387600290143e-06,0.41793720175734556,41.793720175734556,,,,,,,,,stage4_cpt_8k,,,,logs/l20_stage4_hq_crossdedup_train_latest.log,,1470,26.304767608642578,,,,770703360,19931.291840333244,,
,,,,,,,train,,,,2.927798166871071,2.6438939116508985e-06,0.41799558389038616,41.799558389038616,,,,,,,,,stage4_cpt_8k,,,,logs/l20_stage4_hq_crossdedup_train_latest.log,,1471,26.301093578338623,,,,771227648,19934.07606563552,,
,,,,,,,train,,,,2.9409039318561554,2.6433999361787686e-06,0.418580740546031,41.8580740546031,,,,,,,,,stage4_cpt_8k,,,,logs/l20_stage4_hq_crossdedup_train_latest.log,,1472,26.264325857162476,,,,771751936,19961.981999892938,,
,,,,,,,train,,,,2.9377213418483734,2.642905674027948e-06,0.4185875801771698,41.85875801771698,,,,,,,,,stage4_cpt_8k,,,,logs/l20_stage4_hq_crossdedup_train_latest.log,,1473,26.263896703720093,,,,772276224,19962.308179720276,,
,,,,,,,train,,,,2.9659655541181564,2.6424111253527214e-06,0.4181571005405667,41.81571005405667,,,,,,,,,stage4_cpt_8k,,,,logs/l20_stage4_hq_crossdedup_train_latest.log,,1474,26.290934562683105,,,,772800512,19941.77874316287,,
,,,,,,,train,,,,2.921456962823868,2.6419162903074616e-06,0.4178869023971864,41.78869023971864,,,,,,,,,stage4_cpt_8k,,,,logs/l20_stage4_hq_crossdedup_train_latest.log,,1475,26.307933807373047,,,,773324800,19928.893079891488,,
,,,,,,,train,,,,2.9673549085855484,2.6414211690466315e-06,0.417737916166693,41.7737916166693,,,,,,,,,stage4_cpt_8k,,,,logs/l20_stage4_hq_crossdedup_train_latest.log,,1476,26.31731653213501,,,,773849088,19921.787974082126,,
,,,,,,,train,,,,2.94049209356308,2.640925761724784e-06,0.4177744089889684,41.77744089889684,,,,,,,,,stage4_cpt_8k,,,,logs/l20_stage4_hq_crossdedup_train_latest.log,,1477,26.315017700195312,,,,774373376,19923.528305136148,,
,,,,,,,train,,,,2.9805249720811844,2.6404300684965595e-06,0.41810396935781813,41.81039693578181,,,,,,,,,stage4_cpt_8k,,,,logs/l20_stage4_hq_crossdedup_train_latest.log,,1478,26.294275522232056,,,,774897664,19939.244934005106,,
,,,,,,,train,,,,2.9214160442352295,2.639934089516689e-06,0.4182721790722643,41.827217907226434,,,,,,,,,stage4_cpt_8k,,,,logs/l20_stage4_hq_crossdedup_train_latest.log,,1479,26.283701181411743,,,,775421952,19947.26680163237,,
,,,,,,,train,,,,2.9542631059885025,2.639437824939993e-06,0.4180195211113731,41.80195211113731,,,,,,,,,stage4_cpt_8k,,,,logs/l20_stage4_hq_crossdedup_train_latest.log,,1480,26.29958748817444,,,,775946240,19935.217624069013,,
,,,,,,,train,,,,2.8942130506038666,2.6389412749213807e-06,0.41725106641798937,41.72510664179894,,,,,,,,,stage4_cpt_8k,,,,logs/l20_stage4_hq_crossdedup_train_latest.log,,1481,26.348023653030396,,,,776470528,19898.570264859296,,
,,,,,,,train,,,,2.9441607147455215,2.6384444396158492e-06,0.4112362027998295,41.123620279982944,,,,,,,,,stage4_cpt_8k,,,,logs/l20_stage4_hq_crossdedup_train_latest.log,,1482,26.733397722244263,,,,776994816,19611.723337499734,,
,,,,,,,train,,,,2.9246917217969894,2.6379473191784864e-06,0.4177267788371404,41.77267788371404,,,,,,,,,stage4_cpt_8k,,,,logs/l20_stage4_hq_crossdedup_train_latest.log,,1483,26.318018198013306,,,,777519104,19921.25683838829,,
,,,,,,,train,,,,2.9102644473314285,2.6374499137644685e-06,0.41784954932246604,41.784954932246606,,,,,,,,,stage4_cpt_8k,,,,logs/l20_stage4_hq_crossdedup_train_latest.log,,1484,26.310285568237305,,,,778043392,19927.111723672766,,
,,,,,,,train,,,,2.950882986187935,2.6369522235290605e-06,0.4177218063985862,41.77218063985862,,,,,,,,,stage4_cpt_8k,,,,logs/l20_stage4_hq_crossdedup_train_latest.log,,1485,26.318331480026245,,,,778567680,19921.019704379723,,
,,,,,,,train,,,,2.9398737847805023,2.636454248627617e-06,0.41806642964373003,41.806642964373005,,,,,,,,,stage4_cpt_8k,,,,logs/l20_stage4_hq_crossdedup_train_latest.log,,1486,26.2966365814209,,,,779091968,19937.454677014473,,
,,,,,,,train,,,,2.9606480449438095,2.6359559892155802e-06,0.4181365372887454,41.81365372887454,,,,,,,,,stage4_cpt_8k,,,,logs/l20_stage4_hq_crossdedup_train_latest.log,,1487,26.292227506637573,,,,779616256,19940.798088242675,,
,,,,,,,train,,,,2.934864491224289,2.635457445448482e-06,0.41909412059253387,41.909412059253384,,,,,,,,,stage4_cpt_8k,,,,logs/l20_stage4_hq_crossdedup_train_latest.log,,1488,26.232152700424194,,,,780140544,19986.464930555314,,
,,,,,,,train,,,,2.9630118012428284,2.634958617481944e-06,0.4190316765619382,41.903167656193816,,,,,,,,,stage4_cpt_8k,,,,logs/l20_stage4_hq_crossdedup_train_latest.log,,1489,26.236061811447144,,,,780664832,19983.486994654286,,
,,,,,,,train,,,,2.976906731724739,2.6344595054716736e-06,0.4183508879936579,41.835088799365785,,,,,,,,,stage4_cpt_8k,,,,logs/l20_stage4_hq_crossdedup_train_latest.log,,1490,26.278756141662598,,,,781189120,19951.02040498746,,
,,,,,,,train,,,,2.9568455517292023,2.63396010957347e-06,0.41813964269168213,41.81396426916821,,,,,,,,,stage4_cpt_8k,,,,logs/l20_stage4_hq_crossdedup_train_latest.log,,1491,26.29203224182129,,,,781713408,19940.946183918182,,
,,,,,,,train,,,,2.9413329362869263,2.6334604299432192e-06,0.41818178062964967,41.81817806296497,,,,,,,,,stage4_cpt_8k,,,,logs/l20_stage4_hq_crossdedup_train_latest.log,,1492,26.289382934570312,,,,782237696,19942.95572873891,,
,,,,,,,train,,,,2.9826724231243134,2.632960466736896e-06,0.4178988549736496,41.789885497364956,,,,,,,,,stage4_cpt_8k,,,,logs/l20_stage4_hq_crossdedup_train_latest.log,,1493,26.307181358337402,,,,782761984,19929.463094450446,,
,,,,,,,train,,,,2.9012787491083145,2.632460220110566e-06,0.4178998662020774,41.78998662020774,,,,,,,,,stage4_cpt_8k,,,,logs/l20_stage4_hq_crossdedup_train_latest.log,,1494,26.307117700576782,,,,783286272,19929.511319611614,,
,,,,,,,train,,,,2.913739189505577,2.6319596902203785e-06,0.4180839382403245,41.80839382403245,,,,,,,,,stage4_cpt_8k,,,,logs/l20_stage4_hq_crossdedup_train_latest.log,,1495,26.29553532600403,,,,783810560,19938.28965640126,,
,,,,,,,train,,,,2.8984121084213257,2.6314588772225756e-06,0.4179811175434665,41.79811175434665,,,,,,,,,stage4_cpt_8k,,,,logs/l20_stage4_hq_crossdedup_train_latest.log,,1496,26.302003860473633,,,,784334848,19933.386170165322,,
,,,,,,,train,,,,2.940705895423889,2.6309577812734857e-06,0.41812876829590295,41.812876829590294,,,,,,,,,stage4_cpt_8k,,,,logs/l20_stage4_hq_crossdedup_train_latest.log,,1497,26.292716026306152,,,,784859136,19940.427587452134,,
,,,,,,,train,,,,2.8864429891109467,2.6304564025295257e-06,0.4181425737186962,41.814257371869616,,,,,,,,,stage4_cpt_8k,,,,logs/l20_stage4_hq_crossdedup_train_latest.log,,1498,26.291847944259644,,,,785383424,19941.08596366156,,
,,,,,,,train,,,,2.9511736929416656,2.629954741147202e-06,0.41805554768500275,41.80555476850027,,,,,,,,,stage4_cpt_8k,,,,logs/l20_stage4_hq_crossdedup_train_latest.log,,1499,26.2973210811615,,,,785907712,19936.93571987384,,
,,,,,,,train,,,,2.9264122247695923,2.6294527972831074e-06,0.4181135193114696,41.81135193114696,,,,,,,,,stage4_cpt_8k,,,,logs/l20_stage4_hq_crossdedup_train_latest.log,,1500,26.2936749458313,,,,786432000,19939.70036824855,,
,,,,,,,eval,,,,2.926484242081642,,,,,,,,,18.66190428788267,,,stage4_cpt_8k,,,,logs/l20_stage4_hq_crossdedup_train_latest.log,,1500,,,,,,,,
,,,,,,,checkpoint,,,,,,,,,,,runs/l20-edu-135m-stage4-hq-crossdedup-8k/step-001500,,,,,stage4_cpt_8k,,,,logs/l20_stage4_hq_crossdedup_train_latest.log,,1500,,,,,,,,
,,,,,,,train,,,,2.882945105433464,2.6289505710939234e-06,0.31471819218732233,31.471819218732232,,,,,,,,,stage4_cpt_8k,,,,logs/l20_stage4_hq_crossdedup_train_latest.log,,1501,34.932016134262085,,,,786956288,15008.810198211459,,
,,,,,,,train,,,,2.9169082045555115,2.6284480627364216e-06,0.41887500861126725,41.887500861126725,,,,,,,,,stage4_cpt_8k,,,,logs/l20_stage4_hq_crossdedup_train_latest.log,,1502,26.245874643325806,,,,787480576,19976.015550059932,,
,,,,,,,train,,,,2.9752283841371536,2.6279452723674587e-06,0.4183696161304286,41.83696161304286,,,,,,,,,stage4_cpt_8k,,,,logs/l20_stage4_hq_crossdedup_train_latest.log,,1503,26.27757978439331,,,,788004864,19951.913543856248,,
,,,,,,,train,,,,2.894228771328926,2.627442200143981e-06,0.4179884907842715,41.79884907842715,,,,,,,,,stage4_cpt_8k,,,,logs/l20_stage4_hq_crossdedup_train_latest.log,,1504,26.3015398979187,,,,788529152,19933.737797667432,,
,,,,,,,train,,,,2.9722473323345184,2.626938846223023e-06,0.4177539817605615,41.77539817605615,,,,,,,,,stage4_cpt_8k,,,,logs/l20_stage4_hq_crossdedup_train_latest.log,,1505,26.316304445266724,,,,789053440,19922.554137129195,,
,,,,,,,train,,,,2.946119084954262,2.6264352107617062e-06,0.4178830774141534,41.788307741415345,,,,,,,,,stage4_cpt_8k,,,,logs/l20_stage4_hq_crossdedup_train_latest.log,,1506,26.30817461013794,,,,789577728,19928.710667670723,,
,,,,,,,train,,,,2.9422245025634766,2.625931293917241e-06,0.4188099252662296,41.88099252662296,,,,,,,,,stage4_cpt_8k,,,,logs/l20_stage4_hq_crossdedup_train_latest.log,,1507,26.249953269958496,,,,790102016,19972.91174609504,,
,,,,,,,train,,,,2.903554856777191,2.625427095846925e-06,0.4176670946875322,41.76670946875322,,,,,,,,,stage4_cpt_8k,,,,logs/l20_stage4_hq_crossdedup_train_latest.log,,1508,26.321779012680054,,,,790626304,19918.410520331225,,
,,,,,,,train,,,,2.957540348172188,2.624922616708143e-06,0.41779599278916824,41.77959927891683,,,,,,,,,stage4_cpt_8k,,,,logs/l20_stage4_hq_crossdedup_train_latest.log,,1509,26.313658237457275,,,,791150592,19924.55762968299,,
,,,,,,,train,,,,2.94393427670002,2.62441785665837e-06,0.4180187025700241,41.80187025700241,,,,,,,,,stage4_cpt_8k,,,,logs/l20_stage4_hq_crossdedup_train_latest.log,,1510,26.299638986587524,,,,791674880,19935.17858809317,,
,,,,,,,train,,,,2.957628697156906,2.623912815855165e-06,0.41783363918313093,41.78336391831309,,,,,,,,,stage4_cpt_8k,,,,logs/l20_stage4_hq_crossdedup_train_latest.log,,1511,26.31128740310669,,,,792199168,19926.352974202815,,
,,,,,,,train,,,,2.9366459399461746,2.6234074944561772e-06,0.4175756680754176,41.757566807541764,,,,,,,,,stage4_cpt_8k,,,,logs/l20_stage4_hq_crossdedup_train_latest.log,,1512,26.327542066574097,,,,792723456,19914.05041436227,,
,,,,,,,train,,,,2.9025043845176697,2.6229018926191434e-06,0.4181140349228091,41.81140349228091,,,,,,,,,stage4_cpt_8k,,,,logs/l20_stage4_hq_crossdedup_train_latest.log,,1513,26.29364252090454,,,,793247744,19939.724957588864,,
,,,,,,,train,,,,2.927197426557541,2.6223960105018863e-06,0.4181831952343975,41.818319523439754,,,,,,,,,stage4_cpt_8k,,,,logs/l20_stage4_hq_crossdedup_train_latest.log,,1514,26.289294004440308,,,,793772032,19943.023190788113,,
,,,,,,,train,,,,2.956666439771652,2.6218898482623183e-06,0.4180370977865588,41.80370977865588,,,,,,,,,stage4_cpt_8k,,,,logs/l20_stage4_hq_crossdedup_train_latest.log,,1515,26.298481702804565,,,,794296320,19936.0558501021,,
,,,,,,,train,,,,2.9174379110336304,2.621383406058436e-06,0.4178554828045453,41.785548280454535,,,,,,,,,stage4_cpt_8k,,,,logs/l20_stage4_hq_crossdedup_train_latest.log,,1516,26.309911966323853,,,,794820608,19927.3946895405,,
,,,,,,,train,,,,2.956826329231262,2.6208766840483278e-06,0.41780528261027267,41.780528261027264,,,,,,,,,stage4_cpt_8k,,,,logs/l20_stage4_hq_crossdedup_train_latest.log,,1517,26.31307315826416,,,,795344896,19925.000658288238,,
,,,,,,,train,,,,2.990197405219078,2.620369682390166e-06,0.4180099413467401,41.800994134674006,,,,,,,,,stage4_cpt_8k,,,,logs/l20_stage4_hq_crossdedup_train_latest.log,,1518,26.300190210342407,,,,795869184,19934.760768149372,,
,,,,,,,train,,,,2.933140143752098,2.6198624012422107e-06,0.41778518168378403,41.778518168378405,,,,,,,,,stage4_cpt_8k,,,,logs/l20_stage4_hq_crossdedup_train_latest.log,,1519,26.31433916091919,,,,796393472,19924.042051515687,,
,,,,,,,train,,,,2.9182377606630325,2.6193548407628107e-06,0.4187657248671764,41.87657248671764,,,,,,,,,stage4_cpt_8k,,,,logs/l20_stage4_hq_crossdedup_train_latest.log,,1520,26.252723932266235,,,,796917760,19970.80384316301,,
,,,,,,,train,,,,2.87722185254097,2.618847001110401e-06,0.418633396269369,41.8633396269369,,,,,,,,,stage4_cpt_8k,,,,logs/l20_stage4_hq_crossdedup_train_latest.log,,1521,26.261022329330444,,,,797442048,19964.493134543074,,
,,,,,,,train,,,,2.90450319647789,2.618338882443503e-06,0.41885865502711056,41.885865502711056,,,,,,,,,stage4_cpt_8k,,,,logs/l20_stage4_hq_crossdedup_train_latest.log,,1522,26.246899366378784,,,,797966336,19975.23565284788,,
,,,,,,,train,,,,2.961525619029999,2.617830484920727e-06,0.4186810015116437,41.86810015116437,,,,,,,,,stage4_cpt_8k,,,,logs/l20_stage4_hq_crossdedup_train_latest.log,,1523,26.258036375045776,,,,798490624,19966.76341336228,,
,,,,,,,train,,,,2.937353193759918,2.6173218087007684e-06,0.4183393270340718,41.83393270340718,,,,,,,,,stage4_cpt_8k,,,,logs/l20_stage4_hq_crossdedup_train_latest.log,,1524,26.27948236465454,,,,799014912,19950.469066512454,,
,,,,,,,train,,,,2.9248232692480087,2.616812853942412e-06,0.41885421870028045,41.88542187002805,,,,,,,,,stage4_cpt_8k,,,,logs/l20_stage4_hq_crossdedup_train_latest.log,,1525,26.247177362442017,,,,799539200,19975.02408583643,,
,,,,,,,train,,,,2.957729145884514,2.616303620804526e-06,0.41910228737477623,41.910228737477624,,,,,,,,,stage4_cpt_8k,,,,logs/l20_stage4_hq_crossdedup_train_latest.log,,1526,26.2316415309906,,,,800063488,19986.854401795455,,
,,,,,,,train,,,,2.902837038040161,2.6157941094460693e-06,0.41842619029524186,41.84261902952419,,,,,,,,,stage4_cpt_8k,,,,logs/l20_stage4_hq_crossdedup_train_latest.log,,1527,26.27402687072754,,,,800587776,19954.611547730456,,
,,,,,,,train,,,,2.919426202774048,2.6152843200260857e-06,0.41765095633537413,41.76509563353741,,,,,,,,,stage4_cpt_8k,,,,logs/l20_stage4_hq_crossdedup_train_latest.log,,1528,26.3227961063385,,,,801112064,19917.640887464535,,
,,,,,,,train,,,,2.929766595363617,2.6147742527037058e-06,0.41771865043735407,41.77186504373541,,,,,,,,,stage4_cpt_8k,,,,logs/l20_stage4_hq_crossdedup_train_latest.log,,1529,26.318530321121216,,,,801636352,19920.86919759524,,
,,,,,,,train,,,,2.997951105237007,2.6142639076381476e-06,0.41755571401396685,41.755571401396686,,,,,,,,,stage4_cpt_8k,,,,logs/l20_stage4_hq_crossdedup_train_latest.log,,1530,26.328800201416016,,,,802160640,19913.09881153653,,
,,,,,,,train,,,,2.9308033883571625,2.6137532849887143e-06,0.41770424865848554,41.770424865848554,,,,,,,,,stage4_cpt_8k,,,,logs/l20_stage4_hq_crossdedup_train_latest.log,,1531,26.319437742233276,,,,802684928,19920.182381354804,,
,,,,,,,train,,,,2.9071663320064545,2.613242384914798e-06,0.4174273797781316,41.742737977813164,,,,,,,,,stage4_cpt_8k,,,,logs/l20_stage4_hq_crossdedup_train_latest.log,,1532,26.336894750595093,,,,803209216,19906.978592764946,,
,,,,,,,train,,,,2.9039337933063507,2.6127312075758755e-06,0.41812999675578943,41.81299967557894,,,,,,,,,stage4_cpt_8k,,,,logs/l20_stage4_hq_crossdedup_train_latest.log,,1533,26.292638778686523,,,,803733504,19940.48617231227,,
,,,,,,,train,,,,2.938995271921158,2.612219753131512e-06,0.4188619043346845,41.88619043346845,,,,,,,,,stage4_cpt_8k,,,,logs/l20_stage4_hq_crossdedup_train_latest.log,,1534,26.24669575691223,,,,804257792,19975.390611289633,,
,,,,,,,train,,,,2.967029392719269,2.6117080217413564e-06,0.41876977900268897,41.8769779002689,,,,,,,,,stage4_cpt_8k,,,,logs/l20_stage4_hq_crossdedup_train_latest.log,,1535,26.252469778060913,,,,804782080,19970.997183592433,,
,,,,,,,train,,,,2.885829359292984,2.611196013565147e-06,0.4182359254796387,41.82359254796387,,,,,,,,,stage4_cpt_8k,,,,logs/l20_stage4_hq_crossdedup_train_latest.log,,1536,26.285979509353638,,,,805306368,19945.53787936404,,
,,,,,,,train,,,,2.927778050303459,2.6106837287627067e-06,0.41745926035693537,41.745926035693536,,,,,,,,,stage4_cpt_8k,,,,logs/l20_stage4_hq_crossdedup_train_latest.log,,1537,26.334883451461792,,,,805830656,19908.498967398995,,
,,,,,,,train,,,,2.9290940165519714,2.6101711674939457e-06,0.4175818774030429,41.758187740304294,,,,,,,,,stage4_cpt_8k,,,,logs/l20_stage4_hq_crossdedup_train_latest.log,,1538,26.327150583267212,,,,806354944,19914.346535216104,,
,,,,,,,train,,,,2.9383402317762375,2.6096583299188598e-06,0.41835984191390274,41.835984191390274,,,,,,,,,stage4_cpt_8k,,,,logs/l20_stage4_hq_crossdedup_train_latest.log,,1539,26.278193712234497,,,,806879232,19951.447414587863,,
,,,,,,,train,,,,2.9950687289237976,2.609145216197531e-06,0.4185575444616378,41.85575444616378,,,,,,,,,stage4_cpt_8k,,,,logs/l20_stage4_hq_crossdedup_train_latest.log,,1540,26.26578140258789,,,,807403520,19960.875786027194,,
,,,,,,,train,,,,2.9008461385965347,2.6086318264901283e-06,0.41812373699385247,41.81237369938525,,,,,,,,,stage4_cpt_8k,,,,logs/l20_stage4_hq_crossdedup_train_latest.log,,1541,26.29303240776062,,,,807927808,19940.187646262202,,
,,,,,,,train,,,,2.934575766324997,2.608118160956907e-06,0.4180085089671369,41.80085089671369,,,,,,,,,stage4_cpt_8k,,,,logs/l20_stage4_hq_crossdedup_train_latest.log,,1542,26.300280332565308,,,,808452096,19934.692458422986,,
,,,,,,,train,,,,2.955211728811264,2.6076042197582063e-06,0.4178659756732061,41.78659756732061,,,,,,,,,stage4_cpt_8k,,,,logs/l20_stage4_hq_crossdedup_train_latest.log,,1543,26.309251308441162,,,,808976384,19927.895091099967,,
,,,,,,,train,,,,2.9107299000024796,2.607090003054454e-06,0.4176410265345369,41.76410265345369,,,,,,,,,stage4_cpt_8k,,,,logs/l20_stage4_hq_crossdedup_train_latest.log,,1544,26.323421955108643,,,,809500672,19917.16733842996,,
,,,,,,,train,,,,2.925709158182144,2.6065755110061634e-06,0.41763315868478496,41.76331586847849,,,,,,,,,stage4_cpt_8k,,,,logs/l20_stage4_hq_crossdedup_train_latest.log,,1545,26.323917865753174,,,,810024960,19916.792123184936,,
,,,,,,,train,,,,2.9620592892169952,2.606060743773932e-06,0.41810294576818763,41.81029457681876,,,,,,,,,stage4_cpt_8k,,,,logs/l20_stage4_hq_crossdedup_train_latest.log,,1546,26.294339895248413,,,,810549248,19939.196119342127,,
,,,,,,,train,,,,2.9489138573408127,2.6055457015184455e-06,0.4179456909684714,41.79456909684714,,,,,,,,,stage4_cpt_8k,,,,logs/l20_stage4_hq_crossdedup_train_latest.log,,1547,26.30423331260681,,,,811073536,19931.696688103995,,
,,,,,,,train,,,,2.930559739470482,2.6050303844004744e-06,0.417835093081783,41.7835093081783,,,,,,,,,stage4_cpt_8k,,,,logs/l20_stage4_hq_crossdedup_train_latest.log,,1548,26.311195850372314,,,,811597824,19926.422310165774,,
,,,,,,,train,,,,2.943986490368843,2.6045147925808737e-06,0.41757316473246836,41.75731647324684,,,,,,,,,stage4_cpt_8k,,,,logs/l20_stage4_hq_crossdedup_train_latest.log,,1549,26.327699899673462,,,,812122112,19913.931030735526,,
,,,,,,,train,,,,2.8828434497117996,2.603998926220588e-06,0.4176810890784304,41.768108907843036,,,,,,,,,stage4_cpt_8k,,,,logs/l20_stage4_hq_crossdedup_train_latest.log,,1550,26.320897102355957,,,,812646400,19919.077908369298,,
,,,,,,,train,,,,2.9324400275945663,2.603482785480642e-06,0.41788186176589265,41.788186176589264,,,,,,,,,stage4_cpt_8k,,,,logs/l20_stage4_hq_crossdedup_train_latest.log,,1551,26.30825114250183,,,,813170688,19928.652693792927,,
,,,,,,,train,,,,2.878922611474991,2.602966370522152e-06,0.4178709818395329,41.78709818395329,,,,,,,,,stage4_cpt_8k,,,,logs/l20_stage4_hq_crossdedup_train_latest.log,,1552,26.30893611907959,,,,813694976,19928.133833575255,,
,,,,,,,train,,,,2.920804277062416,2.6024496815063148e-06,0.41792655000883194,41.792655000883194,,,,,,,,,stage4_cpt_8k,,,,logs/l20_stage4_hq_crossdedup_train_latest.log,,1553,26.30543804168701,,,,814219264,19930.783861844277,,
,,,,,,,train,,,,2.9715107679367065,2.601932718594416e-06,0.4181846439816194,41.81846439816194,,,,,,,,,stage4_cpt_8k,,,,logs/l20_stage4_hq_crossdedup_train_latest.log,,1554,26.28920292854309,,,,814743552,19943.09228108101,,
,,,,,,,train,,,,2.95099014043808,2.6014154819478256e-06,0.4196737916157047,41.96737916157047,,,,,,,,,stage4_cpt_8k,,,,logs/l20_stage4_hq_crossdedup_train_latest.log,,1555,26.19591975212097,,,,815267840,20014.109256749827,,
,,,,,,,train,,,,2.9378138035535812,2.6008979717279993e-06,0.41937187069641324,41.937187069641325,,,,,,,,,stage4_cpt_8k,,,,logs/l20_stage4_hq_crossdedup_train_latest.log,,1556,26.214779138565063,,,,815792128,19999.710744414013,,
,,,,,,,train,,,,2.9335402995347977,2.6003801880964773e-06,0.4183105147114235,41.83105147114235,,,,,,,,,stage4_cpt_8k,,,,logs/l20_stage4_hq_crossdedup_train_latest.log,,1557,26.28129243850708,,,,816316416,19949.095016035764,,
,,,,,,,train,,,,2.9554795920848846,2.599862131214886e-06,0.4174905674701538,41.74905674701538,,,,,,,,,stage4_cpt_8k,,,,logs/l20_stage4_hq_crossdedup_train_latest.log,,1558,26.332908630371094,,,,816840704,19909.991993642197,,
,,,,,,,train,,,,2.925215721130371,2.599343801244938e-06,0.41769078998513937,41.76907899851393,,,,,,,,,stage4_cpt_8k,,,,logs/l20_stage4_hq_crossdedup_train_latest.log,,1559,26.32028579711914,,,,817364992,19919.540541515904,,
,,,,,,,train,,,,2.9285458773374557,2.5988251983484293e-06,0.41784663376123643,41.784663376123646,,,,,,,,,stage4_cpt_8k,,,,logs/l20_stage4_hq_crossdedup_train_latest.log,,1560,26.310469150543213,,,,817889280,19926.972681487718,,
,,,,,,,train,,,,2.9452334344387054,2.5983063226872406e-06,0.4179124558376249,41.79124558376249,,,,,,,,,stage4_cpt_8k,,,,logs/l20_stage4_hq_crossdedup_train_latest.log,,1561,26.30632519721985,,,,818413568,19930.111715315095,,
,,,,,,,train,,,,2.954330176115036,2.5977871744233413e-06,0.4182193372699257,41.82193372699257,,,,,,,,,stage4_cpt_8k,,,,logs/l20_stage4_hq_crossdedup_train_latest.log,,1562,26.28702211380005,,,,818937856,19944.74679293405,,
,,,,,,,train,,,,2.9402216225862503,2.5972677537187828e-06,0.4180189981540303,41.80189981540303,,,,,,,,,stage4_cpt_8k,,,,logs/l20_stage4_hq_crossdedup_train_latest.log,,1563,26.299620389938354,,,,819462144,19935.192684400146,,
,,,,,,,train,,,,2.934103310108185,2.596748060735702e-06,0.417954320694066,41.7954320694066,,,,,,,,,stage4_cpt_8k,,,,logs/l20_stage4_hq_crossdedup_train_latest.log,,1564,26.303690195083618,,,,819986432,19932.108236964934,,
,,,,,,,train,,,,2.906426712870598,2.596228095636321e-06,0.4179326220450211,41.793262204502106,,,,,,,,,stage4_cpt_8k,,,,logs/l20_stage4_hq_crossdedup_train_latest.log,,1565,26.305055856704712,,,,820510720,19931.07343531331,,
,,,,,,,train,,,,2.9396726489067078,2.595707858582947e-06,0.41765427772271024,41.765427772271025,,,,,,,,,stage4_cpt_8k,,,,logs/l20_stage4_hq_crossdedup_train_latest.log,,1566,26.32258677482605,,,,821035008,19917.799283367152,,
,,,,,,,train,,,,2.907202109694481,2.595187349737973e-06,0.4178657560408189,41.78657560408189,,,,,,,,,stage4_cpt_8k,,,,logs/l20_stage4_hq_crossdedup_train_latest.log,,1567,26.30926513671875,,,,821559296,19927.88461690148,,
,,,,,,,train,,,,2.978172093629837,2.594666569263875e-06,0.41805555147520673,41.80555514752067,,,,,,,,,stage4_cpt_8k,,,,logs/l20_stage4_hq_crossdedup_train_latest.log,,1568,26.29732084274292,,,,822083584,19936.935900627457,,
,,,,,,,train,,,,2.9367471486330032,2.594145517323215e-06,0.4185987368551617,41.85987368551617,,,,,,,,,stage4_cpt_8k,,,,logs/l20_stage4_hq_crossdedup_train_latest.log,,1569,26.26319670677185,,,,822607872,19962.84023813501,,
,,,,,,,train,,,,2.9395768642425537,2.5936241940786393e-06,0.4181432676159711,41.81432676159711,,,,,,,,,stage4_cpt_8k,,,,logs/l20_stage4_hq_crossdedup_train_latest.log,,1570,26.291804313659668,,,,823132160,19941.119055401265,,
,,,,,,,train,,,,2.9180124402046204,2.5931025996928797e-06,0.4179956937747996,41.79956937747996,,,,,,,,,stage4_cpt_8k,,,,logs/l20_stage4_hq_crossdedup_train_latest.log,,1571,26.30108666419983,,,,823656448,19934.081305988148,,
,,,,,,,train,,,,2.9236380457878113,2.5925807343287514e-06,0.4176389347167062,41.76389347167062,,,,,,,,,stage4_cpt_8k,,,,logs/l20_stage4_hq_crossdedup_train_latest.log,,1572,26.323553800582886,,,,824180736,19917.067580304854,,
,,,,,,,train,,,,2.9819065928459167,2.5920585981491545e-06,0.4176166863344344,41.761668633443435,,,,,,,,,stage4_cpt_8k,,,,logs/l20_stage4_hq_crossdedup_train_latest.log,,1573,26.32495617866516,,,,824705024,19916.006562050985,,
,,,,,,,train,,,,2.983789011836052,2.591536191317074e-06,0.4179915371529174,41.799153715291745,,,,,,,,,stage4_cpt_8k,,,,logs/l20_stage4_hq_crossdedup_train_latest.log,,1574,26.301348209381104,,,,825229312,19933.883078016443,,
,,,,,,,train,,,,2.9419396221637726,2.5910135139955797e-06,0.4177509274995315,41.77509274995315,,,,,,,,,stage4_cpt_8k,,,,logs/l20_stage4_hq_crossdedup_train_latest.log,,1575,26.31649684906006,,,,825753600,19922.408480394908,,
,,,,,,,train,,,,2.9296544194221497,2.590490566347826e-06,0.41759695904808136,41.75969590480813,,,,,,,,,stage4_cpt_8k,,,,logs/l20_stage4_hq_crossdedup_train_latest.log,,1576,26.326199769973755,,,,826277888,19915.06577405732,,
,,,,,,,train,,,,3.0061379820108414,2.5899673485370493e-06,0.4176146893157542,41.76146893157542,,,,,,,,,stage4_cpt_8k,,,,logs/l20_stage4_hq_crossdedup_train_latest.log,,1577,26.325082063674927,,,,826802176,19915.911324867127,,
,,,,,,,train,,,,2.9121223390102386,2.5894438607265734e-06,0.4178144024819732,41.78144024819732,,,,,,,,,stage4_cpt_8k,,,,logs/l20_stage4_hq_crossdedup_train_latest.log,,1578,26.312498807907104,,,,827326464,19925.435582060625,,
,,,,,,,train,,,,3.0437275618314743,2.5889201030798054e-06,0.4180388941923702,41.803889419237024,,,,,,,,,stage4_cpt_8k,,,,logs/l20_stage4_hq_crossdedup_train_latest.log,,1579,26.29836869239807,,,,827850752,19936.14152012224,,
,,,,,,,train,,,,2.9685628414154053,2.588396075760235e-06,0.41817303911556275,41.81730391155627,,,,,,,,,stage4_cpt_8k,,,,logs/l20_stage4_hq_crossdedup_train_latest.log,,1580,26.28993248939514,,,,828375040,19942.53884872043,,
,,,,,,,train,,,,3.008892685174942,2.5878717789314387e-06,0.4182891660956623,41.82891660956623,,,,,,,,,stage4_cpt_8k,,,,logs/l20_stage4_hq_crossdedup_train_latest.log,,1581,26.282633781433105,,,,828899328,19948.076907359788,,
,,,,,,,train,,,,2.933291882276535,2.5873472127570746e-06,0.4181643207199846,41.81643207199846,,,,,,,,,stage4_cpt_8k,,,,logs/l20_stage4_hq_crossdedup_train_latest.log,,1582,26.290480613708496,,,,829423616,19942.123071216258,,
,,,,,,,train,,,,2.9250705242156982,2.5868223774008873e-06,0.4183833387623645,41.83833387623645,,,,,,,,,stage4_cpt_8k,,,,logs/l20_stage4_hq_crossdedup_train_latest.log,,1583,26.27671790122986,,,,829947904,19952.567971796096,,
,,,,,,,train,,,,2.8963776975870132,2.586297273026704e-06,0.41786334388651775,41.786334388651774,,,,,,,,,stage4_cpt_8k,,,,logs/l20_stage4_hq_crossdedup_train_latest.log,,1584,26.309417009353638,,,,830472192,19927.769582032277,,
,,,,,,,train,,,,2.95271572470665,2.585771899798436e-06,0.41778796011473107,41.778796011473105,,,,,,,,,stage4_cpt_8k,,,,logs/l20_stage4_hq_crossdedup_train_latest.log,,1585,26.31416416168213,,,,830996480,19924.1745540013,,
,,,,,,,train,,,,2.953321486711502,2.585246257880078e-06,0.41772741459124424,41.772741459124425,,,,,,,,,stage4_cpt_8k,,,,logs/l20_stage4_hq_crossdedup_train_latest.log,,1586,26.317978143692017,,,,831520768,19921.287157298713,,
,,,,,,,train,,,,2.8708187639713287,2.58472034743571e-06,0.41816095329435615,41.81609532943561,,,,,,,,,stage4_cpt_8k,,,,logs/l20_stage4_hq_crossdedup_train_latest.log,,1587,26.29069232940674,,,,832045056,19941.962479762162,,
,,,,,,,train,,,,2.937734603881836,2.5841941686294943e-06,0.41748916888729853,41.74891688872985,,,,,,,,,stage4_cpt_8k,,,,logs/l20_stage4_hq_crossdedup_train_latest.log,,1588,26.33299684524536,,,,832569344,19909.92529567194,,
,,,,,,,train,,,,2.91805437207222,2.583667721625679e-06,0.41751338459385345,41.751338459385344,,,,,,,,,stage4_cpt_8k,,,,logs/l20_stage4_hq_crossdedup_train_latest.log,,1589,26.331469535827637,,,,833093632,19911.080134993343,,
,,,,,,,train,,,,2.8869009613990784,2.5831410065885932e-06,0.4176625398082773,41.76625398082773,,,,,,,,,stage4_cpt_8k,,,,logs/l20_stage4_hq_crossdedup_train_latest.log,,1590,26.322066068649292,,,,833617920,19918.193299592447,,
,,,,,,,train,,,,2.965766131877899,2.582614023682652e-06,0.4180327243230355,41.80327243230355,,,,,,,,,stage4_cpt_8k,,,,logs/l20_stage4_hq_crossdedup_train_latest.log,,1591,26.29875683784485,,,,834142208,19935.8472810217,,
,,,,,,,train,,,,2.928292229771614,2.582086773072353e-06,0.4180719371692981,41.80719371692981,,,,,,,,,stage4_cpt_8k,,,,logs/l20_stage4_hq_crossdedup_train_latest.log,,1592,26.296290159225464,,,,834666496,19937.71732915205,,
,,,,,,,train,,,,2.948939636349678,2.581559254922277e-06,0.41761679601972573,41.761679601972574,,,,,,,,,stage4_cpt_8k,,,,logs/l20_stage4_hq_crossdedup_train_latest.log,,1593,26.324949264526367,,,,835190784,19916.011792907546,,
,,,,,,,train,,,,2.951007068157196,2.58103146939709e-06,0.41761071046425935,41.76107104642593,,,,,,,,,stage4_cpt_8k,,,,logs/l20_stage4_hq_crossdedup_train_latest.log,,1594,26.32533288002014,,,,835715072,19915.721574708492,,
,,,,,,,train,,,,2.980401486158371,2.580503416661539e-06,0.41752573545906574,41.75257354590657,,,,,,,,,stage4_cpt_8k,,,,logs/l20_stage4_hq_crossdedup_train_latest.log,,1595,26.330690622329712,,,,836239360,19911.669143815703,,
,,,,,,,train,,,,2.9100697487592697,2.5799750968804566e-06,0.41755917001010057,41.755917001010054,,,,,,,,,stage4_cpt_8k,,,,logs/l20_stage4_hq_crossdedup_train_latest.log,,1596,26.328582286834717,,,,836763648,19913.26362688977,,
,,,,,,,train,,,,2.973599672317505,2.5794465102187583e-06,0.41747653670670526,41.74765367067052,,,,,,,,,stage4_cpt_8k,,,,logs/l20_stage4_hq_crossdedup_train_latest.log,,1597,26.33379364013672,,,,837287936,19909.322871008797,,
,,,,,,,train,,,,2.963637813925743,2.578917656841441e-06,0.4179895630706585,41.79895630706585,,,,,,,,,stage4_cpt_8k,,,,logs/l20_stage4_hq_crossdedup_train_latest.log,,1598,26.301472425460815,,,,837812224,19933.788934663196,,
,,,,,,,train,,,,2.951576843857765,2.5783885369135882e-06,0.4185409421273393,41.854094212733926,,,,,,,,,stage4_cpt_8k,,,,logs/l20_stage4_hq_crossdedup_train_latest.log,,1599,26.266823291778564,,,,838336512,19960.084026000226,,
,,,,,,,train,,,,2.9120559692382812,2.577859150600363e-06,0.41944036040699606,41.94403604069961,,,,,,,,,stage4_cpt_8k,,,,logs/l20_stage4_hq_crossdedup_train_latest.log,,1600,26.210498571395874,,,,838860800,20002.976996865207,,
,,,,,,,train,,,,2.9353855699300766,2.577329498067015e-06,0.4192773402278196,41.92773402278196,,,,,,,,,stage4_cpt_8k,,,,logs/l20_stage4_hq_crossdedup_train_latest.log,,1601,26.22068953514099,,,,839385088,19995.20261651963,,
,,,,,,,train,,,,2.9573510885238647,2.5767995794788746e-06,0.4182573103935167,41.82573103935167,,,,,,,,,stage4_cpt_8k,,,,logs/l20_stage4_hq_crossdedup_train_latest.log,,1602,26.284635543823242,,,,839909376,19946.55771908563,,
,,,,,,,train,,,,2.9691497832536697,2.5762693950013555e-06,0.41752680537250614,41.75268053725061,,,,,,,,,stage4_cpt_8k,,,,logs/l20_stage4_hq_crossdedup_train_latest.log,,1603,26.330623149871826,,,,840433664,19911.7201676464,,
,,,,,,,train,,,,2.9320012480020523,2.5757389447999553e-06,0.41753074103767995,41.75307410376799,,,,,,,,,stage4_cpt_8k,,,,logs/l20_stage4_hq_crossdedup_train_latest.log,,1604,26.33037495613098,,,,840957952,19911.90785826316,,
,,,,,,,train,,,,2.9460287541151047,2.575208229040255e-06,0.41763989173022,41.763989173022,,,,,,,,,stage4_cpt_8k,,,,logs/l20_stage4_hq_crossdedup_train_latest.log,,1605,26.323493480682373,,,,841482240,19917.113219974064,,
,,,,,,,train,,,,2.925327494740486,2.574677247887916e-06,0.41780151590522263,41.780151590522266,,,,,,,,,stage4_cpt_8k,,,,logs/l20_stage4_hq_crossdedup_train_latest.log,,1606,26.313310384750366,,,,842006528,19924.821025325884,,
,,,,,,,train,,,,2.9232683777809143,2.574146001508685e-06,0.41784372202705733,41.78437220270573,,,,,,,,,stage4_cpt_8k,,,,logs/l20_stage4_hq_crossdedup_train_latest.log,,1607,26.310652494430542,,,,842530816,19926.83382181349,,
,,,,,,,train,,,,2.909379258751869,2.5736144900683908e-06,0.4178408974186341,41.78408974186341,,,,,,,,,stage4_cpt_8k,,,,logs/l20_stage4_hq_crossdedup_train_latest.log,,1608,26.31083035469055,,,,843055104,19926.699117138764,,
,,,,,,,train,,,,2.894314542412758,2.5730827137329447e-06,0.4176032370850305,41.76032370850305,,,,,,,,,stage4_cpt_8k,,,,logs/l20_stage4_hq_crossdedup_train_latest.log,,1609,26.325803995132446,,,,843579392,19915.365171636888,,
,,,,,,,train,,,,2.957139104604721,2.5725506726683407e-06,0.41822006935387235,41.822006935387236,,,,,,,,,stage4_cpt_8k,,,,logs/l20_stage4_hq_crossdedup_train_latest.log,,1610,26.286976099014282,,,,844103680,19944.78170578395,,
,,,,,,,train,,,,2.901602804660797,2.5720183670406554e-06,0.41807445786773895,41.8074457867739,,,,,,,,,stage4_cpt_8k,,,,logs/l20_stage4_hq_crossdedup_train_latest.log,,1611,26.29613161087036,,,,844627968,19937.837540456654,,
,,,,,,,train,,,,2.9218133240938187,2.5714857970160478e-06,0.4179087061376127,41.79087061376127,,,,,,,,,stage4_cpt_8k,,,,logs/l20_stage4_hq_crossdedup_train_latest.log,,1612,26.30656123161316,,,,845152256,19929.932893317575,,
,,,,,,,train,,,,2.937864378094673,2.57095296276076e-06,0.4178104046809846,41.78104046809846,,,,,,,,,stage4_cpt_8k,,,,logs/l20_stage4_hq_crossdedup_train_latest.log,,1613,26.312750577926636,,,,845676544,19925.244928206677,,
,,,,,,,train,,,,2.9473122507333755,2.570419864441117e-06,0.4173881479546904,41.73881479546904,,,,,,,,,stage4_cpt_8k,,,,logs/l20_stage4_hq_crossdedup_train_latest.log,,1614,26.339370250701904,,,,846200832,19905.107639619004,,
,,,,,,,train,,,,2.9309990257024765,2.5698865022235245e-06,0.4175272817314911,41.75272817314911,,,,,,,,,stage4_cpt_8k,,,,logs/l20_stage4_hq_crossdedup_train_latest.log,,1615,26.33059310913086,,,,846725120,19911.742885054446,,
,,,,,,,train,,,,2.8888660222291946,2.569352876274472e-06,0.4177273918857072,41.77273918857072,,,,,,,,,stage4_cpt_8k,,,,logs/l20_stage4_hq_crossdedup_train_latest.log,,1616,26.31797957420349,,,,847249408,19921.286074478896,,
,,,,,,,train,,,,2.9269129931926727,2.568818986760531e-06,0.41835962935349125,41.83596293534912,,,,,,,,,stage4_cpt_8k,,,,logs/l20_stage4_hq_crossdedup_train_latest.log,,1617,26.278207063674927,,,,847773696,19951.43727764964,,
,,,,,,,train,,,,2.993524044752121,2.568284833848355e-06,0.41800478785753636,41.80047878575364,,,,,,,,,stage4_cpt_8k,,,,logs/l20_stage4_hq_crossdedup_train_latest.log,,1618,26.300514459609985,,,,848297984,19934.514999893076,,
,,,,,,,train,,,,2.9188952445983887,2.5677504177046804e-06,0.4175337618339013,41.75337618339013,,,,,,,,,stage4_cpt_8k,,,,logs/l20_stage4_hq_crossdedup_train_latest.log,,1619,26.33018445968628,,,,848822272,19912.051919071397,,
,,,,,,,train,,,,2.9280231446027756,2.5672157384963243e-06,0.417858693846612,41.7858693846612,,,,,,,,,stage4_cpt_8k,,,,logs/l20_stage4_hq_crossdedup_train_latest.log,,1620,26.309709787368774,,,,849346560,19927.547823112414,,
,,,,,,,train,,,,2.9658349454402924,2.566680796390188e-06,0.4183061431146349,41.830614311463485,,,,,,,,,stage4_cpt_8k,,,,logs/l20_stage4_hq_crossdedup_train_latest.log,,1621,26.281567096710205,,,,849870848,19948.886535979345,,
,,,,,,,train,,,,2.933374837040901,2.566145591553253e-06,0.41790136222314656,41.79013622231466,,,,,,,,,stage4_cpt_8k,,,,logs/l20_stage4_hq_crossdedup_train_latest.log,,1622,26.307023525238037,,,,850395136,19929.58266437921,,
,,,,,,,train,,,,2.9760041683912277,2.565610124152584e-06,0.4177021145855115,41.770211458551145,,,,,,,,,stage4_cpt_8k,,,,logs/l20_stage4_hq_crossdedup_train_latest.log,,1623,26.31957221031189,,,,850919424,19920.080608095384,,
,,,,,,,train,,,,2.926829978823662,2.5650743943553272e-06,0.4179790753609005,41.79790753609005,,,,,,,,,stage4_cpt_8k,,,,logs/l20_stage4_hq_crossdedup_train_latest.log,,1624,26.30213236808777,,,,851443712,19933.288779130155,,
,,,,,,,train,,,,2.9521341025829315,2.5645384023287106e-06,0.41813273048409566,41.81327304840956,,,,,,,,,stage4_cpt_8k,,,,logs/l20_stage4_hq_crossdedup_train_latest.log,,1625,26.29246687889099,,,,851968000,19940.616542943204,,
,,,,,,,train,,,,2.9228974878787994,2.564002148240044e-06,0.41821228208450445,41.82122820845044,,,,,,,,,stage4_cpt_8k,,,,logs/l20_stage4_hq_crossdedup_train_latest.log,,1626,26.287465572357178,,,,852492288,19944.410333391737,,
,,,,,,,train,,,,2.9513156414031982,2.56346563225672e-06,0.41813961235785285,41.813961235785285,,,,,,,,,stage4_cpt_8k,,,,logs/l20_stage4_hq_crossdedup_train_latest.log,,1627,26.292034149169922,,,,853016576,19940.944737307538,,
,,,,,,,train,,,,2.9148660451173782,2.5629288545462112e-06,0.41766829773701025,41.766829773701026,,,,,,,,,stage4_cpt_8k,,,,logs/l20_stage4_hq_crossdedup_train_latest.log,,1628,26.3217031955719,,,,853540864,19918.46789337709,,
,,,,,,,train,,,,2.964491993188858,2.5623918152760733e-06,0.417930436394702,41.7930436394702,,,,,,,,,stage4_cpt_8k,,,,logs/l20_stage4_hq_crossdedup_train_latest.log,,1629,26.305193424224854,,,,854065152,19930.969202346758,,
,,,,,,,train,,,,2.9140239655971527,2.5618545146139434e-06,0.4179198758968743,41.79198758968743,,,,,,,,,stage4_cpt_8k,,,,logs/l20_stage4_hq_crossdedup_train_latest.log,,1630,26.30585813522339,,,,854589440,19930.465575573886,,
,,,,,,,train,,,,2.8963907957077026,2.56131695272754e-06,0.4181737027751789,41.81737027751789,,,,,,,,,stage4_cpt_8k,,,,logs/l20_stage4_hq_crossdedup_train_latest.log,,1631,26.2898907661438,,,,855113728,19942.570498435834,,
,,,,,,,train,,,,2.8474910110235214,2.5607791297846618e-06,0.4179253038048861,41.79253038048861,,,,,,,,,stage4_cpt_8k,,,,logs/l20_stage4_hq_crossdedup_train_latest.log,,1632,26.305516481399536,,,,855638016,19930.7244307756,,
,,,,,,,train,,,,2.952310711145401,2.560241045953192e-06,0.4178872886864944,41.788728868649436,,,,,,,,,stage4_cpt_8k,,,,logs/l20_stage4_hq_crossdedup_train_latest.log,,1633,26.30790948867798,,,,856162304,19928.91150190537,,
,,,,,,,train,,,,2.936739429831505,2.559702701401093e-06,0.41808430594036544,41.808430594036544,,,,,,,,,stage4_cpt_8k,,,,logs/l20_stage4_hq_crossdedup_train_latest.log,,1634,26.295512199401855,,,,856686592,19938.307191898926,,
,,,,,,,train,,,,2.90506611764431,2.559164096296409e-06,0.4188374748862936,41.88374748862936,,,,,,,,,stage4_cpt_8k,,,,logs/l20_stage4_hq_crossdedup_train_latest.log,,1635,26.248226642608643,,,,857210880,19974.225578688252,,
,,,,,,,train,,,,2.9391011148691177,2.5586252308072662e-06,0.41835218228399357,41.835218228399356,,,,,,,,,stage4_cpt_8k,,,,logs/l20_stage4_hq_crossdedup_train_latest.log,,1636,26.278674840927124,,,,857735168,19951.08212928072,,
,,,,,,,train,,,,2.9070142060518265,2.5580861051018705e-06,0.4178623404082371,41.786234040823715,,,,,,,,,stage4_cpt_8k,,,,logs/l20_stage4_hq_crossdedup_train_latest.log,,1637,26.3094801902771,,,,858259456,19927.721726473155,,
,,,,,,,train,,,,2.9143480509519577,2.5575467193485107e-06,0.41782491978971464,41.782491978971464,,,,,,,,,stage4_cpt_8k,,,,logs/l20_stage4_hq_crossdedup_train_latest.log,,1638,26.31183648109436,,,,858783744,19925.93714911206,,
,,,,,,,train,,,,2.944416269659996,2.5570070737155565e-06,0.4176098670482539,41.76098670482539,,,,,,,,,stage4_cpt_8k,,,,logs/l20_stage4_hq_crossdedup_train_latest.log,,1639,26.32538604736328,,,,859308032,19915.681352468222,,
,,,,,,,train,,,,2.9284436106681824,2.5564671683714577e-06,0.4176714605039178,41.76714605039178,,,,,,,,,stage4_cpt_8k,,,,logs/l20_stage4_hq_crossdedup_train_latest.log,,1640,26.32150387763977,,,,859832320,19918.618724722066,,
,,,,,,,train,,,,2.917341709136963,2.5559270034847466e-06,0.417601694031947,41.7601694031947,,,,,,,,,stage4_cpt_8k,,,,logs/l20_stage4_hq_crossdedup_train_latest.log,,1641,26.32590126991272,,,,860356608,19915.291583927534,,
,,,,,,,train,,,,2.9146972745656967,2.555386579224035e-06,0.41777130143851055,41.77713014385105,,,,,,,,,stage4_cpt_8k,,,,logs/l20_stage4_hq_crossdedup_train_latest.log,,1642,26.315213441848755,,,,860880896,19923.38010704604,,
,,,,,,,train,,,,2.9213781356811523,2.554845895758017e-06,0.4178819072105603,41.788190721056026,,,,,,,,,stage4_cpt_8k,,,,logs/l20_stage4_hq_crossdedup_train_latest.log,,1643,26.308248281478882,,,,861405184,19928.65486103463,,
,,,,,,,train,,,,2.9364230930805206,2.5543049532554663e-06,0.41788861419445167,41.78886141944517,,,,,,,,,stage4_cpt_8k,,,,logs/l20_stage4_hq_crossdedup_train_latest.log,,1644,26.307826042175293,,,,861929472,19928.97471495705,,
,,,,,,,train,,,,3.017942875623703,2.5537637518852387e-06,0.4175997652316285,41.75997652316285,,,,,,,,,stage4_cpt_8k,,,,logs/l20_stage4_hq_crossdedup_train_latest.log,,1645,26.32602286338806,,,,862453760,19915.19960005558,,
,,,,,,,train,,,,2.9319137781858444,2.5532222918162704e-06,0.4176354736174901,41.76354736174901,,,,,,,,,stage4_cpt_8k,,,,logs/l20_stage4_hq_crossdedup_train_latest.log,,1646,26.323771953582764,,,,862978048,19916.90252158724,,
,,,,,,,train,,,,2.954381361603737,2.5526805732175785e-06,0.41811233644320184,41.81123364432018,,,,,,,,,stage4_cpt_8k,,,,logs/l20_stage4_hq_crossdedup_train_latest.log,,1647,26.29374933242798,,,,863502336,19939.643957638164,,
,,,,,,,train,,,,2.915825977921486,2.5521385962582594e-06,0.4177262339065915,41.772623390659156,,,,,,,,,stage4_cpt_8k,,,,logs/l20_stage4_hq_crossdedup_train_latest.log,,1648,26.318052530288696,,,,864026624,19921.230850824235,,
,,,,,,,train,,,,2.9622347354888916,2.5515963611074924e-06,0.41768868253456576,41.768868253456574,,,,,,,,,stage4_cpt_8k,,,,logs/l20_stage4_hq_crossdedup_train_latest.log,,1649,26.3204185962677,,,,864550912,19919.44003787027,,
,,,,,,,train,,,,2.9074523001909256,2.551053867934536e-06,0.41764772578834913,41.764772578834915,,,,,,,,,stage4_cpt_8k,,,,logs/l20_stage4_hq_crossdedup_train_latest.log,,1650,26.322999715805054,,,,865075200,19917.48682370737,,
,,,,,,,train,,,,2.875806301832199,2.5505111169087296e-06,0.41795859022914683,41.795859022914684,,,,,,,,,stage4_cpt_8k,,,,logs/l20_stage4_hq_crossdedup_train_latest.log,,1651,26.30342149734497,,,,865599488,19932.311849731064,,
,,,,,,,train,,,,2.9550246596336365,2.549968108199493e-06,0.4180069174457576,41.80069174457576,,,,,,,,,stage4_cpt_8k,,,,logs/l20_stage4_hq_crossdedup_train_latest.log,,1652,26.30038046836853,,,,866123776,19934.616559276063,,
,,,,,,,train,,,,2.9113699048757553,2.5494248419763257e-06,0.41787722646172537,41.78772264617254,,,,,,,,,stage4_cpt_8k,,,,logs/l20_stage4_hq_crossdedup_train_latest.log,,1653,26.30854296684265,,,,866648064,19928.431637615733,,
,,,,,,,train,,,,2.904393896460533,2.5488813184088095e-06,0.41772083387307507,41.772083387307504,,,,,,,,,stage4_cpt_8k,,,,logs/l20_stage4_hq_crossdedup_train_latest.log,,1654,26.318392753601074,,,,867172352,19920.973324948314,,
,,,,,,,train,,,,2.924634799361229,2.5483375376666047e-06,0.4175343478507461,41.75343478507461,,,,,,,,,stage4_cpt_8k,,,,logs/l20_stage4_hq_crossdedup_train_latest.log,,1655,26.33014750480652,,,,867696640,19912.0798660278,,
,,,,,,,train,,,,2.923320159316063,2.5477934999194524e-06,0.4178775824373216,41.787758243732156,,,,,,,,,stage4_cpt_8k,,,,logs/l20_stage4_hq_crossdedup_train_latest.log,,1656,26.308520555496216,,,,868220928,19928.44861397837,,
,,,,,,,train,,,,2.880589783191681,2.547249205337175e-06,0.41784770531992044,41.784770531992045,,,,,,,,,stage4_cpt_8k,,,,logs/l20_stage4_hq_crossdedup_train_latest.log,,1657,26.310401678085327,,,,868745216,19927.02378377956,,
,,,,,,,train,,,,2.9076916724443436,2.546704654089673e-06,0.41773019982250886,41.77301998225089,,,,,,,,,stage4_cpt_8k,,,,logs/l20_stage4_hq_crossdedup_train_latest.log,,1658,26.317802667617798,,,,869269504,19921.419984089305,,
,,,,,,,train,,,,2.9219360649585724,2.5461598463469287e-06,0.4178444187191885,41.78444187191885,,,,,,,,,stage4_cpt_8k,,,,logs/l20_stage4_hq_crossdedup_train_latest.log,,1659,26.310608625411987,,,,869793792,19926.867046838997,,
,,,,,,,train,,,,2.959070861339569,2.5456147822790045e-06,0.41779590193721206,41.779590193721205,,,,,,,,,stage4_cpt_8k,,,,logs/l20_stage4_hq_crossdedup_train_latest.log,,1660,26.313663959503174,,,,870318080,19924.553296982176,,
,,,,,,,train,,,,2.9017308801412582,2.545069462056041e-06,0.4181675137569924,41.81675137569924,,,,,,,,,stage4_cpt_8k,,,,logs/l20_stage4_hq_crossdedup_train_latest.log,,1661,26.290279865264893,,,,870842368,19942.27534613266,,
,,,,,,,train,,,,2.9800966680049896,2.5445238858482612e-06,0.4179394897570964,41.79394897570964,,,,,,,,,stage4_cpt_8k,,,,logs/l20_stage4_hq_crossdedup_train_latest.log,,1662,26.3046236038208,,,,871366656,19931.40095431155,,
,,,,,,,train,,,,2.96337229013443,2.5439780538259656e-06,0.41809850648005303,41.8098506480053,,,,,,,,,stage4_cpt_8k,,,,logs/l20_stage4_hq_crossdedup_train_latest.log,,1663,26.29461908340454,,,,871890944,19938.98441110701,,
,,,,,,,train,,,,2.940240576863289,2.5434319661595367e-06,0.41801799392801914,41.80179939280191,,,,,,,,,stage4_cpt_8k,,,,logs/l20_stage4_hq_crossdedup_train_latest.log,,1664,26.299683570861816,,,,872415232,19935.144793181997,,
,,,,,,,train,,,,2.952020525932312,2.542885623019436e-06,0.41815920892853037,41.815920892853036,,,,,,,,,stage4_cpt_8k,,,,logs/l20_stage4_hq_crossdedup_train_latest.log,,1665,26.290802001953125,,,,872939520,19941.879291512334,,
,,,,,,,train,,,,2.979041650891304,2.542339024576204e-06,0.4180281121993767,41.80281121993767,,,,,,,,,stage4_cpt_8k,,,,logs/l20_stage4_hq_crossdedup_train_latest.log,,1666,26.299046993255615,,,,873463808,19935.627330315565,,
,,,,,,,train,,,,2.9110289812088013,2.5417921710004612e-06,0.4179002563027416,41.79002563027416,,,,,,,,,stage4_cpt_8k,,,,logs/l20_stage4_hq_crossdedup_train_latest.log,,1667,26.307093143463135,,,,873988096,19929.529923387854,,
,,,,,,,train,,,,2.9364065676927567,2.5412450624629083e-06,0.41780779630851367,41.78077963085137,,,,,,,,,stage4_cpt_8k,,,,logs/l20_stage4_hq_crossdedup_train_latest.log,,1668,26.312914848327637,,,,874512384,19925.120535755545,,
,,,,,,,train,,,,2.9305521696805954,2.540697699134326e-06,0.4176178815289925,41.76178815289925,,,,,,,,,stage4_cpt_8k,,,,logs/l20_stage4_hq_crossdedup_train_latest.log,,1669,26.324880838394165,,,,875036672,19916.063560498224,,
,,,,,,,train,,,,2.911339297890663,2.5401500811855734e-06,0.41778897459191616,41.77889745919162,,,,,,,,,stage4_cpt_8k,,,,logs/l20_stage4_hq_crossdedup_train_latest.log,,1670,26.31410026550293,,,,875560960,19924.222934094665,,
,,,,,,,train,,,,2.9889242947101593,2.539602208787589e-06,0.4191993570376911,41.91993570376911,,,,,,,,,stage4_cpt_8k,,,,logs/l20_stage4_hq_crossdedup_train_latest.log,,1671,26.22556734085083,,,,876085248,19991.48362305708,,
,,,,,,,train,,,,2.9284567832946777,2.5390540821113925e-06,0.4193140071936126,41.931400719361264,,,,,,,,,stage4_cpt_8k,,,,logs/l20_stage4_hq_crossdedup_train_latest.log,,1672,26.21839666366577,,,,876609536,19996.951252422456,,
,,,,,,,train,,,,2.915805459022522,2.5385057013280806e-06,0.41900221291566014,41.90022129156601,,,,,,,,,stage4_cpt_8k,,,,logs/l20_stage4_hq_crossdedup_train_latest.log,,1673,26.23790669441223,,,,877133824,19982.08188276145,,
,,,,,,,train,,,,2.9665150940418243,2.5379570666088308e-06,0.4176608752592501,41.76608752592501,,,,,,,,,stage4_cpt_8k,,,,logs/l20_stage4_hq_crossdedup_train_latest.log,,1674,26.322170972824097,,,,877658112,19918.11391778029,,
,,,,,,,train,,,,2.934803158044815,2.5374081781248995e-06,0.41758729653475646,41.75872965347565,,,,,,,,,stage4_cpt_8k,,,,logs/l20_stage4_hq_crossdedup_train_latest.log,,1675,26.32680892944336,,,,878182400,19914.604971878955,,
,,,,,,,train,,,,2.9525265246629715,2.5368590360476226e-06,0.4177300068229491,41.77300068229491,,,,,,,,,stage4_cpt_8k,,,,logs/l20_stage4_hq_crossdedup_train_latest.log,,1676,26.317814826965332,,,,878706688,19921.41078000186,,
,,,,,,,train,,,,2.9319990128278732,2.5363096405484144e-06,0.4179344705851447,41.793447058514474,,,,,,,,,stage4_cpt_8k,,,,logs/l20_stage4_hq_crossdedup_train_latest.log,,1677,26.30493950843811,,,,879230976,19931.161591602166,,
,,,,,,,train,,,,2.864520087838173,2.5357599917987688e-06,0.41812287254721153,41.812287254721156,,,,,,,,,stage4_cpt_8k,,,,logs/l20_stage4_hq_crossdedup_train_latest.log,,1678,26.293086767196655,,,,879755264,19940.146421077632,,
,,,,,,,train,,,,2.965224415063858,2.5352100899702597e-06,0.4185511579158369,41.85511579158369,,,,,,,,,stage4_cpt_8k,,,,logs/l20_stage4_hq_crossdedup_train_latest.log,,1679,26.26618218421936,,,,880279552,19960.571213695097,,
,,,,,,,train,,,,2.989942654967308,2.534659935234538e-06,0.4181732401093956,41.81732401093956,,,,,,,,,stage4_cpt_8k,,,,logs/l20_stage4_hq_crossdedup_train_latest.log,,1680,26.28991985321045,,,,880803840,19942.548434052205,,
,,,,,,,train,,,,2.9619015604257584,2.534109527763335e-06,0.4178376980088385,41.78376980088385,,,,,,,,,stage4_cpt_8k,,,,logs/l20_stage4_hq_crossdedup_train_latest.log,,1681,26.311031818389893,,,,881328128,19926.546538306146,,
,,,,,,,train,,,,2.894090950489044,2.5335588677284604e-06,0.41787206867061133,41.78720686706113,,,,,,,,,stage4_cpt_8k,,,,logs/l20_stage4_hq_crossdedup_train_latest.log,,1682,26.308867692947388,,,,881852416,19928.185664202712,,
,,,,,,,train,,,,2.918065845966339,2.533007955301803e-06,0.4177949593504975,41.77949593504975,,,,,,,,,stage4_cpt_8k,,,,logs/l20_stage4_hq_crossdedup_train_latest.log,,1683,26.31372332572937,,,,882376704,19924.508345322418,,
,,,,,,,train,,,,2.9260824769735336,2.5324567906553295e-06,0.41774910707522817,41.774910707522814,,,,,,,,,stage4_cpt_8k,,,,logs/l20_stage4_hq_crossdedup_train_latest.log,,1684,26.316611528396606,,,,882900992,19922.32166494055,,
,,,,,,,train,,,,2.964670717716217,2.5319053739610874e-06,0.4175407071844818,41.754070718448176,,,,,,,,,stage4_cpt_8k,,,,logs/l20_stage4_hq_crossdedup_train_latest.log,,1685,26.32974648475647,,,,883425280,19912.38314062519,,
,,,,,,,train,,,,2.965841695666313,2.5313537053912e-06,0.4180099034529734,41.800990345297336,,,,,,,,,stage4_cpt_8k,,,,logs/l20_stage4_hq_crossdedup_train_latest.log,,1686,26.3001925945282,,,,883949568,19934.758961007723,,
,,,,,,,train,,,,2.950760632753372,2.530801785117872e-06,0.41810644874014036,41.81064487401404,,,,,,,,,stage4_cpt_8k,,,,logs/l20_stage4_hq_crossdedup_train_latest.log,,1687,26.294119596481323,,,,884473856,19939.363174957194,,
,,,,,,,train,,,,2.9117630273103714,2.5302496133133846e-06,0.41826512969191737,41.82651296919174,,,,,,,,,stage4_cpt_8k,,,,logs/l20_stage4_hq_crossdedup_train_latest.log,,1688,26.284144163131714,,,,884998144,19946.930618932198,,
,,,,,,,train,,,,2.9241168051958084,2.5296971901500983e-06,0.4179070017507601,41.79070017507601,,,,,,,,,stage4_cpt_8k,,,,logs/l20_stage4_hq_crossdedup_train_latest.log,,1689,26.306668519973755,,,,885522432,19929.851611652233,,
,,,,,,,train,,,,2.928100824356079,2.5291445158004523e-06,0.41760010938881076,41.760010938881074,,,,,,,,,stage4_cpt_8k,,,,logs/l20_stage4_hq_crossdedup_train_latest.log,,1690,26.326001167297363,,,,886046720,19915.216012801826,,
,,,,,,,train,,,,2.9504199475049973,2.528591590436965e-06,0.41774002789859926,41.77400278985993,,,,,,,,,stage4_cpt_8k,,,,logs/l20_stage4_hq_crossdedup_train_latest.log,,1691,26.31718349456787,,,,886571008,19921.888681903147,,
,,,,,,,train,,,,2.99227212369442,2.5280384142322297e-06,0.4177687616843438,41.77687616843438,,,,,,,,,stage4_cpt_8k,,,,logs/l20_stage4_hq_crossdedup_train_latest.log,,1692,26.315373420715332,,,,887095296,19923.25898697995,,
,,,,,,,train,,,,2.939486861228943,2.5274849873589232e-06,0.4178809680227732,41.788096802277316,,,,,,,,,stage4_cpt_8k,,,,logs/l20_stage4_hq_crossdedup_train_latest.log,,1693,26.3083074092865,,,,887619584,19928.61007146864,,
,,,,,,,train,,,,2.91899436712265,2.526931309989796e-06,0.4177419087960698,41.774190879606984,,,,,,,,,stage4_cpt_8k,,,,logs/l20_stage4_hq_crossdedup_train_latest.log,,1694,26.317065000534058,,,,888143872,19921.978381303557,,
,,,,,,,train,,,,2.8978732377290726,2.5263773822976787e-06,0.41780542268001153,41.780542268001156,,,,,,,,,stage4_cpt_8k,,,,logs/l20_stage4_hq_crossdedup_train_latest.log,,1695,26.313064336776733,,,,888668160,19925.007338169402,,
,,,,,,,train,,,,2.8799561858177185,2.5258232044554813e-06,0.41780273108606386,41.78027310860639,,,,,,,,,stage4_cpt_8k,,,,logs/l20_stage4_hq_crossdedup_train_latest.log,,1696,26.313233852386475,,,,889192448,19924.87897691259,,
,,,,,,,train,,,,2.960879862308502,2.5252687766361887e-06,0.41793538728528773,41.79353872852877,,,,,,,,,stage4_cpt_8k,,,,logs/l20_stage4_hq_crossdedup_train_latest.log,,1697,26.304881811141968,,,,889716736,19931.20530873958,,
,,,,,,,train,,,,2.873281016945839,2.524714099012866e-06,0.4179214440288793,41.792144402887935,,,,,,,,,stage4_cpt_8k,,,,logs/l20_stage4_hq_crossdedup_train_latest.log,,1698,26.30575942993164,,,,890241024,19930.54035928901,,
,,,,,,,train,,,,2.882785379886627,2.5241591717586575e-06,0.41781574267101773,41.781574267101774,,,,,,,,,stage4_cpt_8k,,,,logs/l20_stage4_hq_crossdedup_train_latest.log,,1699,26.312414407730103,,,,890765312,19925.49949524867,,
,,,,,,,train,,,,2.940208464860916,2.523603995046782e-06,0.41800386327438793,41.800386327438794,,,,,,,,,stage4_cpt_8k,,,,logs/l20_stage4_hq_crossdedup_train_latest.log,,1700,26.300572633743286,,,,891289600,19934.47090681765,,
,,,,,,,train,,,,2.8874388486146927,2.523048569050539e-06,0.418192635026912,41.8192635026912,,,,,,,,,stage4_cpt_8k,,,,logs/l20_stage4_hq_crossdedup_train_latest.log,,1701,26.288700580596924,,,,891813888,19943.473371482072,,
,,,,,,,train,,,,2.947927802801132,2.522492893943304e-06,0.4178821420081666,41.78821420081666,,,,,,,,,stage4_cpt_8k,,,,logs/l20_stage4_hq_crossdedup_train_latest.log,,1702,26.308233499526978,,,,892338176,19928.66605845758,,
,,,,,,,train,,,,2.987884432077408,2.521936969898532e-06,0.41753136107238803,41.7531361072388,,,,,,,,,stage4_cpt_8k,,,,logs/l20_stage4_hq_crossdedup_train_latest.log,,1703,26.33033585548401,,,,892862464,19911.937427520614,,
,,,,,,,train,,,,2.9350721687078476,2.5213807970897544e-06,0.4179479070843644,41.794790708436445,,,,,,,,,stage4_cpt_8k,,,,logs/l20_stage4_hq_crossdedup_train_latest.log,,1704,26.304093837738037,,,,893386752,19931.802373964045,,
,,,,,,,train,,,,2.9139596223831177,2.5208243756905805e-06,0.418173224940043,41.8173224940043,,,,,,,,,stage4_cpt_8k,,,,logs/l20_stage4_hq_crossdedup_train_latest.log,,1705,26.289920806884766,,,,893911040,19942.547710630617,,
,,,,,,,train,,,,2.9329333305358887,2.520267705874697e-06,0.4183481893671315,41.83481893671315,,,,,,,,,stage4_cpt_8k,,,,logs/l20_stage4_hq_crossdedup_train_latest.log,,1706,26.27892565727234,,,,894435328,19950.89170834921,,
,,,,,,,train,,,,2.8937357664108276,2.51971078781587e-06,0.4180650992171258,41.80650992171258,,,,,,,,,stage4_cpt_8k,,,,logs/l20_stage4_hq_crossdedup_train_latest.log,,1707,26.296720266342163,,,,894959616,19937.39122939409,,
,,,,,,,train,,,,2.9066066592931747,2.519153621687939e-06,0.41772923482649343,41.77292348264935,,,,,,,,,stage4_cpt_8k,,,,logs/l20_stage4_hq_crossdedup_train_latest.log,,1708,26.31786346435547,,,,895483904,19921.37396373714,,
,,,,,,,train,,,,2.973930239677429,2.518596207664826e-06,0.41775033708991094,41.775033708991096,,,,,,,,,stage4_cpt_8k,,,,logs/l20_stage4_hq_crossdedup_train_latest.log,,1709,26.3165340423584,,,,896008192,19922.38032394843,,
,,,,,,,train,,,,2.966773748397827,2.5180385459205264e-06,0.41756242943742955,41.756242943742954,,,,,,,,,stage4_cpt_8k,,,,logs/l20_stage4_hq_crossdedup_train_latest.log,,1710,26.32837677001953,,,,896532480,19913.419067939412,,
,,,,,,,train,,,,2.902583748102188,2.517480636629115e-06,0.41781786276164057,41.781786276164055,,,,,,,,,stage4_cpt_8k,,,,logs/l20_stage4_hq_crossdedup_train_latest.log,,1711,26.312280893325806,,,,897056768,19925.60060169422,,
,,,,,,,train,,,,2.8977314680814743,2.5169224799647433e-06,0.41791620939260404,41.791620939260405,,,,,,,,,stage4_cpt_8k,,,,logs/l20_stage4_hq_crossdedup_train_latest.log,,1712,26.30608892440796,,,,897581056,19930.29072115476,,
,,,,,,,train,,,,2.9545145481824875,2.516364076101639e-06,0.4179308985233663,41.79308985233663,,,,,,,,,stage4_cpt_8k,,,,logs/l20_stage4_hq_crossdedup_train_latest.log,,1713,26.305164337158203,,,,898105344,19930.99124111535,,
,,,,,,,train,,,,2.9412347823381424,2.51580542521411e-06,0.41741121460275943,41.74112146027594,,,,,,,,,stage4_cpt_8k,,,,logs/l20_stage4_hq_crossdedup_train_latest.log,,1714,26.33791470527649,,,,898629632,19906.207680707732,,
,,,,,,,train,,,,2.966155081987381,2.515246527476537e-06,0.41766109467631723,41.76610946763172,,,,,,,,,stage4_cpt_8k,,,,logs/l20_stage4_hq_crossdedup_train_latest.log,,1715,26.32215714454651,,,,899153920,19918.124381710233,,
,,,,,,,train,,,,2.898445710539818,2.5146873830633813e-06,0.4179821594810351,41.79821594810351,,,,,,,,,stage4_cpt_8k,,,,logs/l20_stage4_hq_crossdedup_train_latest.log,,1716,26.30193829536438,,,,899678208,19933.435859835616,,
,,,,,,,train,,,,2.9291016459465027,2.5141279921491804e-06,0.41801077880073817,41.80107788007382,,,,,,,,,stage4_cpt_8k,,,,logs/l20_stage4_hq_crossdedup_train_latest.log,,1717,26.300137519836426,,,,900202496,19934.80070606341,,
,,,,,,,train,,,,2.879316970705986,2.5135683549085467e-06,0.417851374408773,41.7851374408773,,,,,,,,,stage4_cpt_8k,,,,logs/l20_stage4_hq_crossdedup_train_latest.log,,1718,26.310170650482178,,,,900726784,19927.19876145659,,
,,,,,,,train,,,,2.933392032980919,2.5130084715161724e-06,0.41778615450894396,41.7786154508944,,,,,,,,,stage4_cpt_8k,,,,logs/l20_stage4_hq_crossdedup_train_latest.log,,1719,26.31427788734436,,,,901251072,19924.088445237256,,
,,,,,,,train,,,,2.8944616615772247,2.5124483421468244e-06,0.41805229950547385,41.805229950547385,,,,,,,,,stage4_cpt_8k,,,,logs/l20_stage4_hq_crossdedup_train_latest.log,,1720,26.29752540588379,,,,901775360,19936.780815228194,,
,,,,,,,train,,,,2.94039648771286,2.5118879669753476e-06,0.4180893135486052,41.80893135486052,,,,,,,,,stage4_cpt_8k,,,,logs/l20_stage4_hq_crossdedup_train_latest.log,,1721,26.295197248458862,,,,902299648,19938.546003138577,,
,,,,,,,train,,,,2.9215675592422485,2.5113273461766626e-06,0.4180474519661901,41.80474519661901,,,,,,,,,stage4_cpt_8k,,,,logs/l20_stage4_hq_crossdedup_train_latest.log,,1722,26.29783034324646,,,,902823936,19936.54963762599,,
,,,,,,,train,,,,2.922147288918495,2.5107664799257687e-06,0.4179604427874753,41.79604427874753,,,,,,,,,stage4_cpt_8k,,,,logs/l20_stage4_hq_crossdedup_train_latest.log,,1723,26.30330491065979,,,,903348224,19932.400197646828,,
,,,,,,,train,,,,2.9201135486364365,2.510205368397739e-06,0.4179847927645895,41.79847927645895,,,,,,,,,stage4_cpt_8k,,,,logs/l20_stage4_hq_crossdedup_train_latest.log,,1724,26.301772594451904,,,,903872512,19933.561440288373,,
,,,,,,,train,,,,2.942579507827759,2.5096440117677246e-06,0.4178968022328652,41.78968022328652,,,,,,,,,stage4_cpt_8k,,,,logs/l20_stage4_hq_crossdedup_train_latest.log,,1725,26.307310581207275,,,,904396800,19929.365199897213,,
,,,,,,,train,,,,2.995166927576065,2.5090824102109537e-06,0.4174893730042123,41.74893730042123,,,,,,,,,stage4_cpt_8k,,,,logs/l20_stage4_hq_crossdedup_train_latest.log,,1726,26.33298397064209,,,,904921088,19909.93502994245,,
,,,,,,,train,,,,2.914556786417961,2.5085205639027304e-06,0.4178161856167449,41.78161856167449,,,,,,,,,stage4_cpt_8k,,,,logs/l20_stage4_hq_crossdedup_train_latest.log,,1727,26.312386512756348,,,,905445376,19925.52061918911,,
,,,,,,,train,,,,2.9464408308267593,2.5079584730184344e-06,0.4182243746662439,41.82243746662439,,,,,,,,,stage4_cpt_8k,,,,logs/l20_stage4_hq_crossdedup_train_latest.log,,1728,26.286705493927002,,,,905969664,19944.987024757662,,
,,,,,,,train,,,,2.9299381226301193,2.5073961377335227e-06,0.4181903783884933,41.81903783884933,,,,,,,,,stage4_cpt_8k,,,,logs/l20_stage4_hq_crossdedup_train_latest.log,,1729,26.28884243965149,,,,906493952,19943.365753115697,,
,,,,,,,train,,,,2.9237714409828186,2.5068335582235293e-06,0.41834438250311523,41.83443825031152,,,,,,,,,stage4_cpt_8k,,,,logs/l20_stage4_hq_crossdedup_train_latest.log,,1730,26.279164791107178,,,,907018240,19950.71016021857,,
,,,,,,,train,,,,2.972314089536667,2.5062707346640615e-06,0.4181663343754113,41.81663343754113,,,,,,,,,stage4_cpt_8k,,,,logs/l20_stage4_hq_crossdedup_train_latest.log,,1731,26.290354013442993,,,,907542528,19942.21910180125,,
,,,,,,,train,,,,2.9160057604312897,2.5057076672308067e-06,0.4173593833928629,41.735938339286285,,,,,,,,,stage4_cpt_8k,,,,logs/l20_stage4_hq_crossdedup_train_latest.log,,1732,26.341185569763184,,,,908066816,19903.73586684062,,
,,,,,,,train,,,,2.9207163900136948,2.5051443560995254e-06,0.41746664543407874,41.746664543407874,,,,,,,,,stage4_cpt_8k,,,,logs/l20_stage4_hq_crossdedup_train_latest.log,,1733,26.334417581558228,,,,908591104,19908.85115937231,,
,,,,,,,train,,,,2.955064505338669,2.504580801446056e-06,0.41805118141568015,41.805118141568016,,,,,,,,,stage4_cpt_8k,,,,logs/l20_stage4_hq_crossdedup_train_latest.log,,1734,26.297595739364624,,,,909115392,19936.727493882576,,
,,,,,,,train,,,,2.985161989927292,2.504017003446312e-06,0.41839909717429374,41.83990971742937,,,,,,,,,stage4_cpt_8k,,,,logs/l20_stage4_hq_crossdedup_train_latest.log,,1735,26.275728225708008,,,,909639680,19953.319485434466,,
,,,,,,,train,,,,2.954392820596695,2.503452962276282e-06,0.41821891622798785,41.82189162279879,,,,,,,,,stage4_cpt_8k,,,,logs/l20_stage4_hq_crossdedup_train_latest.log,,1736,26.28704857826233,,,,910163968,19944.726713578333,,
,,,,,,,train,,,,2.9850156754255295,2.5028886781120332e-06,0.41782275798164525,41.78227579816453,,,,,,,,,stage4_cpt_8k,,,,logs/l20_stage4_hq_crossdedup_train_latest.log,,1737,26.311972618103027,,,,910688256,19925.834053174793,,
,,,,,,,train,,,,2.8980959057807922,2.5023241511297055e-06,0.41788465284422877,41.78846528442288,,,,,,,,,stage4_cpt_8k,,,,logs/l20_stage4_hq_crossdedup_train_latest.log,,1738,26.308075428009033,,,,911212544,19928.78579942849,,
,,,,,,,train,,,,2.9519481658935547,2.501759381505517e-06,0.4175559408828557,41.75559408828557,,,,,,,,,stage4_cpt_8k,,,,logs/l20_stage4_hq_crossdedup_train_latest.log,,1739,26.32878589630127,,,,911736832,19913.109630841474,,
,,,,,,,train,,,,2.9277609437704086,2.5011943694157607e-06,0.41755544933390804,41.7555449333908,,,,,,,,,stage4_cpt_8k,,,,logs/l20_stage4_hq_crossdedup_train_latest.log,,1740,26.328816890716553,,,,912261120,19913.086189028953,,
,,,,,,,train,,,,2.9470962285995483,2.5006291150368045e-06,0.41780830738038016,41.78083073803801,,,,,,,,,stage4_cpt_8k,,,,logs/l20_stage4_hq_crossdedup_train_latest.log,,1741,26.312882661819458,,,,912785408,19925.144908609836,,
,,,,,,,train,,,,2.927109256386757,2.5000636185450928e-06,0.4183446102298219,41.83446102298219,,,,,,,,,stage4_cpt_8k,,,,logs/l20_stage4_hq_crossdedup_train_latest.log,,1742,26.27915048599243,,,,913309696,19950.72102043257,,
,,,,,,,train,,,,2.902357578277588,2.4994978801171462e-06,0.4180715429575536,41.80715429575536,,,,,,,,,stage4_cpt_8k,,,,logs/l20_stage4_hq_crossdedup_train_latest.log,,1743,26.29631495475769,,,,913833984,19937.6985293197,,
,,,,,,,train,,,,3.0120435804128647,2.4989318999295595e-06,0.4178541650798658,41.785416507986575,,,,,,,,,stage4_cpt_8k,,,,logs/l20_stage4_hq_crossdedup_train_latest.log,,1744,26.30999493598938,,,,914358272,19927.331847670852,,
,,,,,,,train,,,,2.8998422622680664,2.4983656781590032e-06,0.4176555866210689,41.76555866210689,,,,,,,,,stage4_cpt_8k,,,,logs/l20_stage4_hq_crossdedup_train_latest.log,,1745,26.32250428199768,,,,914882560,19917.86170431237,,
,,,,,,,train,,,,2.9520982205867767,2.497799214982224e-06,0.4177403533645553,41.774035336455526,,,,,,,,,stage4_cpt_8k,,,,logs/l20_stage4_hq_crossdedup_train_latest.log,,1746,26.31716299057007,,,,915406848,19921.904203270777,,
,,,,,,,train,,,,2.8891996294260025,2.497232510576043e-06,0.4179844328173978,41.79844328173978,,,,,,,,,stage4_cpt_8k,,,,logs/l20_stage4_hq_crossdedup_train_latest.log,,1747,26.30179524421692,,,,915931136,19933.544274521613,,
,,,,,,,train,,,,2.9007821530103683,2.4966655651173573e-06,0.4173993768054463,41.73993768054463,,,,,,,,,stage4_cpt_8k,,,,logs/l20_stage4_hq_crossdedup_train_latest.log,,1748,26.338661670684814,,,,916455424,19905.64313992983,,
,,,,,,,train,,,,2.894110321998596,2.49609837878314e-06,0.41798214432554237,41.79821443255424,,,,,,,,,stage4_cpt_8k,,,,logs/l20_stage4_hq_crossdedup_train_latest.log,,1749,26.301939249038696,,,,916979712,19933.435137075,,
,,,,,,,train,,,,2.9056339859962463,2.495530951750437e-06,0.418070477831462,41.8070477831462,,,,,,,,,stage4_cpt_8k,,,,logs/l20_stage4_hq_crossdedup_train_latest.log,,1750,26.296381950378418,,,,917504000,19937.64773379614,,
,,,,,,,eval,,,,2.926424339413643,,,,,,,,,18.660786423507744,,,stage4_cpt_8k,,,,logs/l20_stage4_hq_crossdedup_train_latest.log,,1750,,,,,,,,
,,,,,,,train,,,,2.9531350135803223,2.494963284196371e-06,0.32376861419255565,32.37686141925556,,,,,,,,,stage4_cpt_8k,,,,logs/l20_stage4_hq_crossdedup_train_latest.log,,1751,33.95554876327515,,,,918028288,15440.421936783636,,
,,,,,,,train,,,,2.9405689537525177,2.49439537629814e-06,0.4177609230849199,41.77609230849199,,,,,,,,,stage4_cpt_8k,,,,logs/l20_stage4_hq_crossdedup_train_latest.log,,1752,26.31586718559265,,,,918552576,19922.88516667374,,
,,,,,,,train,,,,2.8998518586158752,2.4938272282330165e-06,0.4178981315885259,41.78981315885259,,,,,,,,,stage4_cpt_8k,,,,logs/l20_stage4_hq_crossdedup_train_latest.log,,1753,26.30722689628601,,,,919076864,19929.42859644464,,
,,,,,,,train,,,,2.8987331092357635,2.4932588401783476e-06,0.4176803134793683,41.76803134793683,,,,,,,,,stage4_cpt_8k,,,,logs/l20_stage4_hq_crossdedup_train_latest.log,,1754,26.320945978164673,,,,919601152,19919.040920297422,,
,,,,,,,train,,,,2.9473817497491837,2.492690212311556e-06,0.41818988913732597,41.818988913732596,,,,,,,,,stage4_cpt_8k,,,,logs/l20_stage4_hq_crossdedup_train_latest.log,,1755,26.288873195648193,,,,920125440,19943.342420883582,,
,,,,,,,train,,,,2.9556455612182617,2.492121344810139e-06,0.41831598313083135,41.831598313083134,,,,,,,,,stage4_cpt_8k,,,,logs/l20_stage4_hq_crossdedup_train_latest.log,,1756,26.280948877334595,,,,920649728,19949.355803213035,,
,,,,,,,train,,,,2.96483151614666,2.4915522378516686e-06,0.41788392950827213,41.788392950827216,,,,,,,,,stage4_cpt_8k,,,,logs/l20_stage4_hq_crossdedup_train_latest.log,,1757,26.30812096595764,,,,921174016,19928.751303767443,,
,,,,,,,train,,,,2.918599858880043,2.4909828916137912e-06,0.41790132056165535,41.79013205616553,,,,,,,,,stage4_cpt_8k,,,,logs/l20_stage4_hq_crossdedup_train_latest.log,,1758,26.307026147842407,,,,921698304,19929.580677555983,,
,,,,,,,train,,,,2.9431258141994476,2.4904133062742296e-06,0.4179673568771765,41.79673568771765,,,,,,,,,stage4_cpt_8k,,,,logs/l20_stage4_hq_crossdedup_train_latest.log,,1759,26.30286979675293,,,,922222592,19932.72992837926,,
,,,,,,,train,,,,2.9694215953350067,2.4898434820107783e-06,0.4179474903770178,41.79474903770178,,,,,,,,,stage4_cpt_8k,,,,logs/l20_stage4_hq_crossdedup_train_latest.log,,1760,26.30412006378174,,,,922746880,19931.782501323603,,
,,,,,,,train,,,,2.9023065268993378,2.489273419001309e-06,0.41844049001325406,41.84404900132541,,,,,,,,,stage4_cpt_8k,,,,logs/l20_stage4_hq_crossdedup_train_latest.log,,1761,26.273128986358643,,,,923271168,19955.293496721206,,
,,,,,,,train,,,,2.917532369494438,2.4887031174237674e-06,0.4181756330885508,41.817563308855085,,,,,,,,,stage4_cpt_8k,,,,logs/l20_stage4_hq_crossdedup_train_latest.log,,1762,26.289769411087036,,,,923795456,19942.662554464816,,
,,,,,,,train,,,,2.9061583876609802,2.488132577456172e-06,0.41791249750133636,41.79124975013364,,,,,,,,,stage4_cpt_8k,,,,logs/l20_stage4_hq_crossdedup_train_latest.log,,1763,26.30632257461548,,,,924319744,19930.113702244205,,
,,,,,,,train,,,,2.975251242518425,2.487561799276618e-06,0.4176133352874385,41.76133352874385,,,,,,,,,stage4_cpt_8k,,,,logs/l20_stage4_hq_crossdedup_train_latest.log,,1764,26.325167417526245,,,,924844032,19915.846751688652,,
,,,,,,,train,,,,2.906258463859558,2.486990783063273e-06,0.41760075232133026,41.760075232133026,,,,,,,,,stage4_cpt_8k,,,,logs/l20_stage4_hq_crossdedup_train_latest.log,,1765,26.325960636138916,,,,925368320,19915.2466740486,,
,,,,,,,train,,,,2.926586076617241,2.486419528994381e-06,0.4176234491077254,41.76234491077254,,,,,,,,,stage4_cpt_8k,,,,logs/l20_stage4_hq_crossdedup_train_latest.log,,1766,26.324529886245728,,,,925892608,19916.32907655208,,
,,,,,,,train,,,,2.9203105866909027,2.485848037248258e-06,0.41787133780449,41.787133780449,,,,,,,,,stage4_cpt_8k,,,,logs/l20_stage4_hq_crossdedup_train_latest.log,,1767,26.308913707733154,,,,926416896,19928.150809430514,,
,,,,,,,train,,,,2.940916046500206,2.485276308003295e-06,0.4179320690013588,41.793206900135885,,,,,,,,,stage4_cpt_8k,,,,logs/l20_stage4_hq_crossdedup_train_latest.log,,1768,26.30509066581726,,,,926941184,19931.04706083746,,
,,,,,,,train,,,,2.9322546422481537,2.4847043414379585e-06,0.41783636903763416,41.783636903763416,,,,,,,,,stage4_cpt_8k,,,,logs/l20_stage4_hq_crossdedup_train_latest.log,,1769,26.311115503311157,,,,927465472,19926.483160093318,,
,,,,,,,train,,,,2.9271459579467773,2.4841321377307883e-06,0.4177249888969919,41.772498889699186,,,,,,,,,stage4_cpt_8k,,,,logs/l20_stage4_hq_crossdedup_train_latest.log,,1770,26.31813097000122,,,,927989760,19921.171476713556,,
,,,,,,,train,,,,2.920033022761345,2.4835596970603956e-06,0.4177463897146213,41.77463897146213,,,,,,,,,stage4_cpt_8k,,,,logs/l20_stage4_hq_crossdedup_train_latest.log,,1771,26.3167827129364,,,,928514048,19922.19207487998,,
,,,,,,,train,,,,2.898867204785347,2.48298701960547e-06,0.4181245294064133,41.81245294064133,,,,,,,,,stage4_cpt_8k,,,,logs/l20_stage4_hq_crossdedup_train_latest.log,,1772,26.292982578277588,,,,929038336,19940.22543616447,,
,,,,,,,train,,,,2.96714685857296,2.482414105544772e-06,0.41823065640877244,41.823065640877246,,,,,,,,,stage4_cpt_8k,,,,logs/l20_stage4_hq_crossdedup_train_latest.log,,1773,26.28631067276001,,,,929562624,19945.28659905513,,
,,,,,,,train,,,,2.920541435480118,2.4818409550571367e-06,0.41804688724844,41.804688724844006,,,,,,,,,stage4_cpt_8k,,,,logs/l20_stage4_hq_crossdedup_train_latest.log,,1774,26.297865867614746,,,,930086912,19936.52270641662,,
,,,,,,,train,,,,2.9528134614229202,2.481267568321474e-06,0.4174971409350932,41.74971409350932,,,,,,,,,stage4_cpt_8k,,,,logs/l20_stage4_hq_crossdedup_train_latest.log,,1775,26.332494020462036,,,,930611200,19910.305480088387,,
,,,,,,,train,,,,2.9238930493593216,2.4806939455167652e-06,0.4178314772848334,41.783147728483335,,,,,,,,,stage4_cpt_8k,,,,logs/l20_stage4_hq_crossdedup_train_latest.log,,1776,26.311423540115356,,,,931135488,19926.24987396259,,
,,,,,,,train,,,,2.8760633021593094,2.480120086822068e-06,0.41803269400471693,41.80326940047169,,,,,,,,,stage4_cpt_8k,,,,logs/l20_stage4_hq_crossdedup_train_latest.log,,1777,26.29875874519348,,,,931659776,19935.845835150758,,
,,,,,,,train,,,,2.915508672595024,2.479545992416512e-06,0.41793897836424965,41.79389783642497,,,,,,,,,stage4_cpt_8k,,,,logs/l20_stage4_hq_crossdedup_train_latest.log,,1778,26.30465579032898,,,,932184064,19931.37656614981,,
,,,,,,,train,,,,2.9149629920721054,2.478971662479301e-06,0.41788688724860057,41.78868872486006,,,,,,,,,stage4_cpt_8k,,,,logs/l20_stage4_hq_crossdedup_train_latest.log,,1779,26.307934761047363,,,,932708352,19928.892357460263,,
,,,,,,,train,,,,2.952339142560959,2.4783970971897123e-06,0.41755726428962103,41.755726428962106,,,,,,,,,stage4_cpt_8k,,,,logs/l20_stage4_hq_crossdedup_train_latest.log,,1780,26.328702449798584,,,,933232640,19913.172743687977,,
,,,,,,,train,,,,2.9133524745702744,2.4778222967270963e-06,0.41744698900769467,41.744698900769464,,,,,,,,,stage4_cpt_8k,,,,logs/l20_stage4_hq_crossdedup_train_latest.log,,1781,26.335657596588135,,,,933756928,19907.913750667958,,
,,,,,,,train,,,,2.9576330184936523,2.4772472612708765e-06,0.418224860204831,41.822486020483105,,,,,,,,,stage4_cpt_8k,,,,logs/l20_stage4_hq_crossdedup_train_latest.log,,1782,26.286674976348877,,,,934281216,19945.010179938006,,
,,,,,,,train,,,,2.9362305998802185,2.4766719910005515e-06,0.41816105188938085,41.81610518893809,,,,,,,,,stage4_cpt_8k,,,,logs/l20_stage4_hq_crossdedup_train_latest.log,,1783,26.29068613052368,,,,934805504,19941.96718172744,,
,,,,,,,train,,,,2.9899779111146927,2.4760964860956915e-06,0.418094309904083,41.809430990408295,,,,,,,,,stage4_cpt_8k,,,,logs/l20_stage4_hq_crossdedup_train_latest.log,,1784,26.294883012771606,,,,935329792,19938.7842777376,,
,,,,,,,train,,,,2.9559003114700317,2.47552074673594e-06,0.4179183229275011,41.79183229275011,,,,,,,,,stage4_cpt_8k,,,,logs/l20_stage4_hq_crossdedup_train_latest.log,,1785,26.30595588684082,,,,935854080,19930.391514959836,,
,,,,,,,train,,,,3.019925221800804,2.474944773101015e-06,0.4175652049063815,41.75652049063815,,,,,,,,,stage4_cpt_8k,,,,logs/l20_stage4_hq_crossdedup_train_latest.log,,1786,26.32820177078247,,,,936378368,19913.551429168427,,
,,,,,,,train,,,,2.9069012999534607,2.474368565370706e-06,0.4177917455024679,41.779174550246786,,,,,,,,,stage4_cpt_8k,,,,logs/l20_stage4_hq_crossdedup_train_latest.log,,1787,26.313925743103027,,,,936902656,19924.355077935026,,
,,,,,,,train,,,,2.9158060401678085,2.4737921237248762e-06,0.4185627039907558,41.85627039907558,,,,,,,,,stage4_cpt_8k,,,,logs/l20_stage4_hq_crossdedup_train_latest.log,,1788,26.26545763015747,,,,937426944,19961.121842325072,,
,,,,,,,train,,,,2.885207027196884,2.473215448343463e-06,0.4183242676221858,41.832426762218574,,,,,,,,,stage4_cpt_8k,,,,logs/l20_stage4_hq_crossdedup_train_latest.log,,1789,26.280428409576416,,,,937951232,19949.750887963186,,
,,,,,,,train,,,,2.9489421397447586,2.4726385394064746e-06,0.41798361062455874,41.798361062455875,,,,,,,,,stage4_cpt_8k,,,,logs/l20_stage4_hq_crossdedup_train_latest.log,,1790,26.301846981048584,,,,938475520,19933.50506440738,,
,,,,,,,train,,,,2.9240922778844833,2.472061397093994e-06,0.41769860703422096,41.7698607034221,,,,,,,,,stage4_cpt_8k,,,,logs/l20_stage4_hq_crossdedup_train_latest.log,,1791,26.319793224334717,,,,938999808,19919.913334093162,,
,,,,,,,train,,,,2.9433330595493317,2.4714840215861764e-06,0.41746384859828006,41.746384859828005,,,,,,,,,stage4_cpt_8k,,,,logs/l20_stage4_hq_crossdedup_train_latest.log,,1792,26.334594011306763,,,,939524096,19908.71777916519,,
,,,,,,,train,,,,2.9645610600709915,2.4709064130632486e-06,0.4181450345997589,41.81450345997589,,,,,,,,,stage4_cpt_8k,,,,logs/l20_stage4_hq_crossdedup_train_latest.log,,1793,26.291693210601807,,,,940048384,19941.20332229448,,
,,,,,,,train,,,,2.923504516482353,2.470328571705512e-06,0.4181365903721687,41.81365903721687,,,,,,,,,stage4_cpt_8k,,,,logs/l20_stage4_hq_crossdedup_train_latest.log,,1794,26.292224168777466,,,,940572672,19940.800619774203,,
,,,,,,,train,,,,2.98355333507061,2.469750497693339e-06,0.4183512144121662,41.83512144121662,,,,,,,,,stage4_cpt_8k,,,,logs/l20_stage4_hq_crossdedup_train_latest.log,,1795,26.278735637664795,,,,941096960,19951.035971782003,,
,,,,,,,train,,,,2.909354478120804,2.469172191207178e-06,0.4182860432938634,41.82860432938634,,,,,,,,,stage4_cpt_8k,,,,logs/l20_stage4_hq_crossdedup_train_latest.log,,1796,26.282829999923706,,,,941621248,19947.92798193809,,
,,,,,,,train,,,,2.927226021885872,2.468593652427544e-06,0.4179725890061405,41.79725890061405,,,,,,,,,stage4_cpt_8k,,,,logs/l20_stage4_hq_crossdedup_train_latest.log,,1797,26.30254054069519,,,,942145536,19932.979446940633,,
,,,,,,,train,,,,2.9462785720825195,2.4680148815350305e-06,0.4178070505244039,41.78070505244039,,,,,,,,,stage4_cpt_8k,,,,logs/l20_stage4_hq_crossdedup_train_latest.log,,1798,26.31296181678772,,,,942669824,19925.084969549236,,
,,,,,,,train,,,,2.933126211166382,2.4674358787103e-06,0.4175855607333631,41.75855607333631,,,,,,,,,stage4_cpt_8k,,,,logs/l20_stage4_hq_crossdedup_train_latest.log,,1799,26.326918363571167,,,,943194112,19914.52219206418,,
,,,,,,,train,,,,2.9382555335760117,2.466856644134088e-06,0.4177641364587644,41.776413645876445,,,,,,,,,stage4_cpt_8k,,,,logs/l20_stage4_hq_crossdedup_train_latest.log,,1800,26.315664768218994,,,,943718400,19923.038411447396,,
,,,,,,,train,,,,2.9047513753175735,2.466277177987203e-06,0.4184033188536244,41.84033188536244,,,,,,,,,stage4_cpt_8k,,,,logs/l20_stage4_hq_crossdedup_train_latest.log,,1801,26.275463104248047,,,,944242688,19953.520815975135,,
,,,,,,,train,,,,2.9573540836572647,2.465697480450526e-06,0.41859525602939845,41.85952560293985,,,,,,,,,stage4_cpt_8k,,,,logs/l20_stage4_hq_crossdedup_train_latest.log,,1802,26.263415098190308,,,,944766976,19962.674238664655,,
,,,,,,,train,,,,2.9065245985984802,2.465117551705009e-06,0.4180396483842218,41.80396483842218,,,,,,,,,stage4_cpt_8k,,,,logs/l20_stage4_hq_crossdedup_train_latest.log,,1803,26.29832124710083,,,,945291264,19936.177487291072,,
,,,,,,,train,,,,2.892663285136223,2.464537391931677e-06,0.41759493952692534,41.75949395269253,,,,,,,,,stage4_cpt_8k,,,,logs/l20_stage4_hq_crossdedup_train_latest.log,,1804,26.326327085494995,,,,945815552,19914.969463737565,,
,,,,,,,train,,,,2.9226711094379425,2.463957001311627e-06,0.41770902013102057,41.77090201310206,,,,,,,,,stage4_cpt_8k,,,,logs/l20_stage4_hq_crossdedup_train_latest.log,,1805,26.31913709640503,,,,946339840,19920.40993135802,,
,,,,,,,train,,,,2.9426049441099167,2.4633763800260283e-06,0.41782998176407554,41.78299817640755,,,,,,,,,stage4_cpt_8k,,,,logs/l20_stage4_hq_crossdedup_train_latest.log,,1806,26.3115177154541,,,,946864128,19926.178553054688,,
,,,,,,,train,,,,3.001986488699913,2.4627955282561214e-06,0.41789541986344175,41.789541986344176,,,,,,,,,stage4_cpt_8k,,,,logs/l20_stage4_hq_crossdedup_train_latest.log,,1807,26.307397603988647,,,,947388416,19929.29927514035,,
,,,,,,,train,,,,2.9222922176122665,2.462214446183219e-06,0.4179645002885497,41.79645002885497,,,,,,,,,stage4_cpt_8k,,,,logs/l20_stage4_hq_crossdedup_train_latest.log,,1808,26.303049564361572,,,,947912704,19932.593698578825,,
,,,,,,,train,,,,2.979620724916458,2.4616331339887073e-06,0.41798902503227836,41.798902503227836,,,,,,,,,stage4_cpt_8k,,,,logs/l20_stage4_hq_crossdedup_train_latest.log,,1809,26.301506280899048,,,,948436992,19933.76327578447,,
,,,,,,,train,,,,2.9498900771141052,2.4610515918540424e-06,0.41804910064754514,41.804910064754516,,,,,,,,,stage4_cpt_8k,,,,logs/l20_stage4_hq_crossdedup_train_latest.log,,1810,26.29772663116455,,,,948961280,19936.62826271393,,
,,,,,,,train,,,,2.982715919613838,2.460469819960752e-06,0.4178486102801216,41.78486102801216,,,,,,,,,stage4_cpt_8k,,,,logs/l20_stage4_hq_crossdedup_train_latest.log,,1811,26.310344696044922,,,,949485568,19927.066941042893,,
,,,,,,,train,,,,2.9617620408535004,2.4598878184904376e-06,0.41786599082027576,41.78659908202758,,,,,,,,,stage4_cpt_8k,,,,logs/l20_stage4_hq_crossdedup_train_latest.log,,1812,26.309250354766846,,,,950009856,19927.89581345889,,
,,,,,,,train,,,,2.9680874347686768,2.4593055876247693e-06,0.4178525141491802,41.785251414918015,,,,,,,,,stage4_cpt_8k,,,,logs/l20_stage4_hq_crossdedup_train_latest.log,,1813,26.310098886489868,,,,950534144,19927.253115313062,,
,,,,,,,train,,,,2.9466293156147003,2.4587231275454926e-06,0.41802212075932255,41.80221207593225,,,,,,,,,stage4_cpt_8k,,,,logs/l20_stage4_hq_crossdedup_train_latest.log,,1814,26.299423933029175,,,,951058432,19935.341600450498,,
,,,,,,,train,,,,2.9045513421297073,2.4581404384344213e-06,0.41799133254467696,41.7991332544677,,,,,,,,,stage4_cpt_8k,,,,logs/l20_stage4_hq_crossdedup_train_latest.log,,1815,26.301361083984375,,,,951582720,19933.87332031472,,
,,,,,,,train,,,,2.9622519314289093,2.4575575204734415e-06,0.4180759968354152,41.80759968354152,,,,,,,,,stage4_cpt_8k,,,,logs/l20_stage4_hq_crossdedup_train_latest.log,,1816,26.296034812927246,,,,952107008,19937.910933334242,,
,,,,,,,train,,,,2.933072343468666,2.4569743738445122e-06,0.41812907920173514,41.812907920173515,,,,,,,,,stage4_cpt_8k,,,,logs/l20_stage4_hq_crossdedup_train_latest.log,,1817,26.292696475982666,,,,952631296,19940.4424144521,,
,,,,,,,train,,,,2.995173394680023,2.456390998729662e-06,0.41815051386117696,41.815051386117695,,,,,,,,,stage4_cpt_8k,,,,logs/l20_stage4_hq_crossdedup_train_latest.log,,1818,26.291348695755005,,,,953155584,19941.46462652376,,
,,,,,,,train,,,,2.9249066412448883,2.455807395310992e-06,0.4177350627134096,41.77350627134096,,,,,,,,,stage4_cpt_8k,,,,logs/l20_stage4_hq_crossdedup_train_latest.log,,1819,26.317496299743652,,,,953679872,19921.65189380522,,
,,,,,,,train,,,,2.948542505502701,2.4552235637706736e-06,0.41760030226835876,41.76003022683587,,,,,,,,,stage4_cpt_8k,,,,logs/l20_stage4_hq_crossdedup_train_latest.log,,1820,26.32598900794983,,,,954204160,19915.225211165947,,
,,,,,,,train,,,,2.896050050854683,2.4546395042909502e-06,0.4173365264402737,41.733652644027366,,,,,,,,,stage4_cpt_8k,,,,logs/l20_stage4_hq_crossdedup_train_latest.log,,1821,26.342628240585327,,,,954728448,19902.645826062435,,
,,,,,,,train,,,,2.9602678269147873,2.4540552170541364e-06,0.41772428503466624,41.77242850346662,,,,,,,,,stage4_cpt_8k,,,,logs/l20_stage4_hq_crossdedup_train_latest.log,,1822,26.318175315856934,,,,955252736,19921.13790974376,,
,,,,,,,train,,,,2.8870444744825363,2.4534707022426175e-06,0.41785863704709,41.785863704708994,,,,,,,,,stage4_cpt_8k,,,,logs/l20_stage4_hq_crossdedup_train_latest.log,,1823,26.30971336364746,,,,955777024,19927.54511436133,,
,,,,,,,train,,,,2.942132666707039,2.452885960038849e-06,0.4180145833851329,41.80145833851329,,,,,,,,,stage4_cpt_8k,,,,logs/l20_stage4_hq_crossdedup_train_latest.log,,1824,26.299898147583008,,,,956301312,19934.98214547963,,
,,,,,,,train,,,,2.9081127047538757,2.4523009906253596e-06,0.4180857388394801,41.80857388394801,,,,,,,,,stage4_cpt_8k,,,,logs/l20_stage4_hq_crossdedup_train_latest.log,,1825,26.295422077178955,,,,956825600,19938.375526400643,,
,,,,,,,train,,,,2.873632773756981,2.4517157941847464e-06,0.41784945844721594,41.78494584472159,,,,,,,,,stage4_cpt_8k,,,,logs/l20_stage4_hq_crossdedup_train_latest.log,,1826,26.310291290283203,,,,957349888,19927.107389861078,,
,,,,,,,train,,,,2.950742080807686,2.451130370899679e-06,0.4181577451893062,41.815774518930624,,,,,,,,,stage4_cpt_8k,,,,logs/l20_stage4_hq_crossdedup_train_latest.log,,1827,26.290894031524658,,,,957874176,19941.80948625563,,
,,,,,,,train,,,,2.963384985923767,2.4505447209528973e-06,0.4179632765894527,41.79632765894527,,,,,,,,,stage4_cpt_8k,,,,logs/l20_stage4_hq_crossdedup_train_latest.log,,1828,26.303126573562622,,,,958398464,19932.535340759223,,
,,,,,,,train,,,,2.9289883822202682,2.4499588445272124e-06,0.41758401024758834,41.75840102475883,,,,,,,,,stage4_cpt_8k,,,,logs/l20_stage4_hq_crossdedup_train_latest.log,,1829,26.3270161151886,,,,958922752,19914.44824989215,,
,,,,,,,train,,,,2.9103131145238876,2.4493727418055054e-06,0.4177069957419685,41.770699574196854,,,,,,,,,stage4_cpt_8k,,,,logs/l20_stage4_hq_crossdedup_train_latest.log,,1830,26.31926465034485,,,,959447040,19920.313388889856,,
,,,,,,,train,,,,2.9437157064676285,2.4487864129707286e-06,0.41805535817489226,41.80553581748923,,,,,,,,,stage4_cpt_8k,,,,logs/l20_stage4_hq_crossdedup_train_latest.log,,1831,26.297333002090454,,,,959971328,19936.926682197118,,
,,,,,,,train,,,,2.895262911915779,2.4481998582059042e-06,0.41789900646823347,41.78990064682335,,,,,,,,,stage4_cpt_8k,,,,logs/l20_stage4_hq_crossdedup_train_latest.log,,1832,26.30717182159424,,,,960495616,19929.47031917883,,
,,,,,,,train,,,,2.9191532135009766,2.4476130776941257e-06,0.41772237780673765,41.77223778067376,,,,,,,,,stage4_cpt_8k,,,,logs/l20_stage4_hq_crossdedup_train_latest.log,,1833,26.3182954788208,,,,961019904,19921.046954652204,,
,,,,,,,train,,,,2.935470476746559,2.447026071618557e-06,0.41762756437002874,41.76275643700287,,,,,,,,,stage4_cpt_8k,,,,logs/l20_stage4_hq_crossdedup_train_latest.log,,1834,26.324270486831665,,,,961544192,19916.52533209866,,
,,,,,,,train,,,,2.9029488414525986,2.4464388401624315e-06,0.41774413788965103,41.774413788965106,,,,,,,,,stage4_cpt_8k,,,,logs/l20_stage4_hq_crossdedup_train_latest.log,,1835,26.316924571990967,,,,962068480,19922.08468606542,,
,,,,,,,train,,,,2.9169979840517044,2.445851383509054e-06,0.4178569368552163,41.78569368552163,,,,,,,,,stage4_cpt_8k,,,,logs/l20_stage4_hq_crossdedup_train_latest.log,,1836,26.309820413589478,,,,962592768,19927.464032753192,,
,,,,,,,train,,,,2.9189670979976654,2.445263701841799e-06,0.41773658026129745,41.773658026129745,,,,,,,,,stage4_cpt_8k,,,,logs/l20_stage4_hq_crossdedup_train_latest.log,,1837,26.317400693893433,,,,963117056,19921.72426517993,,
,,,,,,,train,,,,2.9233178347349167,2.444675795344112e-06,0.41784119275123915,41.78411927512391,,,,,,,,,stage4_cpt_8k,,,,logs/l20_stage4_hq_crossdedup_train_latest.log,,1838,26.310811758041382,,,,963641344,19926.713201456496,,
,,,,,,,train,,,,2.9399555027484894,2.4440876641995078e-06,0.41793190990687773,41.793190990687776,,,,,,,,,stage4_cpt_8k,,,,logs/l20_stage4_hq_crossdedup_train_latest.log,,1839,26.305100679397583,,,,964165632,19931.039473672405,,
,,,,,,,train,,,,2.912071079015732,2.4434993085915704e-06,0.4179122210059521,41.79122210059521,,,,,,,,,stage4_cpt_8k,,,,logs/l20_stage4_hq_crossdedup_train_latest.log,,1840,26.306339979171753,,,,964689920,19930.100516267525,,
,,,,,,,train,,,,2.8871102035045624,2.442910728703957e-06,0.4179299060843793,41.79299060843793,,,,,,,,,stage4_cpt_8k,,,,logs/l20_stage4_hq_crossdedup_train_latest.log,,1841,26.305226802825928,,,,965214208,19930.943912016624,,
,,,,,,,train,,,,2.947262540459633,2.442321924720392e-06,0.41805776496606073,41.80577649660607,,,,,,,,,stage4_cpt_8k,,,,logs/l20_stage4_hq_crossdedup_train_latest.log,,1842,26.297181606292725,,,,965738496,19937.041461300236,,
,,,,,,,train,,,,2.9475216567516327,2.4417328968246706e-06,0.4181825694697228,41.818256946972284,,,,,,,,,stage4_cpt_8k,,,,logs/l20_stage4_hq_crossdedup_train_latest.log,,1843,26.28933334350586,,,,966262784,19942.99334827038,,
,,,,,,,train,,,,2.9517978876829147,2.4411436452006583e-06,0.41761380049729435,41.76138004972943,,,,,,,,,stage4_cpt_8k,,,,logs/l20_stage4_hq_crossdedup_train_latest.log,,1844,26.325138092041016,,,,966787072,19915.868937398285,,
,,,,,,,train,,,,2.9519634693861008,2.4405541700322897e-06,0.41784954932246604,41.784954932246606,,,,,,,,,stage4_cpt_8k,,,,logs/l20_stage4_hq_crossdedup_train_latest.log,,1845,26.310285568237305,,,,967311360,19927.111723672766,,
,,,,,,,train,,,,2.9439433366060257,2.4399644715035695e-06,0.41817203794161345,41.817203794161344,,,,,,,,,stage4_cpt_8k,,,,logs/l20_stage4_hq_crossdedup_train_latest.log,,1846,26.289995431900024,,,,967835648,19942.491103054133,,
,,,,,,,train,,,,2.9309588223695755,2.4393745497985727e-06,0.41804149787123607,41.804149787123606,,,,,,,,,stage4_cpt_8k,,,,logs/l20_stage4_hq_crossdedup_train_latest.log,,1847,26.29820489883423,,,,968359936,19936.265688736843,,
,,,,,,,train,,,,2.965282768011093,2.4387844051014435e-06,0.4179164025642607,41.79164025642607,,,,,,,,,stage4_cpt_8k,,,,logs/l20_stage4_hq_crossdedup_train_latest.log,,1848,26.306076765060425,,,,968884224,19930.299933449453,,
,,,,,,,train,,,,2.924331471323967,2.438194037596395e-06,0.41775659703071566,41.77565970307157,,,,,,,,,stage4_cpt_8k,,,,logs/l20_stage4_hq_crossdedup_train_latest.log,,1849,26.316139698028564,,,,969408512,19922.67885852864,,
,,,,,,,train,,,,2.9491016566753387,2.437603447467711e-06,0.4180448936932804,41.80448936932804,,,,,,,,,stage4_cpt_8k,,,,logs/l20_stage4_hq_crossdedup_train_latest.log,,1850,26.297991275787354,,,,969932800,19936.427634406955,,
,,,,,,,train,,,,2.9353437572717667,2.4370126348997442e-06,0.4184148605700712,41.841486057007124,,,,,,,,,stage4_cpt_8k,,,,logs/l20_stage4_hq_crossdedup_train_latest.log,,1851,26.274738311767578,,,,970457088,19954.071236750962,,
,,,,,,,train,,,,2.9666901230812073,2.436421600076917e-06,0.418396545984917,41.8396545984917,,,,,,,,,stage4_cpt_8k,,,,logs/l20_stage4_hq_crossdedup_train_latest.log,,1852,26.275888442993164,,,,970981376,19953.197820026853,,
,,,,,,,train,,,,2.9029746800661087,2.4358303431837207e-06,0.4178965219709279,41.78965219709279,,,,,,,,,stage4_cpt_8k,,,,logs/l20_stage4_hq_crossdedup_train_latest.log,,1853,26.30732822418213,,,,971505664,19929.35183429482,,
,,,,,,,train,,,,2.905533045530319,2.4352388644047165e-06,0.4181755951647373,41.81755951647373,,,,,,,,,stage4_cpt_8k,,,,logs/l20_stage4_hq_crossdedup_train_latest.log,,1854,26.289771795272827,,,,972029952,19942.660745890247,,
,,,,,,,train,,,,2.9284174889326096,2.4346471639245344e-06,0.4179769005910182,41.797690059101825,,,,,,,,,stage4_cpt_8k,,,,logs/l20_stage4_hq_crossdedup_train_latest.log,,1855,26.302269220352173,,,,972554240,19933.185065048165,,
,,,,,,,train,,,,2.9613404124975204,2.4340552419278736e-06,0.41774611722358584,41.774611722358586,,,,,,,,,stage4_cpt_8k,,,,logs/l20_stage4_hq_crossdedup_train_latest.log,,1856,26.316799879074097,,,,973078528,19922.179079869416,,
,,,,,,,train,,,,2.936344876885414,2.433463098599503e-06,0.41779765462983964,41.77976546298397,,,,,,,,,stage4_cpt_8k,,,,logs/l20_stage4_hq_crossdedup_train_latest.log,,1857,26.31355357170105,,,,973602816,19924.636882334522,,
,,,,,,,train,,,,2.9079760164022446,2.4328707341242605e-06,0.4180049811110883,41.80049811110883,,,,,,,,,stage4_cpt_8k,,,,logs/l20_stage4_hq_crossdedup_train_latest.log,,1858,26.30050230026245,,,,974127104,19934.524216093323,,
,,,,,,,train,,,,2.9305539280176163,2.4322781486870525e-06,0.417889341333817,41.7889341333817,,,,,,,,,stage4_cpt_8k,,,,logs/l20_stage4_hq_crossdedup_train_latest.log,,1859,26.307780265808105,,,,974651392,19929.009392001444,,
,,,,,,,train,,,,2.9631543904542923,2.431685342472854e-06,0.4179432362213778,41.79432362213778,,,,,,,,,stage4_cpt_8k,,,,logs/l20_stage4_hq_crossdedup_train_latest.log,,1860,26.30438780784607,,,,975175680,19931.579621998102,,
,,,,,,,train,,,,2.920961320400238,2.4310923156667107e-06,0.41767132430722675,41.767132430722675,,,,,,,,,stage4_cpt_8k,,,,logs/l20_stage4_hq_crossdedup_train_latest.log,,1861,26.321512460708618,,,,975699968,19918.612229545313,,
,,,,,,,train,,,,2.9611857384443283,2.4304990684537355e-06,0.4176168867938037,41.76168867938037,,,,,,,,,stage4_cpt_8k,,,,logs/l20_stage4_hq_crossdedup_train_latest.log,,1862,26.32494354248047,,,,976224256,19916.016121894365,,
,,,,,,,train,,,,2.920847088098526,2.4299056010191104e-06,0.4178280659986952,41.782806599869524,,,,,,,,,stage4_cpt_8k,,,,logs/l20_stage4_hq_crossdedup_train_latest.log,,1863,26.311638355255127,,,,976748544,19926.08719081478,,
,,,,,,,train,,,,2.955102413892746,2.4293119135480863e-06,0.41798291725707504,41.7982917257075,,,,,,,,,stage4_cpt_8k,,,,logs/l20_stage4_hq_crossdedup_train_latest.log,,1864,26.30189061164856,,,,977272832,19933.47199793325,,
,,,,,,,train,,,,2.9558302015066147,2.4287180062259833e-06,0.4178659340187701,41.786593401877006,,,,,,,,,stage4_cpt_8k,,,,logs/l20_stage4_hq_crossdedup_train_latest.log,,1865,26.309253931045532,,,,977797120,19927.893104613202,,
,,,,,,,train,,,,2.8903705924749374,2.428123879238189e-06,0.4177915940856414,41.77915940856414,,,,,,,,,stage4_cpt_8k,,,,logs/l20_stage4_hq_crossdedup_train_latest.log,,1866,26.31393527984619,,,,978321408,19924.34785691487,,
,,,,,,,train,,,,2.984136536717415,2.4275295327701613e-06,0.41762642207401507,41.762642207401505,,,,,,,,,stage4_cpt_8k,,,,logs/l20_stage4_hq_crossdedup_train_latest.log,,1867,26.324342489242554,,,,978845696,19916.470856366133,,
,,,,,,,train,,,,2.887117490172386,2.426934967007425e-06,0.41774369888122403,41.7743698881224,,,,,,,,,stage4_cpt_8k,,,,logs/l20_stage4_hq_crossdedup_train_latest.log,,1868,26.316952228546143,,,,979369984,19922.063749893572,,
,,,,,,,train,,,,2.966698870062828,2.4263401821355734e-06,0.4178252037416486,41.78252037416486,,,,,,,,,stage4_cpt_8k,,,,logs/l20_stage4_hq_crossdedup_train_latest.log,,1869,26.311818599700928,,,,979894272,19925.950690689213,,
,,,,,,,train,,,,2.9270283430814743,2.425745178340269e-06,0.4179501876247423,41.79501876247423,,,,,,,,,stage4_cpt_8k,,,,logs/l20_stage4_hq_crossdedup_train_latest.log,,1870,26.303950309753418,,,,980418560,19931.91113220723,,
,,,,,,,train,,,,2.936665862798691,2.4251499558072422e-06,0.4178046655474067,41.78046655474067,,,,,,,,,stage4_cpt_8k,,,,logs/l20_stage4_hq_crossdedup_train_latest.log,,1871,26.313112020492554,,,,980942848,19924.971230756986,,
,,,,,,,train,,,,2.961932599544525,2.4245545147222934e-06,0.4182686695286656,41.82686695286656,,,,,,,,,stage4_cpt_8k,,,,logs/l20_stage4_hq_crossdedup_train_latest.log,,1872,26.283921718597412,,,,981467136,19947.099432617604,,
,,,,,,,train,,,,2.916671648621559,2.423958855271287e-06,0.41828772800738934,41.82877280073893,,,,,,,,,stage4_cpt_8k,,,,logs/l20_stage4_hq_crossdedup_train_latest.log,,1873,26.282724142074585,,,,981991424,19948.00832538876,,
,,,,,,,train,,,,2.908184602856636,2.4233629776401594e-06,0.41822338462621167,41.82233846262117,,,,,,,,,stage4_cpt_8k,,,,logs/l20_stage4_hq_crossdedup_train_latest.log,,1874,26.286767721176147,,,,982515712,19944.939810064323,,
,,,,,,,train,,,,2.9297037571668625,2.422766882014915e-06,0.4179916659804308,41.79916659804308,,,,,,,,,stage4_cpt_8k,,,,logs/l20_stage4_hq_crossdedup_train_latest.log,,1875,26.301340103149414,,,,983040000,19933.889221759462,,
,,,,,,,train,,,,2.9391266107559204,2.4221705685816235e-06,0.4179294969887643,41.79294969887643,,,,,,,,,stage4_cpt_8k,,,,logs/l20_stage4_hq_crossdedup_train_latest.log,,1876,26.30525255203247,,,,983564288,19930.924402377233,,
,,,,,,,train,,,,2.972456857562065,2.4215740375264246e-06,0.4181580258017314,41.81580258017314,,,,,,,,,stage4_cpt_8k,,,,logs/l20_stage4_hq_crossdedup_train_latest.log,,1877,26.290876388549805,,,,984088576,19941.82286857268,,
,,,,,,,train,,,,2.934224173426628,2.4209772890355266e-06,0.4180746170707662,41.80746170707662,,,,,,,,,stage4_cpt_8k,,,,logs/l20_stage4_hq_crossdedup_train_latest.log,,1878,26.29612159729004,,,,984612864,19937.845132798244,,
,,,,,,,train,,,,2.9390528947114944,2.4203803232952033e-06,0.4177360277363511,41.77360277363511,,,,,,,,,stage4_cpt_8k,,,,logs/l20_stage4_hq_crossdedup_train_latest.log,,1879,26.31743550300598,,,,985137152,19921.697915441484,,
,,,,,,,train,,,,2.9001252204179764,2.4197831404917983e-06,0.4175578579348097,41.75578579348097,,,,,,,,,stage4_cpt_8k,,,,logs/l20_stage4_hq_crossdedup_train_latest.log,,1880,26.328665018081665,,,,985661440,19913.201054437668,,
,,,,,,,train,,,,2.9214321076869965,2.4191857408117223e-06,0.4180696022336507,41.80696022336507,,,,,,,,,stage4_cpt_8k,,,,logs/l20_stage4_hq_crossdedup_train_latest.log,,1881,26.29643702507019,,,,986185728,19937.605976815812,,
,,,,,,,train,,,,2.952309876680374,2.418588124441454e-06,0.4177804463232895,41.77804463232895,,,,,,,,,stage4_cpt_8k,,,,logs/l20_stage4_hq_crossdedup_train_latest.log,,1882,26.314637422561646,,,,986710016,19923.81622368416,,
,,,,,,,train,,,,2.924780547618866,2.4179902915675383e-06,0.41766084877789555,41.76608487778955,,,,,,,,,stage4_cpt_8k,,,,logs/l20_stage4_hq_crossdedup_train_latest.log,,1883,26.32217264175415,,,,987234304,19918.11265489294,,
,,,,,,,train,,,,2.9248978048563004,2.41739224237659e-06,0.41768821337431594,41.768821337431596,,,,,,,,,stage4_cpt_8k,,,,logs/l20_stage4_hq_crossdedup_train_latest.log,,1884,26.32044816017151,,,,987758592,19919.41766376761,,
,,,,,,,train,,,,2.9699857383966446,2.41679397705529e-06,0.4179315765664531,41.793157656645306,,,,,,,,,stage4_cpt_8k,,,,logs/l20_stage4_hq_crossdedup_train_latest.log,,1885,26.305121660232544,,,,988282880,19931.023576773878,,
,,,,,,,train,,,,2.8699373453855515,2.416195495790387e-06,0.4177590041679299,41.775900416792986,,,,,,,,,stage4_cpt_8k,,,,logs/l20_stage4_hq_crossdedup_train_latest.log,,1886,26.315988063812256,,,,988807168,19922.793654134573,,
,,,,,,,train,,,,2.928866147994995,2.415596798768696e-06,0.41784578181920806,41.78457818192081,,,,,,,,,stage4_cpt_8k,,,,logs/l20_stage4_hq_crossdedup_train_latest.log,,1887,26.31052279472351,,,,989331456,19926.932052644133,,
,,,,,,,train,,,,2.9172274321317673,2.414997886177102e-06,0.41786453670659257,41.786453670659256,,,,,,,,,stage4_cpt_8k,,,,logs/l20_stage4_hq_crossdedup_train_latest.log,,1888,26.30934190750122,,,,989855744,19927.826467241164,,
,,,,,,,train,,,,2.995408207178116,2.4143987582025544e-06,0.4183562891468189,41.83562891468189,,,,,,,,,stage4_cpt_8k,,,,logs/l20_stage4_hq_crossdedup_train_latest.log,,1889,26.278416872024536,,,,990380032,19951.27798425887,,
,,,,,,,train,,,,2.935107961297035,2.413799415032072e-06,0.4178506095366372,41.785060953663724,,,,,,,,,stage4_cpt_8k,,,,logs/l20_stage4_hq_crossdedup_train_latest.log,,1890,26.310218811035156,,,,990904320,19927.162284948412,,
,,,,,,,train,,,,2.9147797375917435,2.413199856852739e-06,0.417570218994236,41.7570218994236,,,,,,,,,stage4_cpt_8k,,,,logs/l20_stage4_hq_crossdedup_train_latest.log,,1891,26.327885627746582,,,,991428608,19913.79054941884,,
,,,,,,,train,,,,2.896873340010643,2.412600083851708e-06,0.4176036152860556,41.76036152860556,,,,,,,,,stage4_cpt_8k,,,,logs/l20_stage4_hq_crossdedup_train_latest.log,,1892,26.325780153274536,,,,991952896,19915.38320792314,,
,,,,,,,train,,,,3.019733428955078,2.4120000962161987e-06,0.4179162169679597,41.79162169679597,,,,,,,,,stage4_cpt_8k,,,,logs/l20_stage4_hq_crossdedup_train_latest.log,,1893,26.3060884475708,,,,992477184,19930.29108242106,,
,,,,,,,train,,,,2.978239819407463,2.411399894133496e-06,0.4179924616815382,41.79924616815382,,,,,,,,,stage4_cpt_8k,,,,logs/l20_stage4_hq_crossdedup_train_latest.log,,1894,26.301290035247803,,,,993001472,19933.927168491464,,
,,,,,,,train,,,,2.929142117500305,2.4107994777909547e-06,0.4176451610570954,41.76451610570954,,,,,,,,,stage4_cpt_8k,,,,logs/l20_stage4_hq_crossdedup_train_latest.log,,1895,26.323161363601685,,,,993525760,19917.36451249197,,
,,,,,,,train,,,,2.9125892519950867,2.4101988473759937e-06,0.4177933580984789,41.779335809847886,,,,,,,,,stage4_cpt_8k,,,,logs/l20_stage4_hq_crossdedup_train_latest.log,,1896,26.31382417678833,,,,994050048,19924.431982124413,,
,,,,,,,train,,,,2.9163495302200317,2.409598003076101e-06,0.4179151564208308,41.791515642083084,,,,,,,,,stage4_cpt_8k,,,,logs/l20_stage4_hq_crossdedup_train_latest.log,,1897,26.30615520477295,,,,994574336,19930.240505266767,,
,,,,,,,train,,,,2.9036275893449783,2.4089969450788287e-06,0.41784336989550536,41.78433698955054,,,,,,,,,stage4_cpt_8k,,,,logs/l20_stage4_hq_crossdedup_train_latest.log,,1898,26.3106746673584,,,,995098624,19926.817028772097,,
,,,,,,,train,,,,2.9893194288015366,2.4083956735717985e-06,0.4177269226384944,41.77269226384944,,,,,,,,,stage4_cpt_8k,,,,logs/l20_stage4_hq_crossdedup_train_latest.log,,1899,26.3180091381073,,,,995622912,19921.263696228998,,
,,,,,,,train,,,,2.9308229237794876,2.407794188742697e-06,0.4179122702448293,41.79122702448293,,,,,,,,,stage4_cpt_8k,,,,logs/l20_stage4_hq_crossdedup_train_latest.log,,1900,26.306336879730225,,,,996147200,19930.102864453875,,
,,,,,,,train,,,,2.971099704504013,2.407192490779277e-06,0.4181590496610712,41.81590496610712,,,,,,,,,stage4_cpt_8k,,,,logs/l20_stage4_hq_crossdedup_train_latest.log,,1901,26.290812015533447,,,,996671488,19941.871696098013,,
,,,,,,,train,,,,2.9270363450050354,2.40659057986936e-06,0.4179303189687289,41.79303189687289,,,,,,,,,stage4_cpt_8k,,,,logs/l20_stage4_hq_crossdedup_train_latest.log,,1902,26.305200815200806,,,,997195776,19930.963602339554,,
,,,,,,,train,,,,2.9306346476078033,2.4059884562008315e-06,0.4181406361270239,41.81406361270239,,,,,,,,,stage4_cpt_8k,,,,logs/l20_stage4_hq_crossdedup_train_latest.log,,1903,26.291969776153564,,,,997720064,19940.993560532752,,
,,,,,,,train,,,,2.885638937354088,2.4053861199616454e-06,0.418421744140269,41.8421744140269,,,,,,,,,stage4_cpt_8k,,,,logs/l20_stage4_hq_crossdedup_train_latest.log,,1904,26.274306058883667,,,,998244352,19954.399512018008,,
,,,,,,,train,,,,2.913709595799446,2.40478357133982e-06,0.4179702476027641,41.79702476027641,,,,,,,,,stage4_cpt_8k,,,,logs/l20_stage4_hq_crossdedup_train_latest.log,,1905,26.302687883377075,,,,998768640,19932.867786160463,,
,,,,,,,train,,,,2.9292967319488525,2.404180810523442e-06,0.4180492863618921,41.80492863618921,,,,,,,,,stage4_cpt_8k,,,,logs/l20_stage4_hq_crossdedup_train_latest.log,,1906,26.297714948654175,,,,999292928,19936.637119371895,,
,,,,,,,train,,,,2.9707986414432526,2.4035778377006624e-06,0.41788403933398915,41.78840393339892,,,,,,,,,stage4_cpt_8k,,,,logs/l20_stage4_hq_crossdedup_train_latest.log,,1907,26.308114051818848,,,,999817216,19928.756541320858,,
,,,,,,,train,,,,2.9423233419656754,2.4029746530596997e-06,0.41783965929802586,41.783965929802584,,,,,,,,,stage4_cpt_8k,,,,logs/l20_stage4_hq_crossdedup_train_latest.log,,1908,26.310908317565918,,,,1000341504,19926.640071561887,,
,,,,,,,train,,,,2.9371815621852875,2.4023712567888384e-06,0.4182081021890899,41.82081021890899,,,,,,,,,stage4_cpt_8k,,,,logs/l20_stage4_hq_crossdedup_train_latest.log,,1909,26.287728309631348,,,,1000865792,19944.210995512698,,
,,,,,,,train,,,,2.9310485124588013,2.4017676490764277e-06,0.4184560020976814,41.84560020976814,,,,,,,,,stage4_cpt_8k,,,,logs/l20_stage4_hq_crossdedup_train_latest.log,,1910,26.272155046463013,,,,1001390080,19956.033263079582,,
,,,,,,,train,,,,3.0000905990600586,2.401163830110885e-06,0.41834533136602875,41.83453313660287,,,,,,,,,stage4_cpt_8k,,,,logs/l20_stage4_hq_crossdedup_train_latest.log,,1911,26.279105186462402,,,,1001914368,19950.75541118825,,
,,,,,,,train,,,,2.937495395541191,2.400559800080692e-06,0.41779584136926323,41.779584136926324,,,,,,,,,stage4_cpt_8k,,,,logs/l20_stage4_hq_crossdedup_train_latest.log,,1912,26.31366777420044,,,,1002438656,19924.550408516014,,
,,,,,,,train,,,,2.9180461913347244,2.399955559174396e-06,0.41790035856225943,41.79003585622594,,,,,,,,,stage4_cpt_8k,,,,logs/l20_stage4_hq_crossdedup_train_latest.log,,1913,26.3070867061615,,,,1002962944,19929.534800111644,,
,,,,,,,train,,,,2.919432654976845,2.399351107580613e-06,0.4178584628619858,41.78584628619858,,,,,,,,,stage4_cpt_8k,,,,logs/l20_stage4_hq_crossdedup_train_latest.log,,1914,26.3097243309021,,,,1003487232,19927.53680752927,,
,,,,,,,train,,,,2.9806538224220276,2.3987464454880204e-06,0.4177036848675839,41.77036848675839,,,,,,,,,stage4_cpt_8k,,,,logs/l20_stage4_hq_crossdedup_train_latest.log,,1915,26.319473266601562,,,,1004011520,19920.15549434654,,
,,,,,,,train,,,,2.921021804213524,2.398141573085365e-06,0.41805404676963587,41.80540467696359,,,,,,,,,stage4_cpt_8k,,,,logs/l20_stage4_hq_crossdedup_train_latest.log,,1916,26.297415494918823,,,,1004535808,19936.864141698745,,
,,,,,,,train,,,,2.9665892124176025,2.3975364905614574e-06,0.41784530851958224,41.78453085195822,,,,,,,,,stage4_cpt_8k,,,,logs/l20_stage4_hq_crossdedup_train_latest.log,,1917,26.3105525970459,,,,1005060096,19926.90948113595,,
,,,,,,,train,,,,2.9202824532985687,2.396931198105174e-06,0.4178587922991532,41.78587922991532,,,,,,,,,stage4_cpt_8k,,,,logs/l20_stage4_hq_crossdedup_train_latest.log,,1918,26.309703588485718,,,,1005584384,19927.5525182827,,
,,,,,,,train,,,,2.899502530694008,2.3963256959054574e-06,0.41812342609596465,41.81234260959646,,,,,,,,,stage4_cpt_8k,,,,logs/l20_stage4_hq_crossdedup_train_latest.log,,1919,26.293051958084106,,,,1006108672,19940.172819641102,,
,,,,,,,train,,,,2.937979593873024,2.3957199841513142e-06,0.41813273806730294,41.813273806730294,,,,,,,,,stage4_cpt_8k,,,,logs/l20_stage4_hq_crossdedup_train_latest.log,,1920,26.292466402053833,,,,1006632960,19940.61690458394,,
,,,,,,,train,,,,2.929055854678154,2.3951140630318184e-06,0.41801917247299913,41.80191724729991,,,,,,,,,stage4_cpt_8k,,,,logs/l20_stage4_hq_crossdedup_train_latest.log,,1921,26.299609422683716,,,,1007157248,19935.200997616168,,
,,,,,,,train,,,,2.9588689655065536,2.3945079327361086e-06,0.41774367995846784,41.77436799584678,,,,,,,,,stage4_cpt_8k,,,,logs/l20_stage4_hq_crossdedup_train_latest.log,,1922,26.316953420639038,,,,1007681536,19922.062847473364,,
,,,,,,,train,,,,2.946034714579582,2.3939015934533873e-06,0.4178205696943337,41.78205696943337,,,,,,,,,stage4_cpt_8k,,,,logs/l20_stage4_hq_crossdedup_train_latest.log,,1923,26.312110424041748,,,,1008205824,19925.72969445091,,
,,,,,,,train,,,,2.966340109705925,2.393295045372924e-06,0.4178964159259686,41.78964159259686,,,,,,,,,stage4_cpt_8k,,,,logs/l20_stage4_hq_crossdedup_train_latest.log,,1924,26.307334899902344,,,,1008730112,19929.346777044535,,
,,,,,,,train,,,,2.9625118523836136,2.3926882886840535e-06,0.41759599466756453,41.759599466756455,,,,,,,,,stage4_cpt_8k,,,,logs/l20_stage4_hq_crossdedup_train_latest.log,,1925,26.326260566711426,,,,1009254400,19915.019783058084,,
,,,,,,,train,,,,2.9243259578943253,2.3920813235761743e-06,0.41778901244563776,41.77890124456378,,,,,,,,,stage4_cpt_8k,,,,logs/l20_stage4_hq_crossdedup_train_latest.log,,1926,26.31409788131714,,,,1009778688,19924.224739326575,,
,,,,,,,train,,,,2.93413582444191,2.3914741502387506e-06,0.41798486475410224,41.79848647541022,,,,,,,,,stage4_cpt_8k,,,,logs/l20_stage4_hq_crossdedup_train_latest.log,,1927,26.3017680644989,,,,1010302976,19933.564873445273,,
,,,,,,,train,,,,2.930575892329216,2.3908667688613114e-06,0.41790464971973373,41.79046497197337,,,,,,,,,stage4_cpt_8k,,,,logs/l20_stage4_hq_crossdedup_train_latest.log,,1928,26.306816577911377,,,,1010827264,19929.73944404282,,
,,,,,,,train,,,,2.9814295023679733,2.3902591796334515e-06,0.417851817430053,41.7851817430053,,,,,,,,,stage4_cpt_8k,,,,logs/l20_stage4_hq_crossdedup_train_latest.log,,1929,26.310142755508423,,,,1011351552,19927.219889000124,,
,,,,,,,train,,,,2.969959631562233,2.38965138274483e-06,0.417651675082141,41.7651675082141,,,,,,,,,stage4_cpt_8k,,,,logs/l20_stage4_hq_crossdedup_train_latest.log,,1930,26.32275080680847,,,,1011875840,19917.675164268585,,
,,,,,,,train,,,,2.9143531173467636,2.3890433783851704e-06,0.4178904282603992,41.78904282603992,,,,,,,,,stage4_cpt_8k,,,,logs/l20_stage4_hq_crossdedup_train_latest.log,,1931,26.307711839675903,,,,1012400128,19929.061227183447,,
,,,,,,,train,,,,2.925397291779518,2.3884351667442618e-06,0.4180629235519792,41.80629235519792,,,,,,,,,stage4_cpt_8k,,,,logs/l20_stage4_hq_crossdedup_train_latest.log,,1932,26.296857118606567,,,,1012924416,19937.28747261723,,
,,,,,,,train,,,,2.9137082993984222,2.387826748011957e-06,0.4180238412438219,41.80238412438219,,,,,,,,,stage4_cpt_8k,,,,logs/l20_stage4_hq_crossdedup_train_latest.log,,1933,26.299315690994263,,,,1013448704,19935.423649807482,,
,,,,,,,train,,,,2.910386487841606,2.3872181223781736e-06,0.41787957061004893,41.787957061004896,,,,,,,,,stage4_cpt_8k,,,,logs/l20_stage4_hq_crossdedup_train_latest.log,,1934,26.308395385742188,,,,1013972992,19928.54342930156,,
,,,,,,,train,,,,2.9538411796092987,2.386609290032896e-06,0.4177707715319621,41.77707715319621,,,,,,,,,stage4_cpt_8k,,,,logs/l20_stage4_hq_crossdedup_train_latest.log,,1935,26.31524682044983,,,,1014497280,19923.354835971775,,
,,,,,,,train,,,,2.952449694275856,2.386000251166169e-06,0.4176331851626282,41.76331851626282,,,,,,,,,stage4_cpt_8k,,,,logs/l20_stage4_hq_crossdedup_train_latest.log,,1936,26.32391619682312,,,,1015021568,19916.79338590484,,
,,,,,,,train,,,,2.95624440908432,2.3853910059681065e-06,0.4177954514635127,41.77954514635127,,,,,,,,,stage4_cpt_8k,,,,logs/l20_stage4_hq_crossdedup_train_latest.log,,1937,26.313692331314087,,,,1015545856,19924.53181403514,,
,,,,,,,train,,,,2.918912500143051,2.3847815546288832e-06,0.4181835251837983,41.81835251837983,,,,,,,,,stage4_cpt_8k,,,,logs/l20_stage4_hq_crossdedup_train_latest.log,,1938,26.289273262023926,,,,1016070144,19943.03892596979,,
,,,,,,,train,,,,2.9603580981492996,2.384171897338739e-06,0.41806542139942965,41.80654213994296,,,,,,,,,stage4_cpt_8k,,,,logs/l20_stage4_hq_crossdedup_train_latest.log,,1939,26.29670000076294,,,,1016594432,19937.40659416539,,
,,,,,,,train,,,,2.8886604458093643,2.3835620342879794e-06,0.4180296205079938,41.80296205079938,,,,,,,,,stage4_cpt_8k,,,,logs/l20_stage4_hq_crossdedup_train_latest.log,,1940,26.298952102661133,,,,1017118720,19935.6992610724,,
,,,,,,,train,,,,2.9233075976371765,2.382951965666973e-06,0.41762798422212083,41.762798422212086,,,,,,,,,stage4_cpt_8k,,,,logs/l20_stage4_hq_crossdedup_train_latest.log,,1941,26.324244022369385,,,,1017643008,19916.54535471101,,
,,,,,,,train,,,,2.9508847445249557,2.3823416916661526e-06,0.4176664704664774,41.76664704664774,,,,,,,,,stage4_cpt_8k,,,,logs/l20_stage4_hq_crossdedup_train_latest.log,,1942,26.321818351745605,,,,1018167296,19918.38075142823,,
,,,,,,,train,,,,2.9268149733543396,2.3817312124760157e-06,0.4180663348837203,41.80663348837203,,,,,,,,,stage4_cpt_8k,,,,logs/l20_stage4_hq_crossdedup_train_latest.log,,1943,26.296642541885376,,,,1018691584,19937.450157939835,,
,,,,,,,train,,,,2.9845250248908997,2.3811205282871233e-06,0.4179103764502163,41.791037645021625,,,,,,,,,stage4_cpt_8k,,,,logs/l20_stage4_hq_crossdedup_train_latest.log,,1944,26.306456089019775,,,,1019215872,19930.01254999285,,
,,,,,,,train,,,,2.9064808785915375,2.3805096392901006e-06,0.4182129155242216,41.82129155242216,,,,,,,,,stage4_cpt_8k,,,,logs/l20_stage4_hq_crossdedup_train_latest.log,,1945,26.287425756454468,,,,1019740160,19944.440541929795,,
,,,,,,,train,,,,2.9482351541519165,2.3798985456756367e-06,0.41842631179696027,41.84263117969603,,,,,,,,,stage4_cpt_8k,,,,logs/l20_stage4_hq_crossdedup_train_latest.log,,1946,26.274019241333008,,,,1020264448,19954.61734210865,,
,,,,,,,train,,,,2.8913011848926544,2.3792872476344847e-06,0.41799098395332135,41.79909839533214,,,,,,,,,stage4_cpt_8k,,,,logs/l20_stage4_hq_crossdedup_train_latest.log,,1947,26.301383018493652,,,,1020788736,19933.85669610416,,
,,,,,,,train,,,,2.8555887937545776,2.378675745357461e-06,0.4179930338303972,41.79930338303972,,,,,,,,,stage4_cpt_8k,,,,logs/l20_stage4_hq_crossdedup_train_latest.log,,1948,26.30125403404236,,,,1021313024,19933.954454088052,,
,,,,,,,train,,,,2.9417659640312195,2.378064039035446e-06,0.4180715657005186,41.80715657005186,,,,,,,,,stage4_cpt_8k,,,,logs/l20_stage4_hq_crossdedup_train_latest.log,,1949,26.296313524246216,,,,1021837312,19937.699613924447,,
,,,,,,,train,,,,2.9361603409051895,2.3774521288593845e-06,0.4181296896401411,41.81296896401411,,,,,,,,,stage4_cpt_8k,,,,logs/l20_stage4_hq_crossdedup_train_latest.log,,1950,26.29265809059143,,,,1022361600,19940.471526064965,,
,,,,,,,train,,,,2.940562456846237,2.3768400150202846e-06,0.4182185065663754,41.82185065663754,,,,,,,,,stage4_cpt_8k,,,,logs/l20_stage4_hq_crossdedup_train_latest.log,,1951,26.287074327468872,,,,1022885888,19944.707176946707,,
,,,,,,,train,,,,2.950683131814003,2.376227697709217e-06,0.4178204901895169,41.78204901895169,,,,,,,,,stage4_cpt_8k,,,,logs/l20_stage4_hq_crossdedup_train_latest.log,,1952,26.31211543083191,,,,1023410176,19925.725902891558,,
,,,,,,,train,,,,2.971395179629326,2.3756151771173167e-06,0.4174979158540302,41.74979158540302,,,,,,,,,stage4_cpt_8k,,,,logs/l20_stage4_hq_crossdedup_train_latest.log,,1953,26.33244514465332,,,,1023934464,19910.342435725313,,
,,,,,,,train,,,,2.932901233434677,2.3750024534357824e-06,0.418128836543485,41.8128836543485,,,,,,,,,stage4_cpt_8k,,,,logs/l20_stage4_hq_crossdedup_train_latest.log,,1954,26.29271173477173,,,,1024458752,19940.43084215755,,
,,,,,,,train,,,,2.941659316420555,2.374389526855876e-06,0.4181634181839219,41.81634181839219,,,,,,,,,stage4_cpt_8k,,,,logs/l20_stage4_hq_crossdedup_train_latest.log,,1955,26.290537357330322,,,,1024983040,19942.08002955931,,
,,,,,,,train,,,,2.9099295139312744,2.3737763975689227e-06,0.417630393659909,41.7630393659909,,,,,,,,,stage4_cpt_8k,,,,logs/l20_stage4_hq_crossdedup_train_latest.log,,1956,26.324092149734497,,,,1025507328,19916.660260030578,,
,,,,,,,train,,,,2.946140006184578,2.37316306576631e-06,0.41777115382155117,41.77711538215512,,,,,,,,,stage4_cpt_8k,,,,logs/l20_stage4_hq_crossdedup_train_latest.log,,1957,26.31522274017334,,,,1026031616,19923.373067240336,,
,,,,,,,train,,,,2.9546492099761963,2.3725495316394903e-06,0.4176984254150463,41.76984254150463,,,,,,,,,stage4_cpt_8k,,,,logs/l20_stage4_hq_crossdedup_train_latest.log,,1958,26.319804668426514,,,,1026555904,19919.904672732653,,
,,,,,,,train,,,,2.954981505870819,2.371935795379979e-06,0.41811813331993264,41.811813331993264,,,,,,,,,stage4_cpt_8k,,,,logs/l20_stage4_hq_crossdedup_train_latest.log,,1959,26.293384790420532,,,,1027080192,19939.920408840397,,
,,,,,,,train,,,,2.9322291910648346,2.3713218571793525e-06,0.41797156227100973,41.79715622710097,,,,,,,,,stage4_cpt_8k,,,,logs/l20_stage4_hq_crossdedup_train_latest.log,,1960,26.302605152130127,,,,1027604480,19932.930482269752,,
,,,,,,,train,,,,2.989057779312134,2.3707077172292532e-06,0.41795361227032957,41.795361227032956,,,,,,,,,stage4_cpt_8k,,,,logs/l20_stage4_hq_crossdedup_train_latest.log,,1961,26.30373477935791,,,,1028128768,19932.07445246291,,
,,,,,,,train,,,,2.92314775288105,2.3700933757213834e-06,0.41791482689478326,41.79148268947833,,,,,,,,,stage4_cpt_8k,,,,logs/l20_stage4_hq_crossdedup_train_latest.log,,1962,26.30617594718933,,,,1028653056,19930.224790274668,,
,,,,,,,train,,,,2.9699725806713104,2.3694788328475113e-06,0.41777897009376497,41.777897009376495,,,,,,,,,stage4_cpt_8k,,,,logs/l20_stage4_hq_crossdedup_train_latest.log,,1963,26.314730405807495,,,,1029177344,19923.74582276902,,
,,,,,,,train,,,,2.9203856885433197,2.3688640887994658e-06,0.4179753168878186,41.79753168878186,,,,,,,,,stage4_cpt_8k,,,,logs/l20_stage4_hq_crossdedup_train_latest.log,,1964,26.302368879318237,,,,1029701632,19933.109538747736,,
,,,,,,,train,,,,2.971551015973091,2.36824914376914e-06,0.41796249615352316,41.796249615352316,,,,,,,,,stage4_cpt_8k,,,,logs/l20_stage4_hq_crossdedup_train_latest.log,,1965,26.303175687789917,,,,1030225920,19932.498122018682,,
,,,,,,,train,,,,2.981047213077545,2.367633997948488e-06,0.4178650365570297,41.78650365570297,,,,,,,,,stage4_cpt_8k,,,,logs/l20_stage4_hq_crossdedup_train_latest.log,,1966,26.30931043624878,,,,1030750208,19927.850304949072,,
,,,,,,,train,,,,2.943522810935974,2.3670186515295285e-06,0.4182100517850839,41.82100517850839,,,,,,,,,stage4_cpt_8k,,,,logs/l20_stage4_hq_crossdedup_train_latest.log,,1967,26.28760576248169,,,,1031274496,19944.303971123783,,
,,,,,,,train,,,,2.9089226126670837,2.366403104704342e-06,0.4183646967006756,41.83646967006756,,,,,,,,,stage4_cpt_8k,,,,logs/l20_stage4_hq_crossdedup_train_latest.log,,1968,26.277888774871826,,,,1031798784,19951.678937820503,,
,,,,,,,train,,,,2.9539435505867004,2.365787357665071e-06,0.4183552415475318,41.83552415475318,,,,,,,,,stage4_cpt_8k,,,,logs/l20_stage4_hq_crossdedup_train_latest.log,,1969,26.278482675552368,,,,1032323072,19951.22802458303,,
,,,,,,,train,,,,2.8762389719486237,2.365171410603922e-06,0.4177186769260389,41.77186769260389,,,,,,,,,stage4_cpt_8k,,,,logs/l20_stage4_hq_crossdedup_train_latest.log,,1970,26.318528652191162,,,,1032847360,19920.870460832168,,
,,,,,,,train,,,,2.952443554997444,2.3645552637131613e-06,0.4178181088449815,41.78181088449815,,,,,,,,,stage4_cpt_8k,,,,logs/l20_stage4_hq_crossdedup_train_latest.log,,1971,26.312265396118164,,,,1033371648,19925.612337330254,,
,,,,,,,train,,,,2.9089886993169785,2.363938917185121e-06,0.4181525197997074,41.81525197997074,,,,,,,,,stage4_cpt_8k,,,,logs/l20_stage4_hq_crossdedup_train_latest.log,,1972,26.29122257232666,,,,1033895936,19941.560289092435,,
,,,,,,,train,,,,2.9387436360120773,2.3633223712121934e-06,0.4183274327412427,41.83274327412427,,,,,,,,,stage4_cpt_8k,,,,logs/l20_stage4_hq_crossdedup_train_latest.log,,1973,26.280229568481445,,,,1034420224,19949.901831481413,,
,,,,,,,train,,,,2.8857996463775635,2.3627056259868326e-06,0.4179246825996158,41.79246825996158,,,,,,,,,stage4_cpt_8k,,,,logs/l20_stage4_hq_crossdedup_train_latest.log,,1974,26.30555558204651,,,,1034944512,19930.694805694413,,
,,,,,,,train,,,,2.939239889383316,2.362088681701556e-06,0.4177338138668096,41.77338138668096,,,,,,,,,stage4_cpt_8k,,,,logs/l20_stage4_hq_crossdedup_train_latest.log,,1975,26.317574977874756,,,,1035468800,19921.59233670922,,
,,,,,,,train,,,,2.948038250207901,2.361471538548944e-06,0.41759278766164576,41.75927876616458,,,,,,,,,stage4_cpt_8k,,,,logs/l20_stage4_hq_crossdedup_train_latest.log,,1976,26.326462745666504,,,,1035993088,19914.86684196877,,
,,,,,,,train,,,,2.896348312497139,2.360854196721637e-06,0.41777421216345106,41.777421216345104,,,,,,,,,stage4_cpt_8k,,,,logs/l20_stage4_hq_crossdedup_train_latest.log,,1977,26.315030097961426,,,,1036517376,19923.51891859001,,
,,,,,,,train,,,,2.8920357525348663,2.3602366564123376e-06,0.41778706298789237,41.77870629878924,,,,,,,,,stage4_cpt_8k,,,,logs/l20_stage4_hq_crossdedup_train_latest.log,,1978,26.314220666885376,,,,1037041664,19924.131770308522,,
,,,,,,,train,,,,2.942015767097473,2.3596189178138116e-06,0.41830172986785213,41.830172986785215,,,,,,,,,stage4_cpt_8k,,,,logs/l20_stage4_hq_crossdedup_train_latest.log,,1979,26.2818443775177,,,,1037565952,19948.676069647994,,
,,,,,,,train,,,,2.8702604174613953,2.3590009811188877e-06,0.41856385141437347,41.85638514143734,,,,,,,,,stage4_cpt_8k,,,,logs/l20_stage4_hq_crossdedup_train_latest.log,,1980,26.265385627746582,,,,1038090240,19961.176562591398,,
,,,,,,,train,,,,2.939047157764435,2.358382846520453e-06,0.4181217692455068,41.812176924550684,,,,,,,,,stage4_cpt_8k,,,,logs/l20_stage4_hq_crossdedup_train_latest.log,,1981,26.293156147003174,,,,1038614528,19940.09380497126,,
,,,,,,,train,,,,2.9887634366750717,2.357764514211459e-06,0.4179463311773155,41.79463311773155,,,,,,,,,stage4_cpt_8k,,,,logs/l20_stage4_hq_crossdedup_train_latest.log,,1982,26.304193019866943,,,,1039138816,19931.727219459557,,
,,,,,,,train,,,,2.9417884051799774,2.3571459843849187e-06,0.41775756972275946,41.77575697227594,,,,,,,,,stage4_cpt_8k,,,,logs/l20_stage4_hq_crossdedup_train_latest.log,,1983,26.316078424453735,,,,1039663104,19922.725245901947,,
,,,,,,,train,,,,2.946593791246414,2.356527257233905e-06,0.41770765413924543,41.77076541392454,,,,,,,,,stage4_cpt_8k,,,,logs/l20_stage4_hq_crossdedup_train_latest.log,,1984,26.319223165512085,,,,1040187392,19920.34478764598,,
,,,,,,,train,,,,3.024735301733017,2.3559083329515555e-06,0.41771258840099357,41.77125884009936,,,,,,,,,stage4_cpt_8k,,,,logs/l20_stage4_hq_crossdedup_train_latest.log,,1985,26.318912267684937,,,,1040711680,19920.580101014843,,
,,,,,,,train,,,,2.902950793504715,2.355289211731066e-06,0.4176064934182995,41.76064934182995,,,,,,,,,stage4_cpt_8k,,,,logs/l20_stage4_hq_crossdedup_train_latest.log,,1986,26.32559871673584,,,,1041235968,19915.520465131798,,
,,,,,,,train,,,,2.895988181233406,2.3546698937656962e-06,0.4177480700838616,41.77480700838616,,,,,,,,,stage4_cpt_8k,,,,logs/l20_stage4_hq_crossdedup_train_latest.log,,1987,26.31667685508728,,,,1041760256,19922.272211153053,,
,,,,,,,train,,,,2.9247536063194275,2.354050379248766e-06,0.41789112889551366,41.78911288955137,,,,,,,,,stage4_cpt_8k,,,,logs/l20_stage4_hq_crossdedup_train_latest.log,,1988,26.30766773223877,,,,1042284544,19929.09464024857,,
,,,,,,,train,,,,2.9544183015823364,2.353430668373657e-06,0.4179735664929816,41.79735664929816,,,,,,,,,stage4_cpt_8k,,,,logs/l20_stage4_hq_crossdedup_train_latest.log,,1989,26.302479028701782,,,,1042808832,19933.026062976292,,
,,,,,,,train,,,,2.914378046989441,2.3528107613338116e-06,0.4180091607365328,41.80091607365328,,,,,,,,,stage4_cpt_8k,,,,logs/l20_stage4_hq_crossdedup_train_latest.log,,1990,26.300239324569702,,,,1043333120,19934.72354109758,,
,,,,,,,train,,,,2.9302077144384384,2.3521906583227343e-06,0.4182612750182253,41.826127501822526,,,,,,,,,stage4_cpt_8k,,,,logs/l20_stage4_hq_crossdedup_train_latest.log,,1991,26.28438639640808,,,,1043857408,19946.746790773366,,
,,,,,,,train,,,,2.938664510846138,2.3515703595339905e-06,0.4179588667858913,41.79588667858913,,,,,,,,,stage4_cpt_8k,,,,logs/l20_stage4_hq_crossdedup_train_latest.log,,1992,26.303404092788696,,,,1044381696,19932.325038633993,,
,,,,,,,train,,,,2.919178456068039,2.3509498651612066e-06,0.41791453903337383,41.791453903337384,,,,,,,,,stage4_cpt_8k,,,,logs/l20_stage4_hq_crossdedup_train_latest.log,,1993,26.306194067001343,,,,1044905984,19930.211062255876,,
,,,,,,,train,,,,2.9842274636030197,2.3503291753980693e-06,0.41762698565636663,41.76269856563666,,,,,,,,,stage4_cpt_8k,,,,logs/l20_stage4_hq_crossdedup_train_latest.log,,1994,26.324306964874268,,,,1045430272,19916.49773342871,,
,,,,,,,train,,,,2.9466181099414825,2.3497082904383276e-06,0.4176841650191721,41.76841650191721,,,,,,,,,stage4_cpt_8k,,,,logs/l20_stage4_hq_crossdedup_train_latest.log,,1995,26.320703268051147,,,,1045954560,19919.224599002122,,
,,,,,,,train,,,,2.9714571088552475,2.349087210475791e-06,0.41827210698374934,41.827210698374934,,,,,,,,,stage4_cpt_8k,,,,logs/l20_stage4_hq_crossdedup_train_latest.log,,1996,26.283705711364746,,,,1046478848,19947.263363754086,,
,,,,,,,train,,,,2.942362532019615,2.348465935704329e-06,0.4180899087075981,41.80899087075981,,,,,,,,,stage4_cpt_8k,,,,logs/l20_stage4_hq_crossdedup_train_latest.log,,1997,26.295159816741943,,,,1047003136,19938.574386081105,,
,,,,,,,train,,,,2.898277997970581,2.3478444663178736e-06,0.4174698278252567,41.74698278252567,,,,,,,,,stage4_cpt_8k,,,,logs/l20_stage4_hq_crossdedup_train_latest.log,,1998,26.334216833114624,,,,1047527424,19909.00292659248,,
,,,,,,,train,,,,2.951172322034836,2.3472228025104158e-06,0.41771126022551397,41.7711260225514,,,,,,,,,stage4_cpt_8k,,,,logs/l20_stage4_hq_crossdedup_train_latest.log,,1999,26.3189959526062,,,,1048051712,19920.516760749877,,
,,,,,,,train,,,,2.9558908194303513,2.3466009444760085e-06,0.4181227095160088,41.81227095160088,,,,,,,,,stage4_cpt_8k,,,,logs/l20_stage4_hq_crossdedup_train_latest.log,,2000,26.293097019195557,,,,1048576000,19940.138646171577,,
,,,,,,,eval,,,,2.9263729602098465,,,,,,,,,18.65982767178925,,,stage4_cpt_8k,,,,logs/l20_stage4_hq_crossdedup_train_latest.log,,2000,,,,,,,,
,,,,,,,checkpoint,,,,,,,,,,,runs/l20-edu-135m-stage4-hq-crossdedup-8k/step-002000,,,,,stage4_cpt_8k,,,,logs/l20_stage4_hq_crossdedup_train_latest.log,,2000,,,,,,,,
,,,,,,,train,,,,2.9267786145210266,2.3459788924087647e-06,0.31453351291830833,31.453351291830835,,,,,,,,,stage4_cpt_8k,,,,logs/l20_stage4_hq_crossdedup_train_latest.log,,2001,34.952526569366455,,,,1049100288,15000.002902780232,,
,,,,,,,train,,,,2.9322411715984344,2.3453566465028577e-06,0.4181200782858098,41.81200782858098,,,,,,,,,stage4_cpt_8k,,,,logs/l20_stage4_hq_crossdedup_train_latest.log,,2002,26.293262481689453,,,,1049624576,19940.013163642685,,
,,,,,,,train,,,,2.908059850335121,2.344734206952522e-06,0.41780854588101235,41.780854588101235,,,,,,,,,stage4_cpt_8k,,,,logs/l20_stage4_hq_crossdedup_train_latest.log,,2003,26.312867641448975,,,,1050148864,19925.156282628912,,
,,,,,,,train,,,,2.9811330288648605,2.344111573952052e-06,0.41793453876931447,41.793453876931444,,,,,,,,,stage4_cpt_8k,,,,logs/l20_stage4_hq_crossdedup_train_latest.log,,2004,26.304935216903687,,,,1050673152,19931.16484328347,,
,,,,,,,train,,,,2.9586164355278015,2.343488747695803e-06,0.4175550031597115,41.75550031597115,,,,,,,,,stage4_cpt_8k,,,,logs/l20_stage4_hq_crossdedup_train_latest.log,,2005,26.328845024108887,,,,1051197440,19913.064911123834,,
,,,,,,,train,,,,2.9674816876649857,2.34286572837819e-06,0.41788208898932927,41.78820889893293,,,,,,,,,stage4_cpt_8k,,,,logs/l20_stage4_hq_crossdedup_train_latest.log,,2006,26.308236837387085,,,,1051721728,19928.66353000614,,
,,,,,,,train,,,,2.9391186088323593,2.3422425161936888e-06,0.41778800932433163,41.778800932433164,,,,,,,,,stage4_cpt_8k,,,,logs/l20_stage4_hq_crossdedup_train_latest.log,,2007,26.3141610622406,,,,1052246016,19924.17690079145,,
,,,,,,,train,,,,2.9475859105587006,2.341619111336835e-06,0.41813243853082405,41.813243853082405,,,,,,,,,stage4_cpt_8k,,,,logs/l20_stage4_hq_crossdedup_train_latest.log,,2008,26.292485237121582,,,,1052770304,19940.602619784808,,
,,,,,,,train,,,,2.9428871870040894,2.3409955140022245e-06,0.41799664105662204,41.7996641056622,,,,,,,,,stage4_cpt_8k,,,,logs/l20_stage4_hq_crossdedup_train_latest.log,,2009,26.301027059555054,,,,1053294592,19934.1264815561,,
,,,,,,,train,,,,2.917161613702774,2.3403717243845136e-06,0.41792030012466136,41.792030012466135,,,,,,,,,stage4_cpt_8k,,,,logs/l20_stage4_hq_crossdedup_train_latest.log,,2010,26.30583143234253,,,,1053818880,19930.485806861732,,
,,,,,,,train,,,,2.912749946117401,2.3397477426784183e-06,0.417656789604252,41.7656789604252,,,,,,,,,stage4_cpt_8k,,,,logs/l20_stage4_hq_crossdedup_train_latest.log,,2011,26.322428464889526,,,,1054343168,19917.919074196652,,
,,,,,,,train,,,,2.924824893474579,2.339123569078715e-06,0.4176714756368889,41.76714756368889,,,,,,,,,stage4_cpt_8k,,,,logs/l20_stage4_hq_crossdedup_train_latest.log,,2012,26.321502923965454,,,,1054867456,19918.619446408633,,
,,,,,,,train,,,,2.980806976556778,2.338499203780238e-06,0.417581310160821,41.7581310160821,,,,,,,,,stage4_cpt_8k,,,,logs/l20_stage4_hq_crossdedup_train_latest.log,,2013,26.327186346054077,,,,1055391744,19914.319483615476,,
,,,,,,,train,,,,2.926034614443779,2.3378746469778845e-06,0.4179263568277944,41.79263568277944,,,,,,,,,stage4_cpt_8k,,,,logs/l20_stage4_hq_crossdedup_train_latest.log,,2014,26.305450201034546,,,,1055916032,19930.77464910221,,
,,,,,,,train,,,,2.948508158326149,2.3372498988666094e-06,0.4181490501828251,41.81490501828251,,,,,,,,,stage4_cpt_8k,,,,logs/l20_stage4_hq_crossdedup_train_latest.log,,2015,26.291440725326538,,,,1056440320,19941.39482417004,,
,,,,,,,train,,,,2.930679887533188,2.3366249596414286e-06,0.4181320783292975,41.81320783292975,,,,,,,,,stage4_cpt_8k,,,,logs/l20_stage4_hq_crossdedup_train_latest.log,,2016,26.292507886886597,,,,1056964608,19940.585441888903,,
,,,,,,,train,,,,2.919648513197899,2.3359998294974166e-06,0.41784877688410055,41.784877688410056,,,,,,,,,stage4_cpt_8k,,,,logs/l20_stage4_hq_crossdedup_train_latest.log,,2017,26.31033420562744,,,,1057488896,19927.074886333507,,
,,,,,,,train,,,,2.915237933397293,2.335374508629707e-06,0.41783514230248736,41.783514230248734,,,,,,,,,stage4_cpt_8k,,,,logs/l20_stage4_hq_crossdedup_train_latest.log,,2018,26.311192750930786,,,,1058013184,19926.424657485462,,
,,,,,,,train,,,,2.9619760513305664,2.3347489972334953e-06,0.41745101387026834,41.745101387026835,,,,,,,,,stage4_cpt_8k,,,,logs/l20_stage4_hq_crossdedup_train_latest.log,,2019,26.33540368080139,,,,1058537472,19908.105695080267,,
,,,,,,,train,,,,2.9415872246026993,2.3341232955040334e-06,0.4175550031597115,41.75550031597115,,,,,,,,,stage4_cpt_8k,,,,logs/l20_stage4_hq_crossdedup_train_latest.log,,2020,26.328845024108887,,,,1059061760,19913.064911123834,,
,,,,,,,train,,,,2.969618931412697,2.333497403636636e-06,0.4179895971717293,41.79895971717293,,,,,,,,,stage4_cpt_8k,,,,logs/l20_stage4_hq_crossdedup_train_latest.log,,2021,26.301470279693604,,,,1059586048,19933.790560932386,,
,,,,,,,train,,,,2.9234819412231445,2.3328713218266747e-06,0.41854065340274266,41.85406534027427,,,,,,,,,stage4_cpt_8k,,,,logs/l20_stage4_hq_crossdedup_train_latest.log,,2022,26.266841411590576,,,,1060110336,19960.07025681631,,
,,,,,,,train,,,,2.9559916257858276,2.3322450502695797e-06,0.41896732871656983,41.89673287165698,,,,,,,,,stage4_cpt_8k,,,,logs/l20_stage4_hq_crossdedup_train_latest.log,,2023,26.24009132385254,,,,1060634624,19980.418266434015,,
,,,,,,,train,,,,2.9457645565271378,2.3316185891608438e-06,0.41833097742783276,41.83309774278327,,,,,,,,,stage4_cpt_8k,,,,logs/l20_stage4_hq_crossdedup_train_latest.log,,2024,26.280006885528564,,,,1061158912,19950.07087645423,,
,,,,,,,train,,,,2.949431374669075,2.330991938696015e-06,0.4180993367069612,41.80993367069612,,,,,,,,,stage4_cpt_8k,,,,logs/l20_stage4_hq_crossdedup_train_latest.log,,2025,26.294566869735718,,,,1061683200,19939.024004363437,,
,,,,,,,train,,,,2.958083540201187,2.330365099070704e-06,0.4178610226403057,41.786102264030575,,,,,,,,,stage4_cpt_8k,,,,logs/l20_stage4_hq_crossdedup_train_latest.log,,2026,26.309563159942627,,,,1062207488,19927.658882540843,,
,,,,,,,train,,,,2.9180840104818344,2.3297380704805774e-06,0.41782867555850156,41.78286755585015,,,,,,,,,stage4_cpt_8k,,,,logs/l20_stage4_hq_crossdedup_train_latest.log,,2027,26.31159996986389,,,,1062731776,19926.11626052751,,
,,,,,,,train,,,,2.9471884071826935,2.3291108531213643e-06,0.4179307848850754,41.79307848850754,,,,,,,,,stage4_cpt_8k,,,,logs/l20_stage4_hq_crossdedup_train_latest.log,,2028,26.305171489715576,,,,1063256064,19930.985821741506,,
,,,,,,,train,,,,2.943636491894722,2.3284834471888485e-06,0.41821543792296745,41.821543792296744,,,,,,,,,stage4_cpt_8k,,,,logs/l20_stage4_hq_crossdedup_train_latest.log,,2029,26.287267208099365,,,,1063780352,19944.560834321404,,
,,,,,,,train,,,,2.969451740384102,2.327855852878876e-06,0.41847188751210773,41.84718875121077,,,,,,,,,stage4_cpt_8k,,,,logs/l20_stage4_hq_crossdedup_train_latest.log,,2030,26.27115774154663,,,,1064304640,19956.790833426523,,
,,,,,,,train,,,,2.94741028547287,2.3272280703873506e-06,0.4185479438207649,41.85479438207649,,,,,,,,,stage4_cpt_8k,,,,logs/l20_stage4_hq_crossdedup_train_latest.log,,2031,26.26638388633728,,,,1064828928,19960.41793452633,,
,,,,,,,train,,,,2.92580708861351,2.3266000999102347e-06,0.41804524995459424,41.804524995459424,,,,,,,,,stage4_cpt_8k,,,,logs/l20_stage4_hq_crossdedup_train_latest.log,,2032,26.297968864440918,,,,1065353216,19936.44462439537,,
,,,,,,,train,,,,2.968166083097458,2.325971941643549e-06,0.4177706958311364,41.777069583113644,,,,,,,,,stage4_cpt_8k,,,,logs/l20_stage4_hq_crossdedup_train_latest.log,,2033,26.31525158882141,,,,1065877504,19923.351225823542,,
,,,,,,,train,,,,2.9495261013507843,2.3253435957833723e-06,0.418208435970772,41.8208435970772,,,,,,,,,stage4_cpt_8k,,,,logs/l20_stage4_hq_crossdedup_train_latest.log,,2034,26.287707328796387,,,,1066401792,19944.22691345465,,
,,,,,,,train,,,,2.992763727903366,2.324715062525845e-06,0.4177816197439432,41.778161974394315,,,,,,,,,stage4_cpt_8k,,,,logs/l20_stage4_hq_crossdedup_train_latest.log,,2035,26.314563512802124,,,,1066926080,19923.872183740845,,
,,,,,,,train,,,,2.950857490301132,2.3240863420671626e-06,0.41772183288767123,41.772183288767124,,,,,,,,,stage4_cpt_8k,,,,logs/l20_stage4_hq_crossdedup_train_latest.log,,2036,26.31832981109619,,,,1067450368,19921.02096763574,,
,,,,,,,train,,,,2.9345803558826447,2.3234574346035803e-06,0.4177384724810915,41.77384724810915,,,,,,,,,stage4_cpt_8k,,,,logs/l20_stage4_hq_crossdedup_train_latest.log,,2037,26.317281484603882,,,,1067974656,19921.814504538343,,
,,,,,,,train,,,,2.9007043838500977,2.3228283403314117e-06,0.4178812634120253,41.78812634120253,,,,,,,,,stage4_cpt_8k,,,,logs/l20_stage4_hq_crossdedup_train_latest.log,,2038,26.30828881263733,,,,1068498944,19928.62415848785,,
,,,,,,,train,,,,2.9342854022979736,2.3221990594470285e-06,0.4180367112202382,41.80367112202382,,,,,,,,,stage4_cpt_8k,,,,logs/l20_stage4_hq_crossdedup_train_latest.log,,2039,26.298506021499634,,,,1069023232,19936.037414877577,,
,,,,,,,train,,,,2.9468309432268143,2.3215695921468617e-06,0.4182167768928599,41.82167768928599,,,,,,,,,stage4_cpt_8k,,,,logs/l20_stage4_hq_crossdedup_train_latest.log,,2040,26.287183046340942,,,,1069547520,19944.624689368477,,
,,,,,,,train,,,,2.9424145817756653,2.3209399386273985e-06,0.41789785889949566,41.78978588994956,,,,,,,,,stage4_cpt_8k,,,,logs/l20_stage4_hq_crossdedup_train_latest.log,,2041,26.307244062423706,,,,1070071808,19929.415591991772,,
,,,,,,,train,,,,2.910988762974739,2.320310099085186e-06,0.41791792900539754,41.791792900539754,,,,,,,,,stage4_cpt_8k,,,,logs/l20_stage4_hq_crossdedup_train_latest.log,,2042,26.305980682373047,,,,1070596096,19930.372728940372,,
,,,,,,,train,,,,2.9350530952215195,2.3196800737168288e-06,0.41819883616714,41.819883616714,,,,,,,,,stage4_cpt_8k,,,,logs/l20_stage4_hq_crossdedup_train_latest.log,,2043,26.288310766220093,,,,1071120384,19943.769101881535,,
,,,,,,,train,,,,2.8820720911026,2.319049862718989e-06,0.4179929580490014,41.79929580490014,,,,,,,,,stage4_cpt_8k,,,,logs/l20_stage4_hq_crossdedup_train_latest.log,,2044,26.30125880241394,,,,1071644672,19933.950840097456,,
,,,,,,,train,,,,2.8817367404699326,2.318419466288388e-06,0.41777565807830486,41.777565807830484,,,,,,,,,stage4_cpt_8k,,,,logs/l20_stage4_hq_crossdedup_train_latest.log,,2045,26.31493902206421,,,,1072168960,19923.587873808174,,
,,,,,,,train,,,,2.9605062752962112,2.3177888846218026e-06,0.41806233226013856,41.80623322601386,,,,,,,,,stage4_cpt_8k,,,,logs/l20_stage4_hq_crossdedup_train_latest.log,,2046,26.296894311904907,,,,1072693248,19937.25927409796,,
,,,,,,,train,,,,2.980565905570984,2.31715811791607e-06,0.41758227447351526,41.75822744735152,,,,,,,,,stage4_cpt_8k,,,,logs/l20_stage4_hq_crossdedup_train_latest.log,,2047,26.327125549316406,,,,1073217536,19914.36547138027,,
,,,,,,,train,,,,2.9805300384759903,2.3165271663680844e-06,0.41750321940084795,41.750321940084795,,,,,,,,,stage4_cpt_8k,,,,logs/l20_stage4_hq_crossdedup_train_latest.log,,2048,26.33211064338684,,,,1073741824,19910.595360181353,,
,,,,,,,train,,,,2.908419519662857,2.315896030174796e-06,0.4180622754052421,41.80622754052421,,,,,,,,,stage4_cpt_8k,,,,logs/l20_stage4_hq_crossdedup_train_latest.log,,2049,26.296897888183594,,,,1074266112,19937.25656270608,,
,,,,,,,train,,,,2.982952669262886,2.315264709533216e-06,0.41816628128443556,41.816628128443554,,,,,,,,,stage4_cpt_8k,,,,logs/l20_stage4_hq_crossdedup_train_latest.log,,2050,26.2903573513031,,,,1074790400,19942.21656990955,,
,,,,,,,train,,,,2.9496923238039017,2.3146332046404094e-06,0.4184012573574805,41.84012573574805,,,,,,,,,stage4_cpt_8k,,,,logs/l20_stage4_hq_crossdedup_train_latest.log,,2051,26.2755925655365,,,,1075314688,19953.422503881597,,
,,,,,,,train,,,,2.902832716703415,2.314001515693502e-06,0.4182024659106913,41.820246591069136,,,,,,,,,stage4_cpt_8k,,,,logs/l20_stage4_hq_crossdedup_train_latest.log,,2052,26.288082599639893,,,,1075838976,19943.9422031937,,
,,,,,,,train,,,,2.913949564099312,2.313369642889675e-06,0.41772413745093107,41.772413745093104,,,,,,,,,stage4_cpt_8k,,,,logs/l20_stage4_hq_crossdedup_train_latest.log,,2053,26.31818461418152,,,,1076363264,19921.130871522502,,
,,,,,,,train,,,,2.9758019149303436,2.3127375864261678e-06,0.4175687782824556,41.75687782824556,,,,,,,,,stage4_cpt_8k,,,,logs/l20_stage4_hq_crossdedup_train_latest.log,,2054,26.32797646522522,,,,1076887552,19913.721842333583,,
,,,,,,,train,,,,2.975654810667038,2.312105346500276e-06,0.41772926131652066,41.77292613165206,,,,,,,,,stage4_cpt_8k,,,,logs/l20_stage4_hq_crossdedup_train_latest.log,,2055,26.317861795425415,,,,1077411840,19921.375227038086,,
,,,,,,,train,,,,2.9837303310632706,2.311472923309355e-06,0.41774965206545556,41.77496520654556,,,,,,,,,stage4_cpt_8k,,,,logs/l20_stage4_hq_crossdedup_train_latest.log,,2056,26.316577196121216,,,,1077936128,19922.347655350655,,
,,,,,,,train,,,,2.924584746360779,2.3108403170508148e-06,0.417775938178151,41.7775938178151,,,,,,,,,stage4_cpt_8k,,,,logs/l20_stage4_hq_crossdedup_train_latest.log,,2057,26.314921379089355,,,,1078460416,19923.60123168049,,
,,,,,,,train,,,,2.9160786271095276,2.3102075279221235e-06,0.41769660166458944,41.76966016645894,,,,,,,,,stage4_cpt_8k,,,,logs/l20_stage4_hq_crossdedup_train_latest.log,,2058,26.31991958618164,,,,1078984704,19919.817698655097,,
,,,,,,,train,,,,2.9083606600761414,2.309574556120807e-06,0.4176539069957643,41.76539069957643,,,,,,,,,stage4_cpt_8k,,,,logs/l20_stage4_hq_crossdedup_train_latest.log,,2059,26.3226101398468,,,,1079508992,19917.781603517353,,
,,,,,,,train,,,,2.9453775137662888,2.308941401844446e-06,0.4176326366937011,41.76326366937011,,,,,,,,,stage4_cpt_8k,,,,logs/l20_stage4_hq_crossdedup_train_latest.log,,2060,26.32395076751709,,,,1080033280,19916.76722959665,,
,,,,,,,train,,,,2.9252754896879196,2.308308065290682e-06,0.4181012701248696,41.81012701248696,,,,,,,,,stage4_cpt_8k,,,,logs/l20_stage4_hq_crossdedup_train_latest.log,,2061,26.294445276260376,,,,1080557568,19939.116208446776,,
,,,,,,,train,,,,2.964719071984291,2.3076745466572088e-06,0.4182079125406442,41.820791254064424,,,,,,,,,stage4_cpt_8k,,,,logs/l20_stage4_hq_crossdedup_train_latest.log,,2062,26.287740230560303,,,,1081081856,19944.201951238818,,
,,,,,,,train,,,,2.946170911192894,2.3070408461417813e-06,0.4182847000860458,41.828470008604576,,,,,,,,,stage4_cpt_8k,,,,logs/l20_stage4_hq_crossdedup_train_latest.log,,2063,26.282914400100708,,,,1081606144,19947.863924785717,,
,,,,,,,train,,,,2.998714357614517,2.3064069639422085e-06,0.41820329275763646,41.82032927576365,,,,,,,,,stage4_cpt_8k,,,,logs/l20_stage4_hq_crossdedup_train_latest.log,,2064,26.28803062438965,,,,1082130432,19943.981635260774,,
,,,,,,,train,,,,2.9234288185834885,2.305772900256356e-06,0.4181201389478045,41.81201389478045,,,,,,,,,stage4_cpt_8k,,,,logs/l20_stage4_hq_crossdedup_train_latest.log,,2065,26.293258666992188,,,,1082654720,19940.016056593864,,
,,,,,,,train,,,,2.9668661803007126,2.3051386552821483e-06,0.4177280806214287,41.77280806214287,,,,,,,,,stage4_cpt_8k,,,,logs/l20_stage4_hq_crossdedup_train_latest.log,,2066,26.317936182022095,,,,1083179008,19921.31892006576,,
,,,,,,,train,,,,2.8919702768325806,2.3045042292175635e-06,0.41798134108599805,41.798134108599804,,,,,,,,,stage4_cpt_8k,,,,logs/l20_stage4_hq_crossdedup_train_latest.log,,2067,26.301989793777466,,,,1083703296,19933.396830837348,,
,,,,,,,train,,,,2.9463473558425903,2.3038696222606395e-06,0.4179930414085384,41.799304140853835,,,,,,,,,stage4_cpt_8k,,,,logs/l20_stage4_hq_crossdedup_train_latest.log,,2068,26.3012535572052,,,,1084227584,19933.954815487185,,
,,,,,,,train,,,,2.9906209260225296,2.3032348346094675e-06,0.4184010561443963,41.84010561443963,,,,,,,,,stage4_cpt_8k,,,,logs/l20_stage4_hq_crossdedup_train_latest.log,,2069,26.27560520172119,,,,1084751872,19953.412908093793,,
,,,,,,,train,,,,2.9308976233005524,2.3025998664621974e-06,0.4190638902697565,41.906389026975646,,,,,,,,,stage4_cpt_8k,,,,logs/l20_stage4_hq_crossdedup_train_latest.log,,2070,26.234045028686523,,,,1085276160,19985.023256104774,,
,,,,,,,train,,,,2.9337071031332016,2.301964718017035e-06,0.4184284874490502,41.84284874490502,,,,,,,,,stage4_cpt_8k,,,,logs/l20_stage4_hq_crossdedup_train_latest.log,,2071,26.273882627487183,,,,1085800448,19954.721098262842,,
,,,,,,,train,,,,2.9431563168764114,2.3013293894722404e-06,0.4176630164770333,41.76630164770333,,,,,,,,,stage4_cpt_8k,,,,logs/l20_stage4_hq_crossdedup_train_latest.log,,2072,26.322036027908325,,,,1086324736,19918.216031773376,,
,,,,,,,train,,,,2.907266840338707,2.300693881026133e-06,0.41762790479057915,41.76279047905791,,,,,,,,,stage4_cpt_8k,,,,logs/l20_stage4_hq_crossdedup_train_latest.log,,2073,26.324249029159546,,,,1086849024,19916.541566646127,,
,,,,,,,train,,,,2.953909382224083,2.300058192877087e-06,0.4178112943365181,41.781129433651806,,,,,,,,,stage4_cpt_8k,,,,logs/l20_stage4_hq_crossdedup_train_latest.log,,2074,26.312694549560547,,,,1087373312,19925.287355595294,,
,,,,,,,train,,,,2.860856741666794,2.299422325223531e-06,0.4181009895886129,41.81009895886129,,,,,,,,,stage4_cpt_8k,,,,logs/l20_stage4_hq_crossdedup_train_latest.log,,2075,26.29446291923523,,,,1087897600,19939.102829762185,,
,,,,,,,train,,,,2.9905229806900024,2.2987862782639523e-06,0.4180195931128488,41.80195931128488,,,,,,,,,stage4_cpt_8k,,,,logs/l20_stage4_hq_crossdedup_train_latest.log,,2076,26.299582958221436,,,,1088421888,19935.221057796425,,
,,,,,,,train,,,,2.8827930688858032,2.2981500521968928e-06,0.4180706446124134,41.80706446124134,,,,,,,,,stage4_cpt_8k,,,,logs/l20_stage4_hq_crossdedup_train_latest.log,,2077,26.296371459960938,,,,1088946176,19937.655687526512,,
,,,,,,,train,,,,2.9485235661268234,2.297513647220951e-06,0.41760862651431085,41.76086265143108,,,,,,,,,stage4_cpt_8k,,,,logs/l20_stage4_hq_crossdedup_train_latest.log,,2078,26.325464248657227,,,,1089470464,19915.622191800176,,
,,,,,,,train,,,,2.938095301389694,2.296877063534781e-06,0.41768441472852685,41.768441472852686,,,,,,,,,stage4_cpt_8k,,,,logs/l20_stage4_hq_crossdedup_train_latest.log,,2079,26.320687532424927,,,,1089994752,19919.2365075616,,
,,,,,,,train,,,,2.8977453261613846,2.2962403013370913e-06,0.41843136936858943,41.84313693685894,,,,,,,,,stage4_cpt_8k,,,,logs/l20_stage4_hq_crossdedup_train_latest.log,,2080,26.273701667785645,,,,1090519040,19954.858536086405,,
,,,,,,,train,,,,2.9897365123033524,2.295603360826648e-06,0.41836361110135867,41.83636111013587,,,,,,,,,stage4_cpt_8k,,,,logs/l20_stage4_hq_crossdedup_train_latest.log,,2081,26.27795696258545,,,,1091043328,19951.627165935355,,
,,,,,,,train,,,,2.9362323582172394,2.294966242202272e-06,0.41905606773667536,41.905606773667536,,,,,,,,,stage4_cpt_8k,,,,logs/l20_stage4_hq_crossdedup_train_latest.log,,2082,26.234534740447998,,,,1091567616,19984.650201997327,,
,,,,,,,train,,,,2.9462452828884125,2.2943289456628406e-06,0.4186178330263935,41.86178330263935,,,,,,,,,stage4_cpt_8k,,,,logs/l20_stage4_hq_crossdedup_train_latest.log,,2083,26.261998653411865,,,,1092091904,19963.750928449856,,
,,,,,,,train,,,,2.9511063992977142,2.293691471407285e-06,0.41779332024396976,41.77933202439698,,,,,,,,,stage4_cpt_8k,,,,logs/l20_stage4_hq_crossdedup_train_latest.log,,2084,26.31382656097412,,,,1092616192,19924.430176854945,,
,,,,,,,train,,,,2.975669890642166,2.293053819634594e-06,0.4173558324873336,41.73558324873336,,,,,,,,,stage4_cpt_8k,,,,logs/l20_stage4_hq_crossdedup_train_latest.log,,2085,26.34140968322754,,,,1093140480,19903.566525288577,,
,,,,,,,train,,,,2.971778079867363,2.29241599054381e-06,0.41782365526178866,41.782365526178864,,,,,,,,,stage4_cpt_8k,,,,logs/l20_stage4_hq_crossdedup_train_latest.log,,2086,26.31191611289978,,,,1093664768,19925.87684417862,,
,,,,,,,train,,,,2.920783683657646,2.2917779843340325e-06,0.41805348961440153,41.80534896144015,,,,,,,,,stage4_cpt_8k,,,,logs/l20_stage4_hq_crossdedup_train_latest.log,,2087,26.29745054244995,,,,1094189056,19936.83757114334,,
,,,,,,,train,,,,2.935921311378479,2.2911398012044134e-06,0.41819764902330947,41.819764902330945,,,,,,,,,stage4_cpt_8k,,,,logs/l20_stage4_hq_crossdedup_train_latest.log,,2088,26.28838539123535,,,,1094713344,19943.71248737093,,
,,,,,,,train,,,,2.9162342697381973,2.290501441354163e-06,0.41913919041924,41.913919041924004,,,,,,,,,stage4_cpt_8k,,,,logs/l20_stage4_hq_crossdedup_train_latest.log,,2089,26.229331970214844,,,,1095237632,19988.614296214786,,
,,,,,,,train,,,,2.964178279042244,2.289862904982545e-06,0.41831220341693975,41.83122034169398,,,,,,,,,stage4_cpt_8k,,,,logs/l20_stage4_hq_crossdedup_train_latest.log,,2090,26.28118634223938,,,,1095761920,19949.17554986318,,
,,,,,,,train,,,,2.878424659371376,2.2892241922888786e-06,0.4182139965485298,41.82139965485298,,,,,,,,,stage4_cpt_8k,,,,logs/l20_stage4_hq_crossdedup_train_latest.log,,2091,26.287357807159424,,,,1096286208,19944.492095634236,,
,,,,,,,train,,,,2.9863998144865036,2.2885853034725387e-06,0.4179395124856964,41.79395124856964,,,,,,,,,stage4_cpt_8k,,,,logs/l20_stage4_hq_crossdedup_train_latest.log,,2092,26.304622173309326,,,,1096810496,19931.402038231234,,
,,,,,,,train,,,,2.9790585786104202,2.2879462387329532e-06,0.4176675032695967,41.76675032695967,,,,,,,,,stage4_cpt_8k,,,,logs/l20_stage4_hq_crossdedup_train_latest.log,,2093,26.32175326347351,,,,1097334784,19918.43000547955,,
,,,,,,,train,,,,2.902518853545189,2.2873069982696075e-06,0.41753412478607577,41.75341247860758,,,,,,,,,stage4_cpt_8k,,,,logs/l20_stage4_hq_crossdedup_train_latest.log,,2094,26.330161571502686,,,,1097859072,19912.069228144825,,
,,,,,,,train,,,,2.94978366792202,2.2866675822820404e-06,0.4174943890510905,41.749438905109045,,,,,,,,,stage4_cpt_8k,,,,logs/l20_stage4_hq_crossdedup_train_latest.log,,2095,26.332667589187622,,,,1098383360,19910.17424361808,,
,,,,,,,train,,,,2.905907616019249,2.2860279909698454e-06,0.41785779641597115,41.78577964159712,,,,,,,,,stage4_cpt_8k,,,,logs/l20_stage4_hq_crossdedup_train_latest.log,,2096,26.30976629257202,,,,1098907648,19927.50502493141,,
,,,,,,,train,,,,2.8881129324436188,2.285388224532671e-06,0.4178950714320439,41.78950714320439,,,,,,,,,stage4_cpt_8k,,,,logs/l20_stage4_hq_crossdedup_train_latest.log,,2097,26.307419538497925,,,,1099431936,19929.282658558128,,
,,,,,,,train,,,,2.9455042332410812,2.284748283170221e-06,0.4182554020889931,41.82554020889931,,,,,,,,,stage4_cpt_8k,,,,logs/l20_stage4_hq_crossdedup_train_latest.log,,2098,26.28475546836853,,,,1099956224,19946.4667126516,,
,,,,,,,train,,,,2.9631457179784775,2.284108167082252e-06,0.41826802453787026,41.826802453787025,,,,,,,,,stage4_cpt_8k,,,,logs/l20_stage4_hq_crossdedup_train_latest.log,,2099,26.28396224975586,,,,1100480512,19947.068673212307,,
,,,,,,,train,,,,2.9312492311000824,2.283467876468578e-06,0.4181507944638968,41.81507944638968,,,,,,,,,stage4_cpt_8k,,,,logs/l20_stage4_hq_crossdedup_train_latest.log,,2100,26.29133105278015,,,,1101004800,19941.478008377962,,
,,,,,,,train,,,,2.9246095567941666,2.2828274115290644e-06,0.4185318474938973,41.85318474938973,,,,,,,,,stage4_cpt_8k,,,,logs/l20_stage4_hq_crossdedup_train_latest.log,,2101,26.267394065856934,,,,1101529088,19959.650305832343,,
,,,,,,,train,,,,2.9446758776903152,2.2821867724636326e-06,0.4181345845864665,41.81345845864665,,,,,,,,,stage4_cpt_8k,,,,logs/l20_stage4_hq_crossdedup_train_latest.log,,2102,26.29235029220581,,,,1102053376,19940.70496449386,,
,,,,,,,train,,,,2.9276873618364334,2.2815459594722595e-06,0.4178818769141141,41.78818769141141,,,,,,,,,stage4_cpt_8k,,,,logs/l20_stage4_hq_crossdedup_train_latest.log,,2103,26.308250188827515,,,,1102577664,19928.653416206776,,
,,,,,,,train,,,,2.9950409084558487,2.280904972754973e-06,0.4175415087313746,41.754150873137455,,,,,,,,,stage4_cpt_8k,,,,logs/l20_stage4_hq_crossdedup_train_latest.log,,2104,26.3296959400177,,,,1103101952,19912.421366140832,,
,,,,,,,train,,,,2.9387739151716232,2.280263812511859e-06,0.41811466048239154,41.811466048239154,,,,,,,,,stage4_cpt_8k,,,,logs/l20_stage4_hq_crossdedup_train_latest.log,,2105,26.29360318183899,,,,1103626240,19939.754790325813,,
,,,,,,,train,,,,2.9490134716033936,2.279622478943055e-06,0.41823150233416956,41.82315023341695,,,,,,,,,stage4_cpt_8k,,,,logs/l20_stage4_hq_crossdedup_train_latest.log,,2106,26.28625750541687,,,,1104150528,19945.32694096749,,
,,,,,,,train,,,,2.928632363677025,2.278980972248753e-06,0.41816210989276453,41.816210989276456,,,,,,,,,stage4_cpt_8k,,,,logs/l20_stage4_hq_crossdedup_train_latest.log,,2107,26.290619611740112,,,,1104674816,19942.017637571327,,
,,,,,,,train,,,,2.9214238077402115,2.2783392926292003e-06,0.41824405505531215,41.82440550553122,,,,,,,,,stage4_cpt_8k,,,,logs/l20_stage4_hq_crossdedup_train_latest.log,,2108,26.285468578338623,,,,1105199104,19945.92557623478,,
,,,,,,,train,,,,2.9563190937042236,2.277697440284696e-06,0.4179969138745833,41.79969138745833,,,,,,,,,stage4_cpt_8k,,,,logs/l20_stage4_hq_crossdedup_train_latest.log,,2109,26.30100989341736,,,,1105723392,19934.13949215765,,
,,,,,,,train,,,,2.946711078286171,2.277055415415596e-06,0.4178546535458035,41.785465354580346,,,,,,,,,stage4_cpt_8k,,,,logs/l20_stage4_hq_crossdedup_train_latest.log,,2110,26.309964179992676,,,,1106247680,19927.355142455614,,
,,,,,,,train,,,,2.8922402560710907,2.2764132182223074e-06,0.41785085187206034,41.785085187206036,,,,,,,,,stage4_cpt_8k,,,,logs/l20_stage4_hq_crossdedup_train_latest.log,,2111,26.310203552246094,,,,1106771968,19927.17384184744,,
,,,,,,,train,,,,2.9358570873737335,2.275770848905292e-06,0.41816809776191016,41.816809776191015,,,,,,,,,stage4_cpt_8k,,,,logs/l20_stage4_hq_crossdedup_train_latest.log,,2112,26.29024314880371,,,,1107296256,19942.303197140904,,
,,,,,,,train,,,,2.9039382934570312,2.2751283076650665e-06,0.4180331563595527,41.803315635955265,,,,,,,,,stage4_cpt_8k,,,,logs/l20_stage4_hq_crossdedup_train_latest.log,,2113,26.29872965812683,,,,1107820544,19935.867884705396,,
,,,,,,,train,,,,2.9225488752126694,2.2744855947021992e-06,0.4180371546346074,41.80371546346074,,,,,,,,,stage4_cpt_8k,,,,logs/l20_stage4_hq_crossdedup_train_latest.log,,2114,26.29847812652588,,,,1108344832,19936.058561167407,,
,,,,,,,train,,,,2.967880457639694,2.2738427102173142e-06,0.4180776154170922,41.80776154170922,,,,,,,,,stage4_cpt_8k,,,,logs/l20_stage4_hq_crossdedup_train_latest.log,,2115,26.29593300819397,,,,1108869120,19937.98812297813,,
,,,,,,,train,,,,2.908342495560646,2.2731996544110874e-06,0.4184024684365473,41.84024684365473,,,,,,,,,stage4_cpt_8k,,,,logs/l20_stage4_hq_crossdedup_train_latest.log,,2116,26.275516510009766,,,,1109393408,19953.48025985599,,
,,,,,,,train,,,,2.9413111060857773,2.272556427484248e-06,0.4182602468643122,41.82602468643122,,,,,,,,,stage4_cpt_8k,,,,logs/l20_stage4_hq_crossdedup_train_latest.log,,2117,26.284451007843018,,,,1109917696,19946.697758441205,,
,,,,,,,train,,,,2.951166093349457,2.2719130296375807e-06,0.4178695731330984,41.78695731330984,,,,,,,,,stage4_cpt_8k,,,,logs/l20_stage4_hq_crossdedup_train_latest.log,,2118,26.309024810791016,,,,1110441984,19928.066652814738,,
,,,,,,,train,,,,2.907299041748047,2.271269461071921e-06,0.4176911569939665,41.76911569939665,,,,,,,,,stage4_cpt_8k,,,,logs/l20_stage4_hq_crossdedup_train_latest.log,,2119,26.320262670516968,,,,1110966272,19919.5580440498,,
,,,,,,,train,,,,2.9303418695926666,2.27062572198816e-06,0.41769216721747104,41.76921672174711,,,,,,,,,stage4_cpt_8k,,,,logs/l20_stage4_hq_crossdedup_train_latest.log,,2120,26.320199012756348,,,,1111490560,19919.606221286496,,
,,,,,,,train,,,,2.9517115354537964,2.2699818125872403e-06,0.4177210457848629,41.77210457848629,,,,,,,,,stage4_cpt_8k,,,,logs/l20_stage4_hq_crossdedup_train_latest.log,,2121,26.318379402160645,,,,1112014848,19920.98343095388,,
,,,,,,,train,,,,2.9557850658893585,2.2693377330701593e-06,0.41773567578629117,41.77356757862912,,,,,,,,,stage4_cpt_8k,,,,logs/l20_stage4_hq_crossdedup_train_latest.log,,2122,26.317457675933838,,,,1112539136,19921.68113105539,,
,,,,,,,train,,,,2.9572447538375854,2.2686934836379646e-06,0.41787646528190037,41.78764652819004,,,,,,,,,stage4_cpt_8k,,,,logs/l20_stage4_hq_crossdedup_train_latest.log,,2123,26.30859088897705,,,,1113063424,19928.395337192676,,
,,,,,,,train,,,,2.937142923474312,2.268049064491761e-06,0.4175072831504901,41.75072831504901,,,,,,,,,stage4_cpt_8k,,,,logs/l20_stage4_hq_crossdedup_train_latest.log,,2124,26.331854343414307,,,,1113587712,19910.789159105552,,
,,,,,,,train,,,,2.977288857102394,2.2674044758327028e-06,0.41765580981553835,41.76558098155383,,,,,,,,,stage4_cpt_8k,,,,logs/l20_stage4_hq_crossdedup_train_latest.log,,2125,26.322490215301514,,,,1114112000,19917.872348385426,,
,,,,,,,train,,,,2.985197350382805,2.266759717861998e-06,0.41803818927179354,41.80381892717936,,,,,,,,,stage4_cpt_8k,,,,logs/l20_stage4_hq_crossdedup_train_latest.log,,2126,26.298413038253784,,,,1114636288,19936.10790268479,,
,,,,,,,train,,,,3.0243204534053802,2.2661147907809096e-06,0.4180078079383693,41.80078079383693,,,,,,,,,stage4_cpt_8k,,,,logs/l20_stage4_hq_crossdedup_train_latest.log,,2127,26.30032444000244,,,,1115160576,19934.659026584668,,
,,,,,,,train,,,,2.9351111352443695,2.26546969479075e-06,0.4178771242135279,41.78771242135279,,,,,,,,,stage4_cpt_8k,,,,logs/l20_stage4_hq_crossdedup_train_latest.log,,2128,26.308549404144287,,,,1115684864,19928.426761431812,,
,,,,,,,train,,,,2.920882686972618,2.2648244300928863e-06,0.41806149459956093,41.806149459956096,,,,,,,,,stage4_cpt_8k,,,,logs/l20_stage4_hq_crossdedup_train_latest.log,,2129,26.29694700241089,,,,1116209152,19937.2193263322,,
,,,,,,,train,,,,2.943173810839653,2.2641789968887395e-06,0.4180912961548866,41.80912961548866,,,,,,,,,stage4_cpt_8k,,,,logs/l20_stage4_hq_crossdedup_train_latest.log,,2130,26.295072555541992,,,,1116733440,19938.640552999736,,
,,,,,,,train,,,,2.913058876991272,2.2635333953797796e-06,0.41776711899839253,41.776711899839256,,,,,,,,,stage4_cpt_8k,,,,logs/l20_stage4_hq_crossdedup_train_latest.log,,2131,26.315476894378662,,,,1117257728,19923.180647810907,,
,,,,,,,train,,,,2.971664145588875,2.2628876257675324e-06,0.4175437470295596,41.75437470295596,,,,,,,,,stage4_cpt_8k,,,,logs/l20_stage4_hq_crossdedup_train_latest.log,,2132,26.329554796218872,,,,1117782016,19912.52810986731,,
,,,,,,,train,,,,2.9243175089359283,2.2622416882535747e-06,0.41782081199491444,41.782081199491444,,,,,,,,,stage4_cpt_8k,,,,logs/l20_stage4_hq_crossdedup_train_latest.log,,2133,26.312095165252686,,,,1118306304,19925.74124968832,,
,,,,,,,train,,,,2.978758066892624,2.2615955830395364e-06,0.4178926362157781,41.78926362157781,,,,,,,,,stage4_cpt_8k,,,,logs/l20_stage4_hq_crossdedup_train_latest.log,,2134,26.307572841644287,,,,1118830592,19929.166523871183,,
,,,,,,,train,,,,2.948842316865921,2.2609493103270985e-06,0.41839883142394874,41.839883142394875,,,,,,,,,stage4_cpt_8k,,,,logs/l20_stage4_hq_crossdedup_train_latest.log,,2135,26.275744915008545,,,,1119354880,19953.30681188528,,
,,,,,,,train,,,,2.9667826741933823,2.260302870317996e-06,0.41831761116117416,41.83176111611742,,,,,,,,,stage4_cpt_8k,,,,logs/l20_stage4_hq_crossdedup_train_latest.log,,2136,26.28084659576416,,,,1119879168,19949.433443460784,,
,,,,,,,train,,,,2.9462283849716187,2.2596562632140147e-06,0.4179054488770646,41.79054488770646,,,,,,,,,stage4_cpt_8k,,,,logs/l20_stage4_hq_crossdedup_train_latest.log,,2137,26.306766271591187,,,,1120403456,19929.77755560102,,
,,,,,,,train,,,,2.9330675899982452,2.2590094892169932e-06,0.41763190666488115,41.763190666488114,,,,,,,,,stage4_cpt_8k,,,,logs/l20_stage4_hq_crossdedup_train_latest.log,,2138,26.323996782302856,,,,1120927744,19916.73241475509,,
,,,,,,,train,,,,2.9106170684099197,2.2583625485288225e-06,0.41788046056016115,41.788046056016114,,,,,,,,,stage4_cpt_8k,,,,logs/l20_stage4_hq_crossdedup_train_latest.log,,2139,26.3083393573761,,,,1121452032,19928.58587073854,,
,,,,,,,train,,,,2.9287822991609573,2.2577154413514446e-06,0.4182142355125521,41.82142355125521,,,,,,,,,stage4_cpt_8k,,,,logs/l20_stage4_hq_crossdedup_train_latest.log,,2140,26.28734278678894,,,,1121976320,19944.503491752235,,
,,,,,,,train,,,,2.9882308542728424,2.2570681678868547e-06,0.4181821826343151,41.81821826343151,,,,,,,,,stage4_cpt_8k,,,,logs/l20_stage4_hq_crossdedup_train_latest.log,,2141,26.289357662200928,,,,1122500608,19942.974900213176,,
,,,,,,,train,,,,2.9800251722335815,2.256420728337099e-06,0.4176903700067575,41.76903700067575,,,,,,,,,stage4_cpt_8k,,,,logs/l20_stage4_hq_crossdedup_train_latest.log,,2142,26.32031226158142,,,,1123024896,19919.520512880834,,
,,,,,,,train,,,,2.991380035877228,2.2557731229042765e-06,0.4177551512477987,41.77551512477987,,,,,,,,,stage4_cpt_8k,,,,logs/l20_stage4_hq_crossdedup_train_latest.log,,2143,26.31623077392578,,,,1123549184,19922.6099096025,,
,,,,,,,train,,,,2.9051229059696198,2.255125351790536e-06,0.4182086483775745,41.82086483775745,,,,,,,,,stage4_cpt_8k,,,,logs/l20_stage4_hq_crossdedup_train_latest.log,,2144,26.287693977355957,,,,1124073472,19944.237043067307,,
,,,,,,,train,,,,2.9559934735298157,2.25447741519808e-06,0.4179527447386507,41.79527447386507,,,,,,,,,stage4_cpt_8k,,,,logs/l20_stage4_hq_crossdedup_train_latest.log,,2145,26.303789377212524,,,,1124597760,19932.03308015387,,
,,,,,,,train,,,,2.9140358567237854,2.2538293133291628e-06,0.4179060473001952,41.790604730019524,,,,,,,,,stage4_cpt_8k,,,,logs/l20_stage4_hq_crossdedup_train_latest.log,,2146,26.30672860145569,,,,1125122048,19929.806094209238,,
,,,,,,,train,,,,2.9685877710580826,2.2531810463860886e-06,0.41794303166042157,41.794303166042155,,,,,,,,,stage4_cpt_8k,,,,logs/l20_stage4_hq_crossdedup_train_latest.log,,2147,26.30440068244934,,,,1125646336,19931.56986655135,,
,,,,,,,train,,,,2.9469129890203476,2.252532614571214e-06,0.4175672165772403,41.75672165772403,,,,,,,,,stage4_cpt_8k,,,,logs/l20_stage4_hq_crossdedup_train_latest.log,,2148,26.32807493209839,,,,1126170624,19913.64736511001,,
,,,,,,,train,,,,2.967042312026024,2.2518840180869478e-06,0.41781991094105037,41.78199109410504,,,,,,,,,stage4_cpt_8k,,,,logs/l20_stage4_hq_crossdedup_train_latest.log,,2149,26.31215190887451,,,,1126694912,19925.698278716958,,
,,,,,,,train,,,,2.909432888031006,2.251235257135749e-06,0.4181545409254797,41.815454092547974,,,,,,,,,stage4_cpt_8k,,,,logs/l20_stage4_hq_crossdedup_train_latest.log,,2150,26.291095495224,,,,1127219200,19941.65667593583,,
,,,,,,,train,,,,2.9513201117515564,2.2505863319201283e-06,0.4179478351075815,41.79478351075815,,,,,,,,,stage4_cpt_8k,,,,logs/l20_stage4_hq_crossdedup_train_latest.log,,2151,26.30409836769104,,,,1127743488,19931.79894141423,,
,,,,,,,train,,,,2.920642077922821,2.249937242642648e-06,0.41801815308804624,41.80181530880462,,,,,,,,,stage4_cpt_8k,,,,logs/l20_stage4_hq_crossdedup_train_latest.log,,2152,26.299673557281494,,,,1128267776,19935.152383472923,,
,,,,,,,train,,,,2.902693137526512,2.2492879895059224e-06,0.41796774331524106,41.796774331524105,,,,,,,,,stage4_cpt_8k,,,,logs/l20_stage4_hq_crossdedup_train_latest.log,,2153,26.30284547805786,,,,1128792064,19932.748357487297,,
,,,,,,,train,,,,2.956524536013603,2.2486385727126136e-06,0.4182864682653649,41.82864682653649,,,,,,,,,stage4_cpt_8k,,,,logs/l20_stage4_hq_crossdedup_train_latest.log,,2154,26.282803297042847,,,,1129316352,19947.94824869344,,
,,,,,,,train,,,,2.9144431948661804,2.2479889924654397e-06,0.418473296484693,41.8473296484693,,,,,,,,,stage4_cpt_8k,,,,logs/l20_stage4_hq_crossdedup_train_latest.log,,2155,26.271069288253784,,,,1129840640,19956.858026879687,,
,,,,,,,train,,,,2.8970721662044525,2.2473392489671652e-06,0.41825677166562464,41.825677166562464,,,,,,,,,stage4_cpt_8k,,,,logs/l20_stage4_hq_crossdedup_train_latest.log,,2156,26.284669399261475,,,,1130364928,19946.5320273243,,
,,,,,,,train,,,,2.8817361146211624,2.2466893424206096e-06,0.41809592104568927,41.80959210456893,,,,,,,,,stage4_cpt_8k,,,,logs/l20_stage4_hq_crossdedup_train_latest.log,,2157,26.29478168487549,,,,1130889216,19938.86111256689,,
,,,,,,,train,,,,2.855710431933403,2.2460392730286397e-06,0.41806363234632576,41.80636323463258,,,,,,,,,stage4_cpt_8k,,,,logs/l20_stage4_hq_crossdedup_train_latest.log,,2158,26.296812534332275,,,,1131413504,19937.32127479353,,
,,,,,,,train,,,,2.9740061461925507,2.2453890409941755e-06,0.41761609252196036,41.76160925219604,,,,,,,,,stage4_cpt_8k,,,,logs/l20_stage4_hq_crossdedup_train_latest.log,,2159,26.32499361038208,,,,1131937792,19915.978243323512,,
,,,,,,,train,,,,2.9297293424606323,2.244738646520187e-06,0.41744112380701587,41.74411238070159,,,,,,,,,stage4_cpt_8k,,,,logs/l20_stage4_hq_crossdedup_train_latest.log,,2160,26.3360276222229,,,,1132462080,19907.634041118436,,
,,,,,,,train,,,,2.95396788418293,2.2440880898096954e-06,0.4179789086530007,41.79789086530007,,,,,,,,,stage4_cpt_8k,,,,logs/l20_stage4_hq_crossdedup_train_latest.log,,2161,26.30214285850525,,,,1132986368,19933.280828883588,,
,,,,,,,train,,,,2.9474443197250366,2.2434373710657705e-06,0.41809285799181367,41.80928579918137,,,,,,,,,stage4_cpt_8k,,,,logs/l20_stage4_hq_crossdedup_train_latest.log,,2162,26.294974327087402,,,,1133510656,19938.7150365046,,
,,,,,,,train,,,,2.9594789147377014,2.2427864904915365e-06,0.41825198008353776,41.82519800835377,,,,,,,,,stage4_cpt_8k,,,,logs/l20_stage4_hq_crossdedup_train_latest.log,,2163,26.28497052192688,,,,1134034944,19946.30351830297,,
,,,,,,,train,,,,2.869595855474472,2.242135448290164e-06,0.4184633579237792,41.84633579237792,,,,,,,,,stage4_cpt_8k,,,,logs/l20_stage4_hq_crossdedup_train_latest.log,,2164,26.271693229675293,,,,1134559232,19956.38406007986,,
,,,,,,,train,,,,2.958590120077133,2.241484244664877e-06,0.41790589201301565,41.790589201301565,,,,,,,,,stage4_cpt_8k,,,,logs/l20_stage4_hq_crossdedup_train_latest.log,,2165,26.30673837661743,,,,1135083520,19929.798688613177,,
,,,,,,,train,,,,2.9250402748584747,2.2408328798189485e-06,0.4179360047343448,41.79360047343448,,,,,,,,,stage4_cpt_8k,,,,logs/l20_stage4_hq_crossdedup_train_latest.log,,2166,26.304842948913574,,,,1135607808,19931.23475468816,,
,,,,,,,train,,,,2.8659742772579193,2.2401813539557015e-06,0.4178090115258886,41.78090115258886,,,,,,,,,stage4_cpt_8k,,,,logs/l20_stage4_hq_crossdedup_train_latest.log,,2167,26.312838315963745,,,,1136132096,19925.17848908453,,
,,,,,,,train,,,,2.910931959748268,2.239529667278511e-06,0.41818565280105846,41.818565280105844,,,,,,,,,stage4_cpt_8k,,,,logs/l20_stage4_hq_crossdedup_train_latest.log,,2168,26.28913950920105,,,,1136656384,19943.14039135827,,
,,,,,,,train,,,,2.9375662356615067,2.2388778199908007e-06,0.418197785563471,41.819778556347096,,,,,,,,,stage4_cpt_8k,,,,logs/l20_stage4_hq_crossdedup_train_latest.log,,2169,26.288376808166504,,,,1137180672,19943.718998927678,,
,,,,,,,train,,,,2.9325109124183655,2.2382258122960444e-06,0.4178005657220127,41.78005657220127,,,,,,,,,stage4_cpt_8k,,,,logs/l20_stage4_hq_crossdedup_train_latest.log,,2170,26.31337022781372,,,,1137704960,19924.77571139169,,
,,,,,,,train,,,,2.957254856824875,2.2375736443977663e-06,0.4179780296499094,41.797802964990936,,,,,,,,,stage4_cpt_8k,,,,logs/l20_stage4_hq_crossdedup_train_latest.log,,2171,26.3021981716156,,,,1138229248,19933.238909506545,,
,,,,,,,train,,,,2.957037791609764,2.2369213164995423e-06,0.41777598738491956,41.77759873849195,,,,,,,,,stage4_cpt_8k,,,,logs/l20_stage4_hq_crossdedup_train_latest.log,,2172,26.314918279647827,,,,1138753536,19923.603578335587,,
,,,,,,,train,,,,2.861957833170891,2.236268828804995e-06,0.41788960265014463,41.78896026501447,,,,,,,,,stage4_cpt_8k,,,,logs/l20_stage4_hq_crossdedup_train_latest.log,,2173,26.307763814926147,,,,1139277824,19929.021854093753,,
,,,,,,,train,,,,2.980840787291527,2.235616181517799e-06,0.41777205466513184,41.77720546651319,,,,,,,,,stage4_cpt_8k,,,,logs/l20_stage4_hq_crossdedup_train_latest.log,,2174,26.315165996551514,,,,1139802112,19923.416028183354,,
,,,,,,,train,,,,2.9076880663633347,2.2349633748416785e-06,0.4177982641009163,41.77982641009163,,,,,,,,,stage4_cpt_8k,,,,logs/l20_stage4_hq_crossdedup_train_latest.log,,2175,26.313515186309814,,,,1140326400,19924.66594781576,,
,,,,,,,train,,,,2.9312365502119064,2.234310408980407e-06,0.4180552444689084,41.80552444689084,,,,,,,,,stage4_cpt_8k,,,,logs/l20_stage4_hq_crossdedup_train_latest.log,,2176,26.297340154647827,,,,1140850688,19936.92125959502,,
,,,,,,,train,,,,2.9489570409059525,2.233657284137808e-06,0.4181747153341949,41.81747153341949,,,,,,,,,stage4_cpt_8k,,,,logs/l20_stage4_hq_crossdedup_train_latest.log,,2177,26.28982710838318,,,,1141374976,19942.618787052328,,
,,,,,,,train,,,,2.9247101545333862,2.233004000517754e-06,0.4176824775971163,41.76824775971163,,,,,,,,,stage4_cpt_8k,,,,logs/l20_stage4_hq_crossdedup_train_latest.log,,2178,26.320809602737427,,,,1141899264,19919.144126382525,,
,,,,,,,train,,,,2.9849067330360413,2.2323505583241684e-06,0.417841806135676,41.7841806135676,,,,,,,,,stage4_cpt_8k,,,,logs/l20_stage4_hq_crossdedup_train_latest.log,,2179,26.310773134231567,,,,1142423552,19926.742453564635,,
,,,,,,,train,,,,2.9053557366132736,2.231696957761023e-06,0.4176709573332512,41.76709573332512,,,,,,,,,stage4_cpt_8k,,,,logs/l20_stage4_hq_crossdedup_train_latest.log,,2180,26.32153558731079,,,,1142947840,19918.594728673474,,
,,,,,,,train,,,,2.9183350652456284,2.2310431990323393e-06,0.4177713884947148,41.77713884947148,,,,,,,,,stage4_cpt_8k,,,,logs/l20_stage4_hq_crossdedup_train_latest.log,,2181,26.315207958221436,,,,1143472128,19923.384258728656,,
,,,,,,,train,,,,3.026867002248764,2.2303892823421888e-06,0.41758212699010877,41.758212699010876,,,,,,,,,stage4_cpt_8k,,,,logs/l20_stage4_hq_crossdedup_train_latest.log,,2182,26.32713484764099,,,,1143996416,19914.35843794366,,
,,,,,,,train,,,,2.932520180940628,2.22973520789469e-06,0.4176641627563532,41.76641627563532,,,,,,,,,stage4_cpt_8k,,,,logs/l20_stage4_hq_crossdedup_train_latest.log,,2183,26.321963787078857,,,,1144520704,19918.270697468506,,
,,,,,,,train,,,,2.918786868453026,2.229080975894014e-06,0.4180476642094973,41.80476642094973,,,,,,,,,stage4_cpt_8k,,,,logs/l20_stage4_hq_crossdedup_train_latest.log,,2184,26.29781699180603,,,,1145044992,19936.559759441614,,
,,,,,,,train,,,,2.920908585190773,2.2284265865443786e-06,0.4181630655133256,41.81630655133256,,,,,,,,,stage4_cpt_8k,,,,logs/l20_stage4_hq_crossdedup_train_latest.log,,2185,26.29055953025818,,,,1145569280,19942.06321081107,,
,,,,,,,train,,,,2.9660384505987167,2.2277720400500515e-06,0.4178101472494519,41.781014724945194,,,,,,,,,stage4_cpt_8k,,,,logs/l20_stage4_hq_crossdedup_train_latest.log,,2186,26.312766790390015,,,,1146093568,19925.232651378996,,
,,,,,,,train,,,,2.9409771859645844,2.2271173366153504e-06,0.4176298527632916,41.76298527632916,,,,,,,,,stage4_cpt_8k,,,,logs/l20_stage4_hq_crossdedup_train_latest.log,,2187,26.32412624359131,,,,1146617856,19916.634464843428,,
,,,,,,,train,,,,2.9308769553899765,2.2264624764446402e-06,0.41778167273728956,41.778167273728954,,,,,,,,,stage4_cpt_8k,,,,logs/l20_stage4_hq_crossdedup_train_latest.log,,2188,26.314560174942017,,,,1147142144,19923.87471097663,,
,,,,,,,train,,,,2.9936609715223312,2.2258074597423354e-06,0.4182350757428888,41.82350757428888,,,,,,,,,stage4_cpt_8k,,,,logs/l20_stage4_hq_crossdedup_train_latest.log,,2189,26.286032915115356,,,,1147666432,19945.49735568948,,
,,,,,,,train,,,,2.9044782668352127,2.225152286712901e-06,0.418420696213147,41.8420696213147,,,,,,,,,stage4_cpt_8k,,,,logs/l20_stage4_hq_crossdedup_train_latest.log,,2190,26.2743718624115,,,,1148190720,19954.349536707825,,
,,,,,,,train,,,,2.9748010486364365,2.2244969575608475e-06,0.41858400454212047,41.858400454212045,,,,,,,,,stage4_cpt_8k,,,,logs/l20_stage4_hq_crossdedup_train_latest.log,,2191,26.264121055603027,,,,1148715008,19962.13765882531,,
,,,,,,,train,,,,2.960166424512863,2.2238414724907377e-06,0.4181964012020758,41.81964012020758,,,,,,,,,stage4_cpt_8k,,,,logs/l20_stage4_hq_crossdedup_train_latest.log,,2192,26.288463830947876,,,,1149239296,19943.65297917432,,
,,,,,,,train,,,,2.941087707877159,2.22318583170718e-06,0.4178320906407461,41.78320906407461,,,,,,,,,stage4_cpt_8k,,,,logs/l20_stage4_hq_crossdedup_train_latest.log,,2193,26.311384916305542,,,,1149763584,19926.27912471043,,
,,,,,,,train,,,,3.0061077624559402,2.2225300354148332e-06,0.4176119774857378,41.76119774857378,,,,,,,,,stage4_cpt_8k,,,,logs/l20_stage4_hq_crossdedup_train_latest.log,,2194,26.325253009796143,,,,1150287872,19915.781998558654,,
,,,,,,,train,,,,2.9152850657701492,2.221874083818405e-06,0.4176011834654229,41.76011834654229,,,,,,,,,stage4_cpt_8k,,,,logs/l20_stage4_hq_crossdedup_train_latest.log,,2195,26.3259334564209,,,,1150812160,19915.267235172854,,
,,,,,,,train,,,,2.9762691110372543,2.2212179771226503e-06,0.41778242221605655,41.77824222160565,,,,,,,,,stage4_cpt_8k,,,,logs/l20_stage4_hq_crossdedup_train_latest.log,,2196,26.314512968063354,,,,1151336448,19923.910453379962,,
,,,,,,,train,,,,2.9345870316028595,2.2205617155323717e-06,0.41783923523393873,41.783923523393874,,,,,,,,,stage4_cpt_8k,,,,logs/l20_stage4_hq_crossdedup_train_latest.log,,2197,26.310935020446777,,,,1151860736,19926.619848080838,,
,,,,,,,train,,,,2.977020412683487,2.2199052992524234e-06,0.41814320315547154,41.81432031554716,,,,,,,,,stage4_cpt_8k,,,,logs/l20_stage4_hq_crossdedup_train_latest.log,,2198,26.291808366775513,,,,1152385024,19941.1159813006,,
,,,,,,,train,,,,2.9156336039304733,2.2192487284877042e-06,0.417947437341597,41.7947437341597,,,,,,,,,stage4_cpt_8k,,,,logs/l20_stage4_hq_crossdedup_train_latest.log,,2199,26.304123401641846,,,,1152909312,19931.779972081302,,
,,,,,,,train,,,,2.93693570792675,2.2185920034431644e-06,0.41757635252939473,41.75763525293947,,,,,,,,,stage4_cpt_8k,,,,logs/l20_stage4_hq_crossdedup_train_latest.log,,2200,26.32749891281128,,,,1153433600,19914.083055754116,,
,,,,,,,train,,,,2.9287895411252975,2.2179351243237994e-06,0.41796374636782524,41.796374636782524,,,,,,,,,stage4_cpt_8k,,,,logs/l20_stage4_hq_crossdedup_train_latest.log,,2201,26.303097009658813,,,,1153957888,19932.55774433996,,
,,,,,,,train,,,,2.8659416139125824,2.217278091334655e-06,0.41779711708539696,41.77971170853969,,,,,,,,,stage4_cpt_8k,,,,logs/l20_stage4_hq_crossdedup_train_latest.log,,2202,26.313587427139282,,,,1154482176,19924.61124701151,,
,,,,,,,train,,,,2.8675670325756073,2.216620904680823e-06,0.41793622444058426,41.79362244405843,,,,,,,,,stage4_cpt_8k,,,,logs/l20_stage4_hq_crossdedup_train_latest.log,,2203,26.304829120635986,,,,1155006464,19931.24523240864,,
,,,,,,,train,,,,2.9417655169963837,2.215963564567446e-06,0.41812627348291687,41.812627348291684,,,,,,,,,stage4_cpt_8k,,,,logs/l20_stage4_hq_crossdedup_train_latest.log,,2204,26.2928729057312,,,,1155530752,19940.30861061661,,
,,,,,,,train,,,,2.907452344894409,2.2153060711997116e-06,0.418211861056772,41.8211861056772,,,,,,,,,stage4_cpt_8k,,,,logs/l20_stage4_hq_crossdedup_train_latest.log,,2205,26.287492036819458,,,,1156055040,19944.39025471347,,
,,,,,,,train,,,,2.9728619009256363,2.2146484247828565e-06,0.4179028203805724,41.79028203805724,,,,,,,,,stage4_cpt_8k,,,,logs/l20_stage4_hq_crossdedup_train_latest.log,,2206,26.306931734085083,,,,1156579328,19929.652203441732,,
,,,,,,,train,,,,2.952876001596451,2.213990625522166e-06,0.4177642954255382,41.77642954255382,,,,,,,,,stage4_cpt_8k,,,,logs/l20_stage4_hq_crossdedup_train_latest.log,,2207,26.315654754638672,,,,1157103616,19923.045992522133,,
,,,,,,,train,,,,2.9573575407266617,2.2133326736229706e-06,0.4178964083513307,41.78964083513307,,,,,,,,,stage4_cpt_8k,,,,logs/l20_stage4_hq_crossdedup_train_latest.log,,2208,26.307335376739502,,,,1157627904,19929.34641581247,,
,,,,,,,train,,,,2.9116003662347794,2.212674569290652e-06,0.41803571827865244,41.80357182786524,,,,,,,,,stage4_cpt_8k,,,,logs/l20_stage4_hq_crossdedup_train_latest.log,,2209,26.29856848716736,,,,1158152192,19935.990061810073,,
,,,,,,,train,,,,2.911649227142334,2.2120163127306367e-06,0.4180006613684546,41.80006613684546,,,,,,,,,stage4_cpt_8k,,,,logs/l20_stage4_hq_crossdedup_train_latest.log,,2210,26.300774097442627,,,,1158676480,19934.318208945017,,
,,,,,,,train,,,,2.8993158042430878,2.2113579041483996e-06,0.41804380596302626,41.80438059630263,,,,,,,,,stage4_cpt_8k,,,,logs/l20_stage4_hq_crossdedup_train_latest.log,,2211,26.298059701919556,,,,1159200768,19936.375760898096,,
,,,,,,,train,,,,2.9256144762039185,2.210699343749463e-06,0.41806915495999347,41.80691549599935,,,,,,,,,stage4_cpt_8k,,,,logs/l20_stage4_hq_crossdedup_train_latest.log,,2212,26.296465158462524,,,,1159725056,19937.584646477768,,
,,,,,,,train,,,,2.9192260205745697,2.2100406317393968e-06,0.4177800413054327,41.77800413054327,,,,,,,,,stage4_cpt_8k,,,,logs/l20_stage4_hq_crossdedup_train_latest.log,,2213,26.31466293334961,,,,1160249344,19923.796908511762,,
,,,,,,,train,,,,2.9423064589500427,2.209381768323818e-06,0.41737750528473916,41.73775052847392,,,,,,,,,stage4_cpt_8k,,,,logs/l20_stage4_hq_crossdedup_train_latest.log,,2214,26.340041875839233,,,,1160773632,19904.60009408377,,
,,,,,,,train,,,,3.0083887577056885,2.2087227537083906e-06,0.417976301964953,41.7976301964953,,,,,,,,,stage4_cpt_8k,,,,logs/l20_stage4_hq_crossdedup_train_latest.log,,2215,26.30230689048767,,,,1161297920,19933.15651676206,,
,,,,,,,train,,,,2.940038800239563,2.2080635880988273e-06,0.41811928589012,41.811928589012,,,,,,,,,stage4_cpt_8k,,,,logs/l20_stage4_hq_crossdedup_train_latest.log,,2216,26.293312311172485,,,,1161822208,19939.975374544993,,
,,,,,,,train,,,,2.918015569448471,2.2074042717008848e-06,0.4182560963607907,41.82560963607907,,,,,,,,,stage4_cpt_8k,,,,logs/l20_stage4_hq_crossdedup_train_latest.log,,2217,26.284711837768555,,,,1162346496,19946.49982225217,,
,,,,,,,train,,,,2.969638541340828,2.2067448047203705e-06,0.4182916552639063,41.82916552639063,,,,,,,,,stage4_cpt_8k,,,,logs/l20_stage4_hq_crossdedup_train_latest.log,,2218,26.282477378845215,,,,1162870784,19948.19561499936,,
,,,,,,,train,,,,2.9583545476198196,2.2060851873631367e-06,0.4180639848492218,41.806398484922184,,,,,,,,,stage4_cpt_8k,,,,logs/l20_stage4_hq_crossdedup_train_latest.log,,2219,26.29679036140442,,,,1163395072,19937.3380855442,,
,,,,,,,train,,,,2.9929852038621902,2.2054254198350822e-06,0.4178463876442936,41.78463876442936,,,,,,,,,stage4_cpt_8k,,,,logs/l20_stage4_hq_crossdedup_train_latest.log,,2220,26.310484647750854,,,,1163919360,19926.960944249222,,
,,,,,,,train,,,,2.9412479996681213,2.2047655023421548e-06,0.4174103228716935,41.74103228716935,,,,,,,,,stage4_cpt_8k,,,,logs/l20_stage4_hq_crossdedup_train_latest.log,,2221,26.337970972061157,,,,1164443648,19906.165154337636,,
,,,,,,,train,,,,2.9581149518489838,2.2041054350903468e-06,0.4175797861776834,41.75797861776834,,,,,,,,,stage4_cpt_8k,,,,logs/l20_stage4_hq_crossdedup_train_latest.log,,2222,26.327282428741455,,,,1164967936,19914.246805345756,,
,,,,,,,train,,,,2.9598139077425003,2.2034452182856994e-06,0.4181162262851892,41.81162262851892,,,,,,,,,stage4_cpt_8k,,,,logs/l20_stage4_hq_crossdedup_train_latest.log,,2223,26.29350471496582,,,,1165492224,19939.82946296178,,
,,,,,,,train,,,,3.012488067150116,2.2027848521342984e-06,0.4179749077032969,41.797490770329695,,,,,,,,,stage4_cpt_8k,,,,logs/l20_stage4_hq_crossdedup_train_latest.log,,2224,26.30239462852478,,,,1166016512,19933.09002486842,,
,,,,,,,train,,,,2.947463035583496,2.202124336842278e-06,0.4177419201496271,41.77419201496271,,,,,,,,,stage4_cpt_8k,,,,logs/l20_stage4_hq_crossdedup_train_latest.log,,2225,26.31706428527832,,,,1166540800,19921.978922751085,,
,,,,,,,train,,,,2.9510170370340347,2.2014636726158175e-06,0.4178464557997257,41.78464557997257,,,,,,,,,stage4_cpt_8k,,,,logs/l20_stage4_hq_crossdedup_train_latest.log,,2226,26.31048035621643,,,,1167065088,19926.964194560038,,
,,,,,,,train,,,,2.9906925410032272,2.200802859661143e-06,0.4175183709739794,41.751837097397946,,,,,,,,,stage4_cpt_8k,,,,logs/l20_stage4_hq_crossdedup_train_latest.log,,2227,26.3311550617218,,,,1167589376,19911.31793387102,,
,,,,,,,train,,,,2.9704164564609528,2.2001418981845287e-06,0.41793739494840915,41.79373949484091,,,,,,,,,stage4_cpt_8k,,,,logs/l20_stage4_hq_crossdedup_train_latest.log,,2228,26.304755449295044,,,,1168113664,19931.301053553445,,
,,,,,,,train,,,,2.909163862466812,2.1994807883922928e-06,0.41817395686256104,41.817395686256106,,,,,,,,,stage4_cpt_8k,,,,logs/l20_stage4_hq_crossdedup_train_latest.log,,2229,26.289874792099,,,,1168637952,19942.58261578204,,
,,,,,,,train,,,,2.941855937242508,2.1988195304908013e-06,0.4181176594031135,41.81176594031135,,,,,,,,,stage4_cpt_8k,,,,logs/l20_stage4_hq_crossdedup_train_latest.log,,2230,26.29341459274292,,,,1169162240,19939.897807898462,,
,,,,,,,train,,,,2.946833372116089,2.1981581246864653e-06,0.4177171935648639,41.77171935648639,,,,,,,,,stage4_cpt_8k,,,,logs/l20_stage4_hq_crossdedup_train_latest.log,,2231,26.31862211227417,,,,1169686528,19920.79971981089,,
,,,,,,,train,,,,2.8916568011045456,2.197496571185744e-06,0.41766199126224574,41.76619912622457,,,,,,,,,stage4_cpt_8k,,,,logs/l20_stage4_hq_crossdedup_train_latest.log,,2232,26.32210063934326,,,,1170210816,19918.167139607176,,
,,,,,,,train,,,,2.9454144686460495,2.19683487019514e-06,0.4177265366456097,41.77265366456097,,,,,,,,,stage4_cpt_8k,,,,logs/l20_stage4_hq_crossdedup_train_latest.log,,2233,26.318033456802368,,,,1170735104,19921.24528835145,,
,,,,,,,train,,,,2.912234276533127,2.196173021921204e-06,0.41823763634401606,41.82376363440161,,,,,,,,,stage4_cpt_8k,,,,logs/l20_stage4_hq_crossdedup_train_latest.log,,2234,26.285871982574463,,,,1171259392,19945.619469940473,,
,,,,,,,train,,,,2.9577382504940033,2.195511026570532e-06,0.41848164037933905,41.848164037933905,,,,,,,,,stage4_cpt_8k,,,,logs/l20_stage4_hq_crossdedup_train_latest.log,,2235,26.270545482635498,,,,1171783680,19957.255944553865,,
,,,,,,,train,,,,2.967551574110985,2.1948488843497658e-06,0.41825298543409883,41.825298543409886,,,,,,,,,stage4_cpt_8k,,,,logs/l20_stage4_hq_crossdedup_train_latest.log,,2236,26.284907341003418,,,,1172307968,19946.351463150542,,
,,,,,,,train,,,,2.9278032332658768,2.1941865954655944e-06,0.4180197750114245,41.80197750114245,,,,,,,,,stage4_cpt_8k,,,,logs/l20_stage4_hq_crossdedup_train_latest.log,,2237,26.29957151412964,,,,1172832256,19935.229732481475,,
,,,,,,,train,,,,2.9763201624155045,2.19352416012475e-06,0.417716122675462,41.771612267546196,,,,,,,,,stage4_cpt_8k,,,,logs/l20_stage4_hq_crossdedup_train_latest.log,,2238,26.318689584732056,,,,1173356544,19920.748649436897,,
,,,,,,,train,,,,2.9259141832590103,2.192861578534012e-06,0.41768892468220375,41.76889246822037,,,,,,,,,stage4_cpt_8k,,,,logs/l20_stage4_hq_crossdedup_train_latest.log,,2239,26.320403337478638,,,,1173880832,19919.451585813888,,
,,,,,,,train,,,,2.926033541560173,2.1921988509002057e-06,0.41741574133023684,41.74157413302368,,,,,,,,,stage4_cpt_8k,,,,logs/l20_stage4_hq_crossdedup_train_latest.log,,2240,26.337629079818726,,,,1174405120,19906.42355889722,,
,,,,,,,train,,,,2.973325416445732,2.1915359774302013e-06,0.4174553524944998,41.74553524944998,,,,,,,,,stage4_cpt_8k,,,,logs/l20_stage4_hq_crossdedup_train_latest.log,,2241,26.335129976272583,,,,1174929408,19908.31260268595,,
,,,,,,,train,,,,2.9478071480989456,2.190872958330916e-06,0.4178971393051526,41.78971393051526,,,,,,,,,stage4_cpt_8k,,,,logs/l20_stage4_hq_crossdedup_train_latest.log,,2242,26.307289361953735,,,,1175453696,19929.38127476708,,
,,,,,,,train,,,,2.9406784772872925,2.1902097938093104e-06,0.41802261719722883,41.802261719722885,,,,,,,,,stage4_cpt_8k,,,,logs/l20_stage4_hq_crossdedup_train_latest.log,,2243,26.299392700195312,,,,1175977984,19935.365275415897,,
,,,,,,,train,,,,2.949451133608818,2.189546484072391e-06,0.418290949490633,41.8290949490633,,,,,,,,,stage4_cpt_8k,,,,logs/l20_stage4_hq_crossdedup_train_latest.log,,2244,26.282521724700928,,,,1176502272,19948.16195689708,,
,,,,,,,train,,,,2.959735855460167,2.1888830293272106e-06,0.4177201678659991,41.772016786599906,,,,,,,,,stage4_cpt_8k,,,,logs/l20_stage4_hq_crossdedup_train_latest.log,,2245,26.318434715270996,,,,1177026560,19920.941563283297,,
,,,,,,,train,,,,2.903912991285324,2.1882194297808663e-06,0.41759170606462526,41.759170606462526,,,,,,,,,stage4_cpt_8k,,,,logs/l20_stage4_hq_crossdedup_train_latest.log,,2246,26.326530933380127,,,,1177550848,19914.81526095187,,
,,,,,,,train,,,,2.901009663939476,2.187555685640502e-06,0.41815159835485466,41.81515983548547,,,,,,,,,stage4_cpt_8k,,,,logs/l20_stage4_hq_crossdedup_train_latest.log,,2247,26.291280508041382,,,,1178075136,19941.516345681324,,
,,,,,,,train,,,,2.9039427787065506,2.186891797113304e-06,0.4183438739143654,41.834387391436536,,,,,,,,,stage4_cpt_8k,,,,logs/l20_stage4_hq_crossdedup_train_latest.log,,2248,26.279196739196777,,,,1178599424,19950.685905783314,,
,,,,,,,train,,,,2.9527546912431717,2.186227764406506e-06,0.4182195383082672,41.82195383082672,,,,,,,,,stage4_cpt_8k,,,,logs/l20_stage4_hq_crossdedup_train_latest.log,,2249,26.287009477615356,,,,1179123712,19944.75638038843,,
,,,,,,,train,,,,2.960081607103348,2.185563587727386e-06,0.4184080493617134,41.84080493617134,,,,,,,,,stage4_cpt_8k,,,,logs/l20_stage4_hq_crossdedup_train_latest.log,,2250,26.275166034698486,,,,1179648000,19953.746412396984,,
,,,,,,,eval,,,,2.9263097792863846,,,,,,,,,18.658648763887943,,,stage4_cpt_8k,,,,logs/l20_stage4_hq_crossdedup_train_latest.log,,2250,,,,,,,,
,,,,,,,train,,,,2.945353016257286,2.1848992672832665e-06,0.3244529251506137,32.44529251506137,,,,,,,,,stage4_cpt_8k,,,,logs/l20_stage4_hq_crossdedup_train_latest.log,,2251,33.88393235206604,,,,1180172288,15473.05650809541,,
,,,,,,,train,,,,2.9672511518001556,2.1842348032815156e-06,0.41769360121353344,41.769360121353344,,,,,,,,,stage4_cpt_8k,,,,logs/l20_stage4_hq_crossdedup_train_latest.log,,2252,26.320108652114868,,,,1180696576,19919.674608101304,,
,,,,,,,train,,,,2.905836433172226,2.183570195929546e-06,0.4172632243030162,41.72632243030162,,,,,,,,,stage4_cpt_8k,,,,logs/l20_stage4_hq_crossdedup_train_latest.log,,2253,26.34725594520569,,,,1181220864,19899.150070518168,,
,,,,,,,train,,,,2.91416534781456,2.1829054454348142e-06,0.4178104349670681,41.78104349670681,,,,,,,,,stage4_cpt_8k,,,,logs/l20_stage4_hq_crossdedup_train_latest.log,,2254,26.312748670578003,,,,1181745152,19925.24637254034,,
,,,,,,,train,,,,2.9215704202651978,2.1822405520048228e-06,0.4181649085081709,41.81649085081709,,,,,,,,,stage4_cpt_8k,,,,logs/l20_stage4_hq_crossdedup_train_latest.log,,2255,26.290443658828735,,,,1182269440,19942.15110264737,,
,,,,,,,train,,,,2.925430715084076,2.1815755158471183e-06,0.41784008714927184,41.78400871492718,,,,,,,,,stage4_cpt_8k,,,,logs/l20_stage4_hq_crossdedup_train_latest.log,,2256,26.31088137626648,,,,1182793728,19926.660475651333,,
,,,,,,,train,,,,2.902733787894249,2.1809103371692913e-06,0.41781043118130745,41.78104311813075,,,,,,,,,stage4_cpt_8k,,,,logs/l20_stage4_hq_crossdedup_train_latest.log,,2257,26.312748908996582,,,,1183318016,19925.24619199862,,
,,,,,,,train,,,,2.922632113099098,2.1802450161789786e-06,0.4181883227827609,41.81883227827609,,,,,,,,,stage4_cpt_8k,,,,logs/l20_stage4_hq_crossdedup_train_latest.log,,2258,26.288971662521362,,,,1183842304,19943.267721934004,,
,,,,,,,train,,,,2.9352632015943527,2.179579553083859e-06,0.4183516774718543,41.83516774718543,,,,,,,,,stage4_cpt_8k,,,,logs/l20_stage4_hq_crossdedup_train_latest.log,,2259,26.278706550598145,,,,1184366592,19951.05805495082,,
,,,,,,,train,,,,2.9559783339500427,2.1789139480916576e-06,0.41814976306115686,41.81497630611569,,,,,,,,,stage4_cpt_8k,,,,logs/l20_stage4_hq_crossdedup_train_latest.log,,2260,26.291395902633667,,,,1184890880,19941.42882111029,,
,,,,,,,train,,,,2.950875535607338,2.178248201410143e-06,0.41721059935783716,41.721059935783714,,,,,,,,,stage4_cpt_8k,,,,logs/l20_stage4_hq_crossdedup_train_latest.log,,2261,26.350579261779785,,,,1185415168,19896.640403668614,,
,,,,,,,train,,,,2.9373970329761505,2.177582313247128e-06,0.41791867518539555,41.791867518539554,,,,,,,,,stage4_cpt_8k,,,,logs/l20_stage4_hq_crossdedup_train_latest.log,,2262,26.305933713912964,,,,1185939456,19930.408314026463,,
,,,,,,,train,,,,2.9474957287311554,2.17691628381047e-06,0.41860903527037296,41.860903527037294,,,,,,,,,stage4_cpt_8k,,,,logs/l20_stage4_hq_crossdedup_train_latest.log,,2263,26.262550592422485,,,,1186463744,19963.3313662715,,
,,,,,,,train,,,,2.914840817451477,2.1762501133080697e-06,0.4182856372951105,41.828563729511046,,,,,,,,,stage4_cpt_8k,,,,logs/l20_stage4_hq_crossdedup_train_latest.log,,2264,26.28285551071167,,,,1186988032,19947.90861998707,,
,,,,,,,train,,,,2.910368874669075,2.1755838019478735e-06,0.4175892100928847,41.75892100928847,,,,,,,,,stage4_cpt_8k,,,,logs/l20_stage4_hq_crossdedup_train_latest.log,,2265,26.326688289642334,,,,1187512320,19914.69622885571,,
,,,,,,,train,,,,2.898528143763542,2.1749173499378686e-06,0.4174596723118806,41.74596723118806,,,,,,,,,stage4_cpt_8k,,,,logs/l20_stage4_hq_crossdedup_train_latest.log,,2266,26.33485746383667,,,,1188036608,19908.518613398926,,
,,,,,,,train,,,,2.939488932490349,2.1742507574860903e-06,0.41781362638772873,41.781362638772876,,,,,,,,,stage4_cpt_8k,,,,logs/l20_stage4_hq_crossdedup_train_latest.log,,2267,26.31254768371582,,,,1188560896,19925.39857037366,,
,,,,,,,train,,,,2.89908467233181,2.173584024800614e-06,0.4183121313146278,41.83121313146278,,,,,,,,,stage4_cpt_8k,,,,logs/l20_stage4_hq_crossdedup_train_latest.log,,2268,26.281190872192383,,,,1189085184,19949.172111326923,,
,,,,,,,train,,,,2.941226437687874,2.1729171520895605e-06,0.4181916982345614,41.81916982345614,,,,,,,,,stage4_cpt_8k,,,,logs/l20_stage4_hq_crossdedup_train_latest.log,,2269,26.288759469985962,,,,1189609472,19943.428696153685,,
,,,,,,,train,,,,3.028169333934784,2.1722501395610954e-06,0.41821037419084234,41.821037419084234,,,,,,,,,stage4_cpt_8k,,,,logs/l20_stage4_hq_crossdedup_train_latest.log,,2270,26.287585496902466,,,,1190133760,19944.319346551558,,
,,,,,,,train,,,,2.938011020421982,2.1715829874234257e-06,0.41770741953767887,41.77074195376789,,,,,,,,,stage4_cpt_8k,,,,logs/l20_stage4_hq_crossdedup_train_latest.log,,2271,26.31923794746399,,,,1190658048,19920.333599572103,,
,,,,,,,train,,,,2.9351668059825897,2.170915695884803e-06,0.4180620593567763,41.80620593567763,,,,,,,,,stage4_cpt_8k,,,,logs/l20_stage4_hq_crossdedup_train_latest.log,,2272,26.296911478042603,,,,1191182336,19937.24625942366,,
,,,,,,,train,,,,2.9565510898828506,2.1702482651535235e-06,0.41752867678905703,41.7528676789057,,,,,,,,,stage4_cpt_8k,,,,logs/l20_stage4_hq_crossdedup_train_latest.log,,2273,26.33050513267517,,,,1191706624,19911.809414904776,,
,,,,,,,train,,,,2.9596491008996964,2.1695806954379244e-06,0.41800221873905963,41.80022187390596,,,,,,,,,stage4_cpt_8k,,,,logs/l20_stage4_hq_crossdedup_train_latest.log,,2274,26.300676107406616,,,,1192230912,19934.392479452406,,
,,,,,,,train,,,,2.9660750180482864,2.168912986946389e-06,0.4183628329654547,41.83628329654547,,,,,,,,,stage4_cpt_8k,,,,logs/l20_stage4_hq_crossdedup_train_latest.log,,2275,26.278005838394165,,,,1192755200,19951.590056882298,,
,,,,,,,train,,,,2.91390223801136,2.168245139887342e-06,0.41821456171784893,41.821456171784895,,,,,,,,,stage4_cpt_8k,,,,logs/l20_stage4_hq_crossdedup_train_latest.log,,2276,26.287322282791138,,,,1193279488,19944.51904837879,,
,,,,,,,train,,,,2.9433133006095886,2.1675771544692517e-06,0.41806982966130096,41.80698296613009,,,,,,,,,stage4_cpt_8k,,,,logs/l20_stage4_hq_crossdedup_train_latest.log,,2277,26.296422719955444,,,,1193803776,19937.61682276791,,
,,,,,,,train,,,,2.959323614835739,2.16690903090063e-06,0.417800838284085,41.7800838284085,,,,,,,,,stage4_cpt_8k,,,,logs/l20_stage4_hq_crossdedup_train_latest.log,,2278,26.313353061676025,,,,1194328064,19924.788709789977,,
,,,,,,,train,,,,3.007226899266243,2.1662407693900325e-06,0.4181112104498185,41.81112104498185,,,,,,,,,stage4_cpt_8k,,,,logs/l20_stage4_hq_crossdedup_train_latest.log,,2279,26.29382014274597,,,,1194852352,19939.59025937288,,
,,,,,,,train,,,,2.908795714378357,2.1655723701460564e-06,0.41788018032014257,41.78801803201426,,,,,,,,,stage4_cpt_8k,,,,logs/l20_stage4_hq_crossdedup_train_latest.log,,2280,26.308357000350952,,,,1195376640,19928.57250618144,,
,,,,,,,train,,,,2.9396688640117645,2.164903833377343e-06,0.41776533628240353,41.77653362824035,,,,,,,,,stage4_cpt_8k,,,,logs/l20_stage4_hq_crossdedup_train_latest.log,,2281,26.31558918952942,,,,1195900928,19923.095630654032,,
,,,,,,,train,,,,2.939712807536125,2.1642351592925755e-06,0.41803568795989954,41.80356879598995,,,,,,,,,stage4_cpt_8k,,,,logs/l20_stage4_hq_crossdedup_train_latest.log,,2282,26.29857039451599,,,,1196425216,19935.98861591842,,
,,,,,,,train,,,,2.9488837718963623,2.1635663481004812e-06,0.4179931740260519,41.79931740260519,,,,,,,,,stage4_cpt_8k,,,,logs/l20_stage4_hq_crossdedup_train_latest.log,,2283,26.30124521255493,,,,1196949504,19933.961139974104,,
,,,,,,,train,,,,2.910588711500168,2.16289740000983e-06,0.4180222837120931,41.80222837120931,,,,,,,,,stage4_cpt_8k,,,,logs/l20_stage4_hq_crossdedup_train_latest.log,,2284,26.299413681030273,,,,1197473792,19935.34937161615,,
,,,,,,,train,,,,2.9149187058210373,2.1622283152294334e-06,0.41786282131986835,41.78628213198684,,,,,,,,,stage4_cpt_8k,,,,logs/l20_stage4_hq_crossdedup_train_latest.log,,2285,26.309449911117554,,,,1197998080,19927.74466099545,,
,,,,,,,train,,,,2.9804272949695587,2.1615590939681467e-06,0.41799800136082876,41.79980013608288,,,,,,,,,stage4_cpt_8k,,,,logs/l20_stage4_hq_crossdedup_train_latest.log,,2286,26.300941467285156,,,,1198522368,19934.191354029816,,
,,,,,,,train,,,,2.9687590301036835,2.160889736434867e-06,0.41800004751753617,41.80000475175362,,,,,,,,,stage4_cpt_8k,,,,logs/l20_stage4_hq_crossdedup_train_latest.log,,2287,26.30081272125244,,,,1199046656,19934.288934590517,,
,,,,,,,train,,,,2.9630116373300552,2.1602202428385347e-06,0.4178099958192867,41.78099958192867,,,,,,,,,stage4_cpt_8k,,,,logs/l20_stage4_hq_crossdedup_train_latest.log,,2288,26.31277632713318,,,,1199570944,19925.22542972272,,
,,,,,,,train,,,,2.9120740592479706,2.159550613388133e-06,0.41768532654855467,41.76853265485547,,,,,,,,,stage4_cpt_8k,,,,logs/l20_stage4_hq_crossdedup_train_latest.log,,2289,26.320630073547363,,,,1200095232,19919.279991967876,,
,,,,,,,train,,,,2.8648815900087357,2.1588808482926852e-06,0.41771432525859586,41.77143252585959,,,,,,,,,stage4_cpt_8k,,,,logs/l20_stage4_hq_crossdedup_train_latest.log,,2290,26.31880283355713,,,,1200619520,19920.662931199884,,
,,,,,,,train,,,,2.94386850297451,2.1582109477612602e-06,0.4179467289411945,41.79467289411945,,,,,,,,,stage4_cpt_8k,,,,logs/l20_stage4_hq_crossdedup_train_latest.log,,2291,26.304167985916138,,,,1201143808,19931.746188692072,,
,,,,,,,train,,,,2.9410854130983353,2.1575409120029674e-06,0.41819667428085827,41.81966742808583,,,,,,,,,stage4_cpt_8k,,,,logs/l20_stage4_hq_crossdedup_train_latest.log,,2292,26.28844666481018,,,,1201668096,19943.666002214348,,
,,,,,,,train,,,,2.987936943769455,2.156870741226957e-06,0.41810376084841283,41.81037608484128,,,,,,,,,stage4_cpt_8k,,,,logs/l20_stage4_hq_crossdedup_train_latest.log,,2293,26.294288635253906,,,,1202192384,19939.23499025808,,
,,,,,,,train,,,,2.859556555747986,2.1562004356424247e-06,0.4178992602219076,41.78992602219076,,,,,,,,,stage4_cpt_8k,,,,logs/l20_stage4_hq_crossdedup_train_latest.log,,2294,26.30715584754944,,,,1202716672,19929.482420610606,,
,,,,,,,train,,,,2.9575098752975464,2.1555299954586053e-06,0.4178689975353532,41.78689975353532,,,,,,,,,stage4_cpt_8k,,,,logs/l20_stage4_hq_crossdedup_train_latest.log,,2295,26.30906105041504,,,,1203240960,19928.039202741867,,
,,,,,,,train,,,,2.929652124643326,2.154859420884778e-06,0.4178666535056498,41.78666535056498,,,,,,,,,stage4_cpt_8k,,,,logs/l20_stage4_hq_crossdedup_train_latest.log,,2296,26.309208631515503,,,,1203765248,19927.927416712995,,
,,,,,,,train,,,,2.9267242550849915,2.1541887121302616e-06,0.41758115889648867,41.75811588964887,,,,,,,,,stage4_cpt_8k,,,,logs/l20_stage4_hq_crossdedup_train_latest.log,,2297,26.32719588279724,,,,1204289536,19914.312269867718,,
,,,,,,,train,,,,2.908173903822899,2.153517869404419e-06,0.41819516855923233,41.81951685592323,,,,,,,,,stage4_cpt_8k,,,,logs/l20_stage4_hq_crossdedup_train_latest.log,,2298,26.288541316986084,,,,1204813824,19943.594194830293,,
,,,,,,,train,,,,2.9972165375947952,2.1528468929166525e-06,0.4182022952316831,41.820229523168315,,,,,,,,,stage4_cpt_8k,,,,logs/l20_stage4_hq_crossdedup_train_latest.log,,2299,26.288093328475952,,,,1205338112,19943.93406356624,,
,,,,,,,train,,,,2.960753470659256,2.152175782876409e-06,0.41800454534352793,41.800454534352795,,,,,,,,,stage4_cpt_8k,,,,logs/l20_stage4_hq_crossdedup_train_latest.log,,2300,26.300529718399048,,,,1205862400,19934.50343447737,,
,,,,,,,train,,,,2.929406613111496,2.1515045394931745e-06,0.4177627625366895,41.77627625366895,,,,,,,,,stage4_cpt_8k,,,,logs/l20_stage4_hq_crossdedup_train_latest.log,,2301,26.315751314163208,,,,1206386688,19922.972889541892,,
,,,,,,,train,,,,2.951343819499016,2.1508331629764787e-06,0.4178492653374408,41.784926533744084,,,,,,,,,stage4_cpt_8k,,,,logs/l20_stage4_hq_crossdedup_train_latest.log,,2302,26.310303449630737,,,,1206910976,19927.0981805175,,
,,,,,,,train,,,,2.974864184856415,2.150161653535891e-06,0.4173963768447212,41.73963768447212,,,,,,,,,stage4_cpt_8k,,,,logs/l20_stage4_hq_crossdedup_train_latest.log,,2303,26.33885097503662,,,,1207435264,19905.50007275976,,
,,,,,,,train,,,,2.9477426558732986,2.149490011381023e-06,0.4179544608637531,41.79544608637531,,,,,,,,,stage4_cpt_8k,,,,logs/l20_stage4_hq_crossdedup_train_latest.log,,2304,26.30368137359619,,,,1207959552,19932.1149216126,,
,,,,,,,train,,,,2.920332208275795,2.1488182367215295e-06,0.4181435027073735,41.81435027073735,,,,,,,,,stage4_cpt_8k,,,,logs/l20_stage4_hq_crossdedup_train_latest.log,,2305,26.291789531707764,,,,1208483840,19941.130266835255,,
,,,,,,,train,,,,2.9686254411935806,2.148146329767103e-06,0.4180276309072092,41.802763090720916,,,,,,,,,stage4_cpt_8k,,,,logs/l20_stage4_hq_crossdedup_train_latest.log,,2306,26.29907727241516,,,,1209008128,19935.604377645617,,
,,,,,,,train,,,,2.904172897338867,2.1474742907274813e-06,0.41767856555448163,41.76785655544816,,,,,,,,,stage4_cpt_8k,,,,logs/l20_stage4_hq_crossdedup_train_latest.log,,2307,26.321056127548218,,,,1209532416,19918.957562317122,,
,,,,,,,train,,,,2.9297262877225876,2.1468021198124402e-06,0.4176793449304377,41.76793449304377,,,,,,,,,stage4_cpt_8k,,,,logs/l20_stage4_hq_crossdedup_train_latest.log,,2308,26.321007013320923,,,,1210056704,19918.994730507864,,
,,,,,,,train,,,,2.9959201365709305,2.146129817231798e-06,0.4183286282123407,41.832862821234066,,,,,,,,,stage4_cpt_8k,,,,logs/l20_stage4_hq_crossdedup_train_latest.log,,2309,26.28015446662903,,,,1210580992,19949.958843116754,,
,,,,,,,train,,,,2.8490959852933884,2.1454573831954145e-06,0.4181500588305399,41.81500588305399,,,,,,,,,stage4_cpt_8k,,,,logs/l20_stage4_hq_crossdedup_train_latest.log,,2310,26.291377305984497,,,,1211105280,19941.442926257823,,
,,,,,,,train,,,,2.9547988772392273,2.14478481791319e-06,0.41808031813527524,41.80803181352752,,,,,,,,,stage4_cpt_8k,,,,logs/l20_stage4_hq_crossdedup_train_latest.log,,2311,26.29576301574707,,,,1211629568,19938.11701474618,,
,,,,,,,train,,,,2.958883762359619,2.1441121215950662e-06,0.4177442741338332,41.77442741338332,,,,,,,,,stage4_cpt_8k,,,,logs/l20_stage4_hq_crossdedup_train_latest.log,,2312,26.31691598892212,,,,1212153856,19922.09118350701,,
,,,,,,,train,,,,2.9693403840065002,2.143439294451025e-06,0.41816882587422205,41.81688258742221,,,,,,,,,stage4_cpt_8k,,,,logs/l20_stage4_hq_crossdedup_train_latest.log,,2313,26.290197372436523,,,,1212678144,19942.33792058481,,
,,,,,,,train,,,,2.8975692242383957,2.142766336691089e-06,0.4183343475924177,41.83343475924177,,,,,,,,,stage4_cpt_8k,,,,logs/l20_stage4_hq_crossdedup_train_latest.log,,2314,26.279795169830322,,,,1213202432,19950.231598528288,,
,,,,,,,train,,,,2.9097879827022552,2.1420932485253233e-06,0.41827252813279375,41.82725281327937,,,,,,,,,stage4_cpt_8k,,,,logs/l20_stage4_hq_crossdedup_train_latest.log,,2315,26.283679246902466,,,,1213726720,19947.283448217677,,
,,,,,,,train,,,,2.9755342304706573,2.1414200301638314e-06,0.4179545858800396,41.79545858800396,,,,,,,,,stage4_cpt_8k,,,,logs/l20_stage4_hq_crossdedup_train_latest.log,,2316,26.30367350578308,,,,1214251008,19932.12088359943,,
,,,,,,,train,,,,2.954948306083679,2.1407466818167586e-06,0.41773127456841697,41.7731274568417,,,,,,,,,stage4_cpt_8k,,,,logs/l20_stage4_hq_crossdedup_train_latest.log,,2317,26.317734956741333,,,,1214775296,19921.471238378846,,
,,,,,,,train,,,,2.8918718844652176,2.1400732036942917e-06,0.41799561041420485,41.79956104142049,,,,,,,,,stage4_cpt_8k,,,,logs/l20_stage4_hq_crossdedup_train_latest.log,,2318,26.30109190940857,,,,1215299584,19934.07733054797,,
,,,,,,,train,,,,2.9147835820913315,2.139399596006656e-06,0.4177205765519076,41.77205765519076,,,,,,,,,stage4_cpt_8k,,,,logs/l20_stage4_hq_crossdedup_train_latest.log,,2319,26.318408966064453,,,,1215823872,19920.961053383915,,
,,,,,,,train,,,,2.9227692782878876,2.1387258589641183e-06,0.41804716013199444,41.804716013199446,,,,,,,,,stage4_cpt_8k,,,,logs/l20_stage4_hq_crossdedup_train_latest.log,,2320,26.29784870147705,,,,1216348160,19936.53572014629,,
,,,,,,,train,,,,2.938070997595787,2.1380519927769857e-06,0.4184133608702635,41.84133608702635,,,,,,,,,stage4_cpt_8k,,,,logs/l20_stage4_hq_crossdedup_train_latest.log,,2321,26.274832487106323,,,,1216872448,19953.9997165455,,
,,,,,,,train,,,,2.9428574591875076,2.1373779976556067e-06,0.4184773601514914,41.84773601514914,,,,,,,,,stage4_cpt_8k,,,,logs/l20_stage4_hq_crossdedup_train_latest.log,,2322,26.270814180374146,,,,1217396736,19957.051821853096,,
,,,,,,,train,,,,2.903328239917755,2.136703873810368e-06,0.41799895244228813,41.799895244228814,,,,,,,,,stage4_cpt_8k,,,,logs/l20_stage4_hq_crossdedup_train_latest.log,,2323,26.3008816242218,,,,1217921024,19934.23671080124,,
,,,,,,,train,,,,2.9929577112197876,2.1360296214516974e-06,0.41785607729799784,41.785607729799786,,,,,,,,,stage4_cpt_8k,,,,logs/l20_stage4_hq_crossdedup_train_latest.log,,2324,26.309874534606934,,,,1218445312,19927.42304074362,,
,,,,,,,train,,,,2.9339489340782166,2.1353552407900634e-06,0.4176723533510924,41.767235335109234,,,,,,,,,stage4_cpt_8k,,,,logs/l20_stage4_hq_crossdedup_train_latest.log,,2325,26.321447610855103,,,,1218969600,19918.661304319026,,
,,,,,,,train,,,,2.8921884298324585,2.134680732035974e-06,0.4181418001965797,41.81418001965797,,,,,,,,,stage4_cpt_8k,,,,logs/l20_stage4_hq_crossdedup_train_latest.log,,2326,26.29189658164978,,,,1219493888,19941.04907463856,,
,,,,,,,train,,,,2.945055842399597,2.1340060953999766e-06,0.4184180004827134,41.84180004827134,,,,,,,,,stage4_cpt_8k,,,,logs/l20_stage4_hq_crossdedup_train_latest.log,,2327,26.27454113960266,,,,1220018176,19954.220978183315,,
,,,,,,,train,,,,2.8777512162923813,2.1333313310926597e-06,0.41870907026259174,41.870907026259175,,,,,,,,,stage4_cpt_8k,,,,logs/l20_stage4_hq_crossdedup_train_latest.log,,2328,26.25627613067627,,,,1220542464,19968.10200314176,,
,,,,,,,train,,,,2.944842755794525,2.1326564393246508e-06,0.41777536662345827,41.777536662345824,,,,,,,,,stage4_cpt_8k,,,,logs/l20_stage4_hq_crossdedup_train_latest.log,,2329,26.3149573802948,,,,1221066752,19923.573974419505,,
,,,,,,,train,,,,2.9353628754615784,2.1319814203066175e-06,0.417486745959179,41.7486745959179,,,,,,,,,stage4_cpt_8k,,,,logs/l20_stage4_hq_crossdedup_train_latest.log,,2330,26.333149671554565,,,,1221591040,19909.809747002775,,
,,,,,,,train,,,,2.929148316383362,2.131306274249268e-06,0.41849016311682086,41.849016311682085,,,,,,,,,stage4_cpt_8k,,,,logs/l20_stage4_hq_crossdedup_train_latest.log,,2331,26.270010471343994,,,,1222115328,19957.66239118583,,
,,,,,,,train,,,,2.970948964357376,2.130631001363348e-06,0.4187787888963553,41.877878889635525,,,,,,,,,stage4_cpt_8k,,,,logs/l20_stage4_hq_crossdedup_train_latest.log,,2332,26.25190496444702,,,,1222639616,19971.42686254745,,
,,,,,,,train,,,,2.942205011844635,2.1299556018596446e-06,0.4182285207468739,41.82285207468739,,,,,,,,,stage4_cpt_8k,,,,logs/l20_stage4_hq_crossdedup_train_latest.log,,2333,26.286444902420044,,,,1223163904,19945.18475002041,,
,,,,,,,train,,,,2.9632395803928375,2.1292800759489834e-06,0.4176129305935289,41.76129305935289,,,,,,,,,stage4_cpt_8k,,,,logs/l20_stage4_hq_crossdedup_train_latest.log,,2334,26.32519292831421,,,,1223688192,19915.82745196519,,
,,,,,,,train,,,,2.855832204222679,2.12860442384223e-06,0.4176748767999759,41.767487679997586,,,,,,,,,stage4_cpt_8k,,,,logs/l20_stage4_hq_crossdedup_train_latest.log,,2335,26.321288585662842,,,,1224212480,19918.78164679136,,
,,,,,,,train,,,,2.9539269357919693,2.127928645750291e-06,0.4180057162340753,41.80057162340753,,,,,,,,,stage4_cpt_8k,,,,logs/l20_stage4_hq_crossdedup_train_latest.log,,2336,26.300456047058105,,,,1224736768,19934.55927387409,,
,,,,,,,train,,,,2.97982257604599,2.127252741884108e-06,0.41824616811389626,41.824616811389625,,,,,,,,,stage4_cpt_8k,,,,logs/l20_stage4_hq_crossdedup_train_latest.log,,2337,26.285335779190063,,,,1225261056,19946.026347324638,,
,,,,,,,train,,,,2.9021374732255936,2.126576712454666e-06,0.41833877291351385,41.833877291351385,,,,,,,,,stage4_cpt_8k,,,,logs/l20_stage4_hq_crossdedup_train_latest.log,,2338,26.27951717376709,,,,1225785344,19950.442640679797,,
,,,,,,,train,,,,2.961361363530159,2.125900557672988e-06,0.4179563550579322,41.79563550579322,,,,,,,,,stage4_cpt_8k,,,,logs/l20_stage4_hq_crossdedup_train_latest.log,,2339,26.30356216430664,,,,1226309632,19932.205255128803,,
,,,,,,,train,,,,2.9522883594036102,2.1252242777501344e-06,0.4178353013233037,41.78353013233037,,,,,,,,,stage4_cpt_8k,,,,logs/l20_stage4_hq_crossdedup_train_latest.log,,2340,26.311182737350464,,,,1226833920,19926.432241137474,,
,,,,,,,train,,,,2.92364864051342,2.1245478728972075e-06,0.41770329135000417,41.770329135000416,,,,,,,,,stage4_cpt_8k,,,,logs/l20_stage4_hq_crossdedup_train_latest.log,,2341,26.31949806213379,,,,1227358208,19920.136727618683,,
,,,,,,,train,,,,2.970551759004593,2.1238713433253467e-06,0.41796282575474963,41.79628257547496,,,,,,,,,stage4_cpt_8k,,,,logs/l20_stage4_hq_crossdedup_train_latest.log,,2342,26.303154945373535,,,,1227882496,19932.513840596035,,
,,,,,,,train,,,,2.959140256047249,2.1231946892457306e-06,0.4179424823773632,41.79424823773632,,,,,,,,,stage4_cpt_8k,,,,logs/l20_stage4_hq_crossdedup_train_latest.log,,2343,26.30443525314331,,,,1228406784,19931.5436714175,,
,,,,,,,train,,,,2.933762237429619,2.1225179108695775e-06,0.4178632151380915,41.78632151380915,,,,,,,,,stage4_cpt_8k,,,,logs/l20_stage4_hq_crossdedup_train_latest.log,,2344,26.309425115585327,,,,1228931072,19927.763442060896,,
,,,,,,,train,,,,2.9058017283678055,2.1218410084081427e-06,0.4179285537991481,41.79285537991481,,,,,,,,,stage4_cpt_8k,,,,logs/l20_stage4_hq_crossdedup_train_latest.log,,2345,26.305311918258667,,,,1229455360,19930.879421965292,,
,,,,,,,train,,,,2.9782699197530746,2.1211639820727226e-06,0.418233892186741,41.8233892186741,,,,,,,,,stage4_cpt_8k,,,,logs/l20_stage4_hq_crossdedup_train_latest.log,,2346,26.286107301712036,,,,1229979648,19945.44091227432,,
,,,,,,,train,,,,2.9650326669216156,2.1204868320746507e-06,0.41774037228701033,41.77403722870103,,,,,,,,,stage4_cpt_8k,,,,logs/l20_stage4_hq_crossdedup_train_latest.log,,2347,26.317161798477173,,,,1230503936,19921.90510567662,,
,,,,,,,train,,,,2.9582382887601852,2.119809558625299e-06,0.4176072422686723,41.76072422686723,,,,,,,,,stage4_cpt_8k,,,,logs/l20_stage4_hq_crossdedup_train_latest.log,,2348,26.325551509857178,,,,1231028224,19915.556177567214,,
,,,,,,,train,,,,2.8949759006500244,2.1191321619360797e-06,0.4177577173301192,41.775771733011915,,,,,,,,,stage4_cpt_8k,,,,logs/l20_stage4_hq_crossdedup_train_latest.log,,2349,26.31606912612915,,,,1231552512,19922.732285249847,,
,,,,,,,train,,,,2.971966430544853,2.118454642218441e-06,0.4178659794599734,41.786597945997336,,,,,,,,,stage4_cpt_8k,,,,logs/l20_stage4_hq_crossdedup_train_latest.log,,2350,26.309251070022583,,,,1232076800,19927.895271689693,,
,,,,,,,train,,,,2.935548946261406,2.117776999683871e-06,0.4180334330149844,41.803343301498444,,,,,,,,,stage4_cpt_8k,,,,logs/l20_stage4_hq_crossdedup_train_latest.log,,2351,26.298712253570557,,,,1232601088,19935.88107831469,,
,,,,,,,train,,,,2.969629466533661,2.117099234543897e-06,0.41812866592457154,41.812866592457155,,,,,,,,,stage4_cpt_8k,,,,logs/l20_stage4_hq_crossdedup_train_latest.log,,2352,26.292722463607788,,,,1233125376,19940.42270539599,,
,,,,,,,train,,,,2.896615892648697,2.116421347010082e-06,0.4180907389003609,41.80907389003609,,,,,,,,,stage4_cpt_8k,,,,logs/l20_stage4_hq_crossdedup_train_latest.log,,2353,26.29510760307312,,,,1233649664,19938.613977709156,,
,,,,,,,train,,,,2.961492821574211,2.11574333729403e-06,0.41788222911057155,41.788222911057154,,,,,,,,,stage4_cpt_8k,,,,logs/l20_stage4_hq_crossdedup_train_latest.log,,2354,26.308228015899658,,,,1234173952,19928.67021234349,,
,,,,,,,train,,,,2.9137267619371414,2.1150652056073804e-06,0.4181634143917618,41.81634143917618,,,,,,,,,stage4_cpt_8k,,,,logs/l20_stage4_hq_crossdedup_train_latest.log,,2355,26.2905375957489,,,,1234698240,19942.079848712405,,
,,,,,,,train,,,,2.883223995566368,2.114386952161814e-06,0.4182527767760377,41.82527767760377,,,,,,,,,stage4_cpt_8k,,,,logs/l20_stage4_hq_crossdedup_train_latest.log,,2356,26.28492045402527,,,,1235222528,19946.341512314168,,
,,,,,,,train,,,,2.902408540248871,2.1137085771690465e-06,0.41795242651832637,41.79524265183264,,,,,,,,,stage4_cpt_8k,,,,logs/l20_stage4_hq_crossdedup_train_latest.log,,2357,26.30380940437317,,,,1235746816,19932.017904328106,,
,,,,,,,train,,,,2.9557673931121826,2.1130300808408324e-06,0.41787154229527157,41.787154229527154,,,,,,,,,stage4_cpt_8k,,,,logs/l20_stage4_hq_crossdedup_train_latest.log,,2358,26.308900833129883,,,,1236271104,19928.160561530658,,
,,,,,,,train,,,,2.9538781493902206,2.112351463388966e-06,0.4176502867682434,41.765028676824336,,,,,,,,,stage4_cpt_8k,,,,logs/l20_stage4_hq_crossdedup_train_latest.log,,2359,26.322838306427002,,,,1236795392,19917.608956021642,,
,,,,,,,train,,,,2.9907934367656708,2.111672725025276e-06,0.4181773472521031,41.81773472521031,,,,,,,,,stage4_cpt_8k,,,,logs/l20_stage4_hq_crossdedup_train_latest.log,,2360,26.289661645889282,,,,1237319680,19942.74430237785,,
,,,,,,,train,,,,2.9167002141475677,2.1109938659616317e-06,0.41828103097193525,41.82810309719353,,,,,,,,,stage4_cpt_8k,,,,logs/l20_stage4_hq_crossdedup_train_latest.log,,2361,26.2831449508667,,,,1237843968,19947.688945904145,,
,,,,,,,train,,,,2.9420979619026184,2.1103148864099393e-06,0.4179654512175634,41.79654512175634,,,,,,,,,stage4_cpt_8k,,,,logs/l20_stage4_hq_crossdedup_train_latest.log,,2362,26.302989721298218,,,,1238368256,19932.639048080164,,
,,,,,,,train,,,,2.8787087351083755,2.109635786582142e-06,0.41792160311539234,41.792160311539234,,,,,,,,,stage4_cpt_8k,,,,logs/l20_stage4_hq_crossdedup_train_latest.log,,2363,26.30574941635132,,,,1238892544,19930.54794607407,,
,,,,,,,train,,,,2.9699671417474747,2.1089565666902207e-06,0.4178266500094877,41.78266500094877,,,,,,,,,stage4_cpt_8k,,,,logs/l20_stage4_hq_crossdedup_train_latest.log,,2364,26.31172752380371,,,,1239416832,19926.01966274114,,
,,,,,,,train,,,,2.9244392216205597,2.1082772269461946e-06,0.41771085534179125,41.77108553417913,,,,,,,,,stage4_cpt_8k,,,,logs/l20_stage4_hq_crossdedup_train_latest.log,,2365,26.319021463394165,,,,1239941120,19920.497451974286,,
,,,,,,,train,,,,2.9332779943943024,2.107597767562119e-06,0.4179048656055361,41.79048656055361,,,,,,,,,stage4_cpt_8k,,,,logs/l20_stage4_hq_crossdedup_train_latest.log,,2366,26.306802988052368,,,,1240465408,19929.749739567873,,
,,,,,,,train,,,,2.907885894179344,2.1069181887500875e-06,0.4181232251500149,41.81232251500149,,,,,,,,,stage4_cpt_8k,,,,logs/l20_stage4_hq_crossdedup_train_latest.log,,2367,26.2930645942688,,,,1240989696,19940.163236592856,,
,,,,,,,train,,,,2.9198555797338486,2.1062384907222315e-06,0.418441989907544,41.8441989907544,,,,,,,,,stage4_cpt_8k,,,,logs/l20_stage4_hq_crossdedup_train_latest.log,,2368,26.273034811019897,,,,1241513984,19955.365026201463,,
,,,,,,,train,,,,2.9486873149871826,2.105558673690718e-06,0.41818414715879726,41.818414715879726,,,,,,,,,stage4_cpt_8k,,,,logs/l20_stage4_hq_crossdedup_train_latest.log,,2369,26.289234161376953,,,,1242038272,19943.068587759095,,
,,,,,,,train,,,,2.9098769277334213,2.1048787378677516e-06,0.4182250574552041,41.82250574552041,,,,,,,,,stage4_cpt_8k,,,,logs/l20_stage4_hq_crossdedup_train_latest.log,,2370,26.286662578582764,,,,1242562560,19945.01958674538,,
,,,,,,,train,,,,2.8976515978574753,2.104198683465575e-06,0.41815422239779465,41.815422239779465,,,,,,,,,stage4_cpt_8k,,,,logs/l20_stage4_hq_crossdedup_train_latest.log,,2371,26.291115522384644,,,,1243086848,19941.641485452128,,
,,,,,,,train,,,,2.9141168147325516,2.1035185106964676e-06,0.41856446692235016,41.85644669223502,,,,,,,,,stage4_cpt_8k,,,,logs/l20_stage4_hq_crossdedup_train_latest.log,,2372,26.265347003936768,,,,1243611136,19961.205915970477,,
,,,,,,,train,,,,2.905165418982506,2.1028382197727455e-06,0.4182547988711058,41.825479887110575,,,,,,,,,stage4_cpt_8k,,,,logs/l20_stage4_hq_crossdedup_train_latest.log,,2373,26.284793376922607,,,,1244135424,19946.437945382968,,
,,,,,,,train,,,,2.9470741003751755,2.1021578109067607e-06,0.4178422718546919,41.78422718546919,,,,,,,,,stage4_cpt_8k,,,,logs/l20_stage4_hq_crossdedup_train_latest.log,,2374,26.310743808746338,,,,1244659712,19926.76466355595,,
,,,,,,,train,,,,2.9092772156000137,2.1014772843109033e-06,0.4178713302307612,41.787133023076116,,,,,,,,,stage4_cpt_8k,,,,logs/l20_stage4_hq_crossdedup_train_latest.log,,2375,26.308914184570312,,,,1245184000,19928.150448241802,,
,,,,,,,train,,,,2.9867012053728104,2.100796640197601e-06,0.4179819283598898,41.79819283598898,,,,,,,,,stage4_cpt_8k,,,,logs/l20_stage4_hq_crossdedup_train_latest.log,,2376,26.301952838897705,,,,1245708288,19933.424837741917,,
,,,,,,,train,,,,2.930226817727089,2.100115878779315e-06,0.41804748986676477,41.80474898667648,,,,,,,,,stage4_cpt_8k,,,,logs/l20_stage4_hq_crossdedup_train_latest.log,,2377,26.29782795906067,,,,1246232576,19936.55144509231,,
,,,,,,,train,,,,2.961852252483368,2.099435000268546e-06,0.41816640642747144,41.816640642747146,,,,,,,,,stage4_cpt_8k,,,,logs/l20_stage4_hq_crossdedup_train_latest.log,,2378,26.29034948348999,,,,1246756864,19942.222537941016,,
,,,,,,,train,,,,2.9528921991586685,2.098754004877831e-06,0.4185159993111364,41.85159993111364,,,,,,,,,stage4_cpt_8k,,,,logs/l20_stage4_hq_crossdedup_train_latest.log,,2379,26.268388748168945,,,,1247281152,19958.894511051647,,
,,,,,,,train,,,,2.9610809832811356,2.0980728928197413e-06,0.41824612258996735,41.82461225899674,,,,,,,,,stage4_cpt_8k,,,,logs/l20_stage4_hq_crossdedup_train_latest.log,,2380,26.285338640213013,,,,1247805440,19946.02417630299,,
,,,,,,,train,,,,2.90422460436821,2.0973916643068875e-06,0.4180275096369166,41.80275096369166,,,,,,,,,stage4_cpt_8k,,,,logs/l20_stage4_hq_crossdedup_train_latest.log,,2381,26.299084901809692,,,,1248329728,19935.598594304043,,
,,,,,,,train,,,,2.937047779560089,2.096710319551915e-06,0.4182904637985809,41.82904637985809,,,,,,,,,stage4_cpt_8k,,,,logs/l20_stage4_hq_crossdedup_train_latest.log,,2382,26.282552242279053,,,,1248854016,19948.13879439804,,
,,,,,,,train,,,,2.918013319373131,2.0960288587675052e-06,0.4182635817435513,41.826358174355136,,,,,,,,,stage4_cpt_8k,,,,logs/l20_stage4_hq_crossdedup_train_latest.log,,2383,26.284241437911987,,,,1249378304,19946.856797768378,,
,,,,,,,train,,,,2.9484808295965195,2.0953472821663758e-06,0.417980219586893,41.798021958689304,,,,,,,,,stage4_cpt_8k,,,,logs/l20_stage4_hq_crossdedup_train_latest.log,,2384,26.30206036567688,,,,1249902592,19933.34334690276,,
,,,,,,,train,,,,2.943424701690674,2.0946655899612825e-06,0.41762500366878785,41.76250036687878,,,,,,,,,stage4_cpt_8k,,,,logs/l20_stage4_hq_crossdedup_train_latest.log,,2385,26.324431896209717,,,,1250426880,19916.40321307328,,
,,,,,,,train,,,,2.989383637905121,2.0939837823650145e-06,0.4177410118669943,41.77410118669943,,,,,,,,,stage4_cpt_8k,,,,logs/l20_stage4_hq_crossdedup_train_latest.log,,2386,26.317121505737305,,,,1250951168,19921.935607042047,,
,,,,,,,train,,,,2.9381921738386154,2.093301859590398e-06,0.4178038554185585,41.78038554185585,,,,,,,,,stage4_cpt_8k,,,,logs/l20_stage4_hq_crossdedup_train_latest.log,,2387,26.31316304206848,,,,1251475456,19924.93259597063,,
,,,,,,,train,,,,2.90270633995533,2.092619821850296e-06,0.4176378188369222,41.76378188369222,,,,,,,,,stage4_cpt_8k,,,,logs/l20_stage4_hq_crossdedup_train_latest.log,,2388,26.32362413406372,,,,1251999744,19917.014364353894,,
,,,,,,,train,,,,2.9569637030363083,2.0919376693576063e-06,0.4175809849426421,41.75809849426421,,,,,,,,,stage4_cpt_8k,,,,logs/l20_stage4_hq_crossdedup_train_latest.log,,2389,26.32720685005188,,,,1252524032,19914.30397406426,,
,,,,,,,train,,,,2.8955475836992264,2.091255402325263e-06,0.4182556904201702,41.82556904201702,,,,,,,,,stage4_cpt_8k,,,,logs/l20_stage4_hq_crossdedup_train_latest.log,,2390,26.28473734855652,,,,1253048320,19946.480463073465,,
,,,,,,,train,,,,2.947111338376999,2.0905730209662366e-06,0.41783908756896765,41.783908756896764,,,,,,,,,stage4_cpt_8k,,,,logs/l20_stage4_hq_crossdedup_train_latest.log,,2391,26.310944318771362,,,,1253572608,19926.612805985467,,
,,,,,,,train,,,,2.9371520280838013,2.0898905254935313e-06,0.4179692095132204,41.79692095132204,,,,,,,,,stage4_cpt_8k,,,,logs/l20_stage4_hq_crossdedup_train_latest.log,,2392,26.30275321006775,,,,1254096896,19932.81828000125,,
,,,,,,,train,,,,2.945148304104805,2.0892079161201886e-06,0.4179430998473847,41.79430998473847,,,,,,,,,stage4_cpt_8k,,,,logs/l20_stage4_hq_crossdedup_train_latest.log,,2393,26.304396390914917,,,,1254621184,19931.57311836587,,
,,,,,,,train,,,,2.9896244406700134,2.0885251930592853e-06,0.41793378116867835,41.793378116867835,,,,,,,,,stage4_cpt_8k,,,,logs/l20_stage4_hq_crossdedup_train_latest.log,,2394,26.304982900619507,,,,1255145472,19931.12871355079,,
,,,,,,,train,,,,2.9358243346214294,2.087842356523934e-06,0.4179898358793805,41.79898358793805,,,,,,,,,stage4_cpt_8k,,,,logs/l20_stage4_hq_crossdedup_train_latest.log,,2395,26.30145525932312,,,,1255669760,19933.80194482413,,
,,,,,,,train,,,,2.9404579401016235,2.0871594067272803e-06,0.41799205246344745,41.79920524634475,,,,,,,,,stage4_cpt_8k,,,,logs/l20_stage4_hq_crossdedup_train_latest.log,,2396,26.301315784454346,,,,1256194048,19933.907653011247,,
,,,,,,,train,,,,2.8868881165981293,2.08647634388251e-06,0.418162280538973,41.8162280538973,,,,,,,,,stage4_cpt_8k,,,,logs/l20_stage4_hq_crossdedup_train_latest.log,,2397,26.290608882904053,,,,1256718336,19942.025775634578,,
,,,,,,,train,,,,2.9781851917505264,2.085793168202839e-06,0.41802076029812657,41.80207602981266,,,,,,,,,stage4_cpt_8k,,,,logs/l20_stage4_hq_crossdedup_train_latest.log,,2398,26.299509525299072,,,,1257242624,19935.276720490016,,
,,,,,,,train,,,,2.890366330742836,2.0851098799015223e-06,0.41819421279193664,41.81942127919366,,,,,,,,,stage4_cpt_8k,,,,logs/l20_stage4_hq_crossdedup_train_latest.log,,2399,26.288601398468018,,,,1257766912,19943.54861459283,,
,,,,,,,train,,,,2.939220577478409,2.0844264791918465e-06,0.41813140721863495,41.8131407218635,,,,,,,,,stage4_cpt_8k,,,,logs/l20_stage4_hq_crossdedup_train_latest.log,,2400,26.292550086975098,,,,1258291200,19940.55343683547,,
,,,,,,,train,,,,2.9439845085144043,2.0837429662871372e-06,0.4177162248448853,41.77162248448853,,,,,,,,,stage4_cpt_8k,,,,logs/l20_stage4_hq_crossdedup_train_latest.log,,2401,26.31868314743042,,,,1258815488,19920.753521864106,,
,,,,,,,train,,,,2.869173303246498,2.083059341400752e-06,0.4177213674370944,41.772136743709446,,,,,,,,,stage4_cpt_8k,,,,logs/l20_stage4_hq_crossdedup_train_latest.log,,2402,26.31835913658142,,,,1259339776,19920.9987704462,,
,,,,,,,train,,,,2.964338958263397,2.082375604746084e-06,0.41793177732823605,41.79317773282361,,,,,,,,,stage4_cpt_8k,,,,logs/l20_stage4_hq_crossdedup_train_latest.log,,2403,26.30510902404785,,,,1259864064,19931.03315103927,,
,,,,,,,train,,,,2.945462465286255,2.0816917565365633e-06,0.41836164489036526,41.83616448903653,,,,,,,,,stage4_cpt_8k,,,,logs/l20_stage4_hq_crossdedup_train_latest.log,,2404,26.278080463409424,,,,1260388352,19951.533397960255,,
,,,,,,,train,,,,2.930269494652748,2.0810077969856524e-06,0.4182688212914948,41.82688212914948,,,,,,,,,stage4_cpt_8k,,,,logs/l20_stage4_hq_crossdedup_train_latest.log,,2405,26.283912181854248,,,,1260912640,19947.10667013852,,
,,,,,,,train,,,,2.955970451235771,2.0803237263068492e-06,0.4176283586855097,41.762835868550965,,,,,,,,,stage4_cpt_8k,,,,logs/l20_stage4_hq_crossdedup_train_latest.log,,2406,26.324220418930054,,,,1261436928,19916.56321275058,,
,,,,,,,train,,,,2.9377217292785645,2.079639544713687e-06,0.41801286676626875,41.80128667662687,,,,,,,,,stage4_cpt_8k,,,,logs/l20_stage4_hq_crossdedup_train_latest.log,,2407,26.30000615119934,,,,1261961216,19934.900280473557,,
,,,,,,,train,,,,2.9391928166151047,2.078955252419732e-06,0.4179559118149555,41.79559118149555,,,,,,,,,stage4_cpt_8k,,,,logs/l20_stage4_hq_crossdedup_train_latest.log,,2408,26.303590059280396,,,,1262485504,19932.184117012628,,
,,,,,,,train,,,,2.958553522825241,2.0782708496385876e-06,0.41811033847257745,41.81103384725775,,,,,,,,,stage4_cpt_8k,,,,logs/l20_stage4_hq_crossdedup_train_latest.log,,2409,26.293874979019165,,,,1263009792,19939.54867505639,,
,,,,,,,train,,,,2.893973782658577,2.0775863365838897e-06,0.4179031385253631,41.79031385253631,,,,,,,,,stage4_cpt_8k,,,,logs/l20_stage4_hq_crossdedup_train_latest.log,,2410,26.30691170692444,,,,1263534080,19929.667375665318,,
,,,,,,,train,,,,2.9129320979118347,2.076901713469309e-06,0.41825125926912926,41.825125926912925,,,,,,,,,stage4_cpt_8k,,,,logs/l20_stage4_hq_crossdedup_train_latest.log,,2411,26.28501582145691,,,,1264058368,19946.26914289375,,
,,,,,,,train,,,,2.933790907263756,2.076216980508551e-06,0.4181711998413496,41.81711998413496,,,,,,,,,stage4_cpt_8k,,,,logs/l20_stage4_hq_crossdedup_train_latest.log,,2412,26.290048122406006,,,,1264582656,19942.451134319883,,
,,,,,,,train,,,,2.90816593170166,2.0755321379153545e-06,0.41824074324881827,41.82407432488183,,,,,,,,,stage4_cpt_8k,,,,logs/l20_stage4_hq_crossdedup_train_latest.log,,2413,26.28567671775818,,,,1265106944,19945.767637239467,,
,,,,,,,train,,,,2.9100885838270187,2.074847185903494e-06,0.4179940947728239,41.79940947728239,,,,,,,,,stage4_cpt_8k,,,,logs/l20_stage4_hq_crossdedup_train_latest.log,,2414,26.30118727684021,,,,1265631232,19934.00505009397,,
,,,,,,,train,,,,2.9309259802103043,2.0741621246867775e-06,0.41802462569850357,41.802462569850356,,,,,,,,,stage4_cpt_8k,,,,logs/l20_stage4_hq_crossdedup_train_latest.log,,2415,26.29926633834839,,,,1266155520,19935.46106020103,,
,,,,,,,train,,,,2.93209508061409,2.0734769544790464e-06,0.41846641881351665,41.846641881351665,,,,,,,,,stage4_cpt_8k,,,,logs/l20_stage4_hq_crossdedup_train_latest.log,,2416,26.271501064300537,,,,1266679808,19956.530032935094,,
,,,,,,,train,,,,2.9376895278692245,2.0727916754941762e-06,0.4180701291080847,41.807012910808474,,,,,,,,,stage4_cpt_8k,,,,logs/l20_stage4_hq_crossdedup_train_latest.log,,2417,26.296403884887695,,,,1267204096,19937.63110328951,,
,,,,,,,train,,,,2.9596925228834152,2.0721062879460783e-06,0.4176633947863443,41.76633947863443,,,,,,,,,stage4_cpt_8k,,,,logs/l20_stage4_hq_crossdedup_train_latest.log,,2418,26.322012186050415,,,,1267728384,19918.234073223746,,
,,,,,,,train,,,,2.944810166954994,2.0714207920486953e-06,0.41785964808088893,41.78596480808889,,,,,,,,,stage4_cpt_8k,,,,logs/l20_stage4_hq_crossdedup_train_latest.log,,2419,26.30964970588684,,,,1268252672,19927.593330240707,,
,,,,,,,train,,,,2.952262967824936,2.0707351880160065e-06,0.41772598414723183,41.772598414723184,,,,,,,,,stage4_cpt_8k,,,,logs/l20_stage4_hq_crossdedup_train_latest.log,,2420,26.318068265914917,,,,1268776960,19921.218939880036,,
,,,,,,,train,,,,2.9228461384773254,2.070049476062021e-06,0.41775984061675825,41.77598406167583,,,,,,,,,stage4_cpt_8k,,,,logs/l20_stage4_hq_crossdedup_train_latest.log,,2421,26.315935373306274,,,,1269301248,19922.83354411239,,
,,,,,,,train,,,,2.941459134221077,2.0693636564007854e-06,0.41815510214210555,41.815510214210555,,,,,,,,,stage4_cpt_8k,,,,logs/l20_stage4_hq_crossdedup_train_latest.log,,2422,26.291060209274292,,,,1269825536,19941.6834401777,,
,,,,,,,train,,,,2.9170101583004,2.068677729246378e-06,0.41801462885867197,41.801462885867195,,,,,,,,,stage4_cpt_8k,,,,logs/l20_stage4_hq_crossdedup_train_latest.log,,2423,26.29989528656006,,,,1270349824,19934.9843140982,,
,,,,,,,train,,,,2.9313850551843643,2.0679916948129116e-06,0.4176910207844296,41.76910207844296,,,,,,,,,stage4_cpt_8k,,,,logs/l20_stage4_hq_crossdedup_train_latest.log,,2424,26.320271253585815,,,,1270874112,19919.551548260435,,
,,,,,,,train,,,,2.9649047404527664,2.067305553314531e-06,0.4178558046638478,41.78558046638478,,,,,,,,,stage4_cpt_8k,,,,logs/l20_stage4_hq_crossdedup_train_latest.log,,2425,26.30989170074463,,,,1271398400,19927.41003890797,,
,,,,,,,train,,,,2.951971724629402,2.066619304965416e-06,0.41773567578629117,41.77356757862912,,,,,,,,,stage4_cpt_8k,,,,logs/l20_stage4_hq_crossdedup_train_latest.log,,2426,26.317457675933838,,,,1271922688,19921.68113105539,,
,,,,,,,train,,,,2.9362988620996475,2.065932949979779e-06,0.4179237583708021,41.79237583708021,,,,,,,,,stage4_cpt_8k,,,,logs/l20_stage4_hq_crossdedup_train_latest.log,,2427,26.30561375617981,,,,1272446976,19930.650729517092,,
,,,,,,,train,,,,2.9542247503995895,2.0652464885718656e-06,0.4178925756197787,41.78925756197787,,,,,,,,,stage4_cpt_8k,,,,logs/l20_stage4_hq_crossdedup_train_latest.log,,2428,26.307576656341553,,,,1272971264,19929.163634067303,,
,,,,,,,train,,,,2.959515020251274,2.0645599209559554e-06,0.41803267505577,41.803267505577004,,,,,,,,,stage4_cpt_8k,,,,logs/l20_stage4_hq_crossdedup_train_latest.log,,2429,26.298759937286377,,,,1273495552,19935.844931481526,,
,,,,,,,train,,,,2.9167968332767487,2.06387324734636e-06,0.41811554764282727,41.811554764282725,,,,,,,,,stage4_cpt_8k,,,,logs/l20_stage4_hq_crossdedup_train_latest.log,,2430,26.29354739189148,,,,1274019840,19939.79709872401,,
,,,,,,,train,,,,2.9127549529075623,2.0631864679574256e-06,0.41785058303121736,41.78505830312174,,,,,,,,,stage4_cpt_8k,,,,logs/l20_stage4_hq_crossdedup_train_latest.log,,2431,26.31022047996521,,,,1274544128,19927.161020913394,,
,,,,,,,train,,,,2.9319102317094803,2.062499583003529e-06,0.41793940263081925,41.79394026308192,,,,,,,,,stage4_cpt_8k,,,,logs/l20_stage4_hq_crossdedup_train_latest.log,,2432,26.30462908744812,,,,1275068416,19931.396799287184,,
,,,,,,,train,,,,2.926507607102394,2.0618125926990832e-06,0.4177866617425363,41.77866617425363,,,,,,,,,stage4_cpt_8k,,,,logs/l20_stage4_hq_crossdedup_train_latest.log,,2433,26.31424593925476,,,,1275592704,19924.11263504548,,
,,,,,,,train,,,,2.9718177914619446,2.0611254972585307e-06,0.4177498034518822,41.77498034518822,,,,,,,,,stage4_cpt_8k,,,,logs/l20_stage4_hq_crossdedup_train_latest.log,,2434,26.31656765937805,,,,1276116992,19922.35487492105,,
,,,,,,,train,,,,2.952604055404663,2.0604382968963495e-06,0.41788284261549596,41.7882842615496,,,,,,,,,stage4_cpt_8k,,,,logs/l20_stage4_hq_crossdedup_train_latest.log,,2435,26.308189392089844,,,,1276641280,19928.69947019764,,
,,,,,,,train,,,,2.945862039923668,2.059750991827049e-06,0.417809658887563,41.7809658887563,,,,,,,,,stage4_cpt_8k,,,,logs/l20_stage4_hq_crossdedup_train_latest.log,,2436,26.31279754638672,,,,1277165568,19925.209361556288,,
,,,,,,,train,,,,2.9709339141845703,2.059063582265172e-06,0.4178983209561173,41.78983209561173,,,,,,,,,stage4_cpt_8k,,,,logs/l20_stage4_hq_crossdedup_train_latest.log,,2437,26.307214975357056,,,,1277689856,19929.43762732467,,
,,,,,,,train,,,,2.866993799805641,2.058376068425292e-06,0.4178261351067009,41.78261351067009,,,,,,,,,stage4_cpt_8k,,,,logs/l20_stage4_hq_crossdedup_train_latest.log,,2438,26.31175994873047,,,,1278214144,19925.995107191477,,
,,,,,,,train,,,,2.926929324865341,2.0576884505220184e-06,0.4177008810710066,41.77008810710066,,,,,,,,,stage4_cpt_8k,,,,logs/l20_stage4_hq_crossdedup_train_latest.log,,2439,26.319649934768677,,,,1278738432,19920.02178218211,,
,,,,,,,train,,,,2.8255401998758316,2.0570007287699903e-06,0.4180025749276412,41.80025749276412,,,,,,,,,stage4_cpt_8k,,,,logs/l20_stage4_hq_crossdedup_train_latest.log,,2440,26.30065369606018,,,,1279262720,19934.409465972247,,
,,,,,,,train,,,,2.9376881420612335,2.0563129033838804e-06,0.41815342228872615,41.815342228872616,,,,,,,,,stage4_cpt_8k,,,,logs/l20_stage4_hq_crossdedup_train_latest.log,,2441,26.291165828704834,,,,1279787008,19941.603328505866,,
,,,,,,,train,,,,2.9318995773792267,2.0556249745783935e-06,0.41787834740820795,41.7878347408208,,,,,,,,,stage4_cpt_8k,,,,logs/l20_stage4_hq_crossdedup_train_latest.log,,2442,26.308472394943237,,,,1280311296,19928.485095195934,,
,,,,,,,train,,,,2.9521983861923218,2.0549369425682668e-06,0.4179696073206478,41.79696073206478,,,,,,,,,stage4_cpt_8k,,,,logs/l20_stage4_hq_crossdedup_train_latest.log,,2443,26.302728176116943,,,,1280835584,19932.83725131057,,
,,,,,,,train,,,,2.942558467388153,2.0542488075682696e-06,0.4178339572225965,41.78339572225965,,,,,,,,,stage4_cpt_8k,,,,logs/l20_stage4_hq_crossdedup_train_latest.log,,2444,26.311267375946045,,,,1281359872,19926.36814140348,,
,,,,,,,train,,,,2.9191701114177704,2.053560569793203e-06,0.4177096974543553,41.77096974543553,,,,,,,,,stage4_cpt_8k,,,,logs/l20_stage4_hq_crossdedup_train_latest.log,,2445,26.31909441947937,,,,1281884160,19920.442232691803,,
,,,,,,,train,,,,2.933162033557892,2.0528722294579007e-06,0.4179915409419608,41.799154094196076,,,,,,,,,stage4_cpt_8k,,,,logs/l20_stage4_hq_crossdedup_train_latest.log,,2446,26.301347970962524,,,,1282408448,19933.88325871471,,
,,,,,,,train,,,,2.897201269865036,2.052183786777228e-06,0.4177534481132211,41.775344811322114,,,,,,,,,stage4_cpt_8k,,,,logs/l20_stage4_hq_crossdedup_train_latest.log,,2447,26.316338062286377,,,,1282932736,19922.528687657752,,
,,,,,,,train,,,,2.8973429799079895,2.051495241966083e-06,0.41804128563419,41.804128563419,,,,,,,,,stage4_cpt_8k,,,,logs/l20_stage4_hq_crossdedup_train_latest.log,,2448,26.298218250274658,,,,1283457024,19936.255567219818,,
,,,,,,,train,,,,2.925668343901634,2.0508065952393946e-06,0.4178923635339196,41.78923635339196,,,,,,,,,stage4_cpt_8k,,,,logs/l20_stage4_hq_crossdedup_train_latest.log,,2449,26.307590007781982,,,,1283981312,19929.15351976033,,
,,,,,,,train,,,,2.8821288496255875,2.0501178468121244e-06,0.4178901177093702,41.789011770937016,,,,,,,,,stage4_cpt_8k,,,,logs/l20_stage4_hq_crossdedup_train_latest.log,,2450,26.30773138999939,,,,1284505600,19929.04641710393,,
,,,,,,,train,,,,2.9536267668008804,2.0494289968992648e-06,0.4181492890726336,41.81492890726336,,,,,,,,,stage4_cpt_8k,,,,logs/l20_stage4_hq_crossdedup_train_latest.log,,2451,26.291425704956055,,,,1285029888,19941.406216748805,,
,,,,,,,train,,,,2.942147359251976,2.0487400457158405e-06,0.4181943379516911,41.81943379516911,,,,,,,,,stage4_cpt_8k,,,,logs/l20_stage4_hq_crossdedup_train_latest.log,,2452,26.288593530654907,,,,1285554176,19943.554583421595,,
,,,,,,,train,,,,2.8821337819099426,2.0480509934769087e-06,0.4179906202064397,41.799062020643966,,,,,,,,,stage4_cpt_8k,,,,logs/l20_stage4_hq_crossdedup_train_latest.log,,2453,26.301405906677246,,,,1286078464,19933.839349131402,,
,,,,,,,train,,,,2.9387380182743073,2.047361840397556e-06,0.4175708656161414,41.75708656161414,,,,,,,,,stage4_cpt_8k,,,,logs/l20_stage4_hq_crossdedup_train_latest.log,,2454,26.327844858169556,,,,1286602752,19913.821386611253,,
,,,,,,,train,,,,2.982232242822647,2.046672586692902e-06,0.41744019037855334,41.74401903785533,,,,,,,,,stage4_cpt_8k,,,,logs/l20_stage4_hq_crossdedup_train_latest.log,,2455,26.33608651161194,,,,1287127040,19907.5895262128,,
,,,,,,,train,,,,2.9733606725931168,2.045983232578097e-06,0.41774209045306043,41.774209045306044,,,,,,,,,stage4_cpt_8k,,,,logs/l20_stage4_hq_crossdedup_train_latest.log,,2456,26.31705355644226,,,,1287651328,19921.987044467496,,
,,,,,,,train,,,,2.940554767847061,2.045293778268324e-06,0.417924576540364,41.792457654036404,,,,,,,,,stage4_cpt_8k,,,,logs/l20_stage4_hq_crossdedup_train_latest.log,,2457,26.305562257766724,,,,1288175616,19930.689747762524,,
,,,,,,,train,,,,2.931871607899666,2.0446042239787957e-06,0.41760734060275917,41.760734060275915,,,,,,,,,stage4_cpt_8k,,,,logs/l20_stage4_hq_crossdedup_train_latest.log,,2458,26.32554531097412,,,,1288699904,19915.560867088447,,
,,,,,,,train,,,,2.9504309594631195,2.0439145699247557e-06,0.4176447146911575,41.76447146911575,,,,,,,,,stage4_cpt_8k,,,,logs/l20_stage4_hq_crossdedup_train_latest.log,,2459,26.32318949699402,,,,1289224192,19917.343225442768,,
,,,,,,,train,,,,2.926813021302223,2.0432248163214816e-06,0.4179291181972423,41.79291181972423,,,,,,,,,stage4_cpt_8k,,,,logs/l20_stage4_hq_crossdedup_train_latest.log,,2460,26.30527639389038,,,,1289748480,19930.906337930373,,
,,,,,,,train,,,,2.925688147544861,2.0425349633842783e-06,0.4180354946779536,41.80354946779536,,,,,,,,,stage4_cpt_8k,,,,logs/l20_stage4_hq_crossdedup_train_latest.log,,2461,26.298582553863525,,,,1290272768,19935.97939836407,,
,,,,,,,train,,,,2.9771823585033417,2.0418450113284845e-06,0.41815794237637643,41.81579423763765,,,,,,,,,stage4_cpt_8k,,,,logs/l20_stage4_hq_crossdedup_train_latest.log,,2462,26.290881633758545,,,,1290797056,19941.818890044113,,
,,,,,,,train,,,,2.9588570445775986,2.0411549603694683e-06,0.41784744405598906,41.78474440559891,,,,,,,,,stage4_cpt_8k,,,,logs/l20_stage4_hq_crossdedup_train_latest.log,,2463,26.310418128967285,,,,1291321344,19927.01132418601,,
,,,,,,,train,,,,2.8921645283699036,2.0404648107226295e-06,0.41776858757416085,41.776858757416086,,,,,,,,,stage4_cpt_8k,,,,logs/l20_stage4_hq_crossdedup_train_latest.log,,2464,26.31538438796997,,,,1291845632,19923.25068372086,,
,,,,,,,train,,,,2.970134600996971,2.0397745626033985e-06,0.41768334022372844,41.76833402237284,,,,,,,,,stage4_cpt_8k,,,,logs/l20_stage4_hq_crossdedup_train_latest.log,,2465,26.32075524330139,,,,1292369920,19919.1852647705,,
,,,,,,,train,,,,2.954624980688095,2.0390842162272357e-06,0.4177774484527126,41.77774484527126,,,,,,,,,stage4_cpt_8k,,,,logs/l20_stage4_hq_crossdedup_train_latest.log,,2466,26.314826250076294,,,,1292894208,19923.673256192596,,
,,,,,,,train,,,,2.9585590213537216,2.038393771809634e-06,0.4180236479728306,41.80236479728306,,,,,,,,,stage4_cpt_8k,,,,logs/l20_stage4_hq_crossdedup_train_latest.log,,2467,26.299327850341797,,,,1293418496,19935.414432775557,,
,,,,,,,train,,,,2.948872685432434,2.0377032295661155e-06,0.4181008910219095,41.81008910219095,,,,,,,,,stage4_cpt_8k,,,,logs/l20_stage4_hq_crossdedup_train_latest.log,,2468,26.294469118118286,,,,1293942784,19939.098129147536,,
,,,,,,,train,,,,2.9095969796180725,2.037012589712232e-06,0.41805535817489226,41.80553581748923,,,,,,,,,stage4_cpt_8k,,,,logs/l20_stage4_hq_crossdedup_train_latest.log,,2469,26.297333002090454,,,,1294467072,19936.926682197118,,
,,,,,,,train,,,,2.9572236388921738,2.036321852463568e-06,0.4178813391529265,41.788133915292654,,,,,,,,,stage4_cpt_8k,,,,logs/l20_stage4_hq_crossdedup_train_latest.log,,2470,26.308284044265747,,,,1294991360,19928.62777054727,,
,,,,,,,train,,,,2.9378582537174225,2.035631018035736e-06,0.41782306464657726,41.78230646465772,,,,,,,,,stage4_cpt_8k,,,,logs/l20_stage4_hq_crossdedup_train_latest.log,,2471,26.31195330619812,,,,1295515648,19925.848677927577,,
,,,,,,,train,,,,2.9674128741025925,2.0349400866443813e-06,0.4179850504113811,41.798505041138114,,,,,,,,,stage4_cpt_8k,,,,logs/l20_stage4_hq_crossdedup_train_latest.log,,2472,26.301756381988525,,,,1296039936,19933.573727381685,,
,,,,,,,train,,,,2.9507494121789932,2.034249058505178e-06,0.41810010248995494,41.810010248995496,,,,,,,,,stage4_cpt_8k,,,,logs/l20_stage4_hq_crossdedup_train_latest.log,,2473,26.29451870918274,,,,1296564224,19939.06052431014,,
,,,,,,,train,,,,2.961540251970291,2.0335579338338303e-06,0.4181718824566952,41.81718824566952,,,,,,,,,stage4_cpt_8k,,,,logs/l20_stage4_hq_crossdedup_train_latest.log,,2474,26.290005207061768,,,,1297088512,19942.48368802798,,
,,,,,,,train,,,,2.9835195392370224,2.0328667128460733e-06,0.41773728416505845,41.77372841650585,,,,,,,,,stage4_cpt_8k,,,,logs/l20_stage4_hq_crossdedup_train_latest.log,,2475,26.31735634803772,,,,1297612800,19921.75783412577,,
,,,,,,,train,,,,2.8678735196590424,2.0321753957576705e-06,0.4174068202191699,41.74068202191699,,,,,,,,,stage4_cpt_8k,,,,logs/l20_stage4_hq_crossdedup_train_latest.log,,2476,26.338191986083984,,,,1298137088,19905.998113956044,,
,,,,,,,train,,,,2.899728551506996,2.0314839827844187e-06,0.41778813424106187,41.77881342410619,,,,,,,,,stage4_cpt_8k,,,,logs/l20_stage4_hq_crossdedup_train_latest.log,,2477,26.31415319442749,,,,1298661376,19924.182858030472,,
,,,,,,,train,,,,2.937366232275963,2.030792474142141e-06,0.41775440943636455,41.775440943636454,,,,,,,,,stage4_cpt_8k,,,,logs/l20_stage4_hq_crossdedup_train_latest.log,,2478,26.316277503967285,,,,1299185664,19922.574532851824,,
,,,,,,,train,,,,2.952630952000618,2.0301008700466925e-06,0.41753767872612374,41.75376787261237,,,,,,,,,stage4_cpt_8k,,,,logs/l20_stage4_hq_crossdedup_train_latest.log,,2479,26.32993745803833,,,,1299709952,19912.238714412095,,
,,,,,,,train,,,,2.922982797026634,2.0294091707139577e-06,0.41774497049437437,41.774497049437436,,,,,,,,,stage4_cpt_8k,,,,logs/l20_stage4_hq_crossdedup_train_latest.log,,2480,26.316872119903564,,,,1300234240,19922.1243927191,,
,,,,,,,train,,,,2.892474055290222,2.0287173763598506e-06,0.4174057395852733,41.740573958527335,,,,,,,,,stage4_cpt_8k,,,,logs/l20_stage4_hq_crossdedup_train_latest.log,,2481,26.338260173797607,,,,1300758528,19905.94657887021,,
,,,,,,,train,,,,2.984252095222473,2.0280254872003137e-06,0.41797282390566165,41.79728239056617,,,,,,,,,stage4_cpt_8k,,,,logs/l20_stage4_hq_crossdedup_train_latest.log,,2482,26.302525758743286,,,,1301282816,19932.990649223873,,
,,,,,,,train,,,,2.9259497821331024,2.027333503451322e-06,0.4179563815767727,41.79563815767727,,,,,,,,,stage4_cpt_8k,,,,logs/l20_stage4_hq_crossdedup_train_latest.log,,2483,26.303560495376587,,,,1301807104,19932.206519803844,,
,,,,,,,train,,,,2.9483643174171448,2.026641425328878e-06,0.4177954817474283,41.77954817474283,,,,,,,,,stage4_cpt_8k,,,,logs/l20_stage4_hq_crossdedup_train_latest.log,,2484,26.313690423965454,,,,1302331392,19924.53325826542,,
,,,,,,,train,,,,2.9170967638492584,2.025949253049013e-06,0.4178257792187517,41.782577921875166,,,,,,,,,stage4_cpt_8k,,,,logs/l20_stage4_hq_crossdedup_train_latest.log,,2485,26.311782360076904,,,,1302855680,19925.9781350087,,
,,,,,,,train,,,,2.9866042137145996,2.02525698682779e-06,0.41780179225413877,41.780179225413875,,,,,,,,,stage4_cpt_8k,,,,logs/l20_stage4_hq_crossdedup_train_latest.log,,2486,26.313292980194092,,,,1303379968,19924.834204317547,,
,,,,,,,train,,,,2.992023229598999,2.024564626881299e-06,0.41794785026058645,41.79478502605865,,,,,,,,,stage4_cpt_8k,,,,logs/l20_stage4_hq_crossdedup_train_latest.log,,2487,26.304097414016724,,,,1303904256,19931.799664056198,,
,,,,,,,train,,,,3.005381539463997,2.0238721734256607e-06,0.4180681883973081,41.80681883973081,,,,,,,,,stage4_cpt_8k,,,,logs/l20_stage4_hq_crossdedup_train_latest.log,,2488,26.296525955200195,,,,1304428544,19937.538551411613,,
,,,,,,,train,,,,2.956912711262703,2.023179626677025e-06,0.41829299851639373,41.82929985163938,,,,,,,,,stage4_cpt_8k,,,,logs/l20_stage4_hq_crossdedup_train_latest.log,,2489,26.282392978668213,,,,1304952832,19948.25967428202,,
,,,,,,,train,,,,2.9008111655712128,2.0224869868515698e-06,0.4178848611351518,41.78848611351518,,,,,,,,,stage4_cpt_8k,,,,logs/l20_stage4_hq_crossdedup_train_latest.log,,2490,26.308062314987183,,,,1305477120,19928.79573275617,,
,,,,,,,train,,,,2.9533254355192184,2.0217942541655026e-06,0.4180010516573219,41.80010516573219,,,,,,,,,stage4_cpt_8k,,,,logs/l20_stage4_hq_crossdedup_train_latest.log,,2491,26.30074954032898,,,,1306001408,19934.336821696605,,
,,,,,,,train,,,,2.940467730164528,2.021101428835061e-06,0.4181590951660471,41.81590951660471,,,,,,,,,stage4_cpt_8k,,,,logs/l20_stage4_hq_crossdedup_train_latest.log,,2492,26.290809154510498,,,,1306525696,19941.8738662158,,
,,,,,,,train,,,,2.9545592218637466,2.020408511076509e-06,0.4178521657893262,41.78521657893262,,,,,,,,,stage4_cpt_8k,,,,logs/l20_stage4_hq_crossdedup_train_latest.log,,2493,26.310120820999146,,,,1307049984,19927.236502142743,,
,,,,,,,train,,,,2.924802377820015,2.0197155011061422e-06,0.4175434029652709,41.75434029652709,,,,,,,,,stage4_cpt_8k,,,,logs/l20_stage4_hq_crossdedup_train_latest.log,,2494,26.32957649230957,,,,1307574272,19912.511701551135,,
,,,,,,,train,,,,2.961966946721077,2.0190223991402844e-06,0.4178464330812458,41.78464330812458,,,,,,,,,stage4_cpt_8k,,,,logs/l20_stage4_hq_crossdedup_train_latest.log,,2495,26.310481786727905,,,,1308098560,19926.96311112298,,
,,,,,,,train,,,,2.952494725584984,2.018329205395286e-06,0.417991347700836,41.799134770083604,,,,,,,,,stage4_cpt_8k,,,,logs/l20_stage4_hq_crossdedup_train_latest.log,,2496,26.30136013031006,,,,1308622848,19933.874043107113,,
,,,,,,,train,,,,2.998066559433937,2.0176359200875275e-06,0.41776114639198686,41.77611463919869,,,,,,,,,stage4_cpt_8k,,,,logs/l20_stage4_hq_crossdedup_train_latest.log,,2497,26.315853118896484,,,,1309147136,19922.895816116532,,
,,,,,,,train,,,,2.905836433172226,2.016942543433419e-06,0.41776799332962955,41.77679933296295,,,,,,,,,stage4_cpt_8k,,,,logs/l20_stage4_hq_crossdedup_train_latest.log,,2498,26.31542181968689,,,,1309671424,19923.22234438871,,
,,,,,,,train,,,,2.911584436893463,2.0162490756493982e-06,0.4175911577046399,41.75911577046399,,,,,,,,,stage4_cpt_8k,,,,logs/l20_stage4_hq_crossdedup_train_latest.log,,2499,26.326565504074097,,,,1310195712,19914.78910983908,,
,,,,,,,train,,,,2.938828319311142,2.0155555169519306e-06,0.41752294161201386,41.752294161201384,,,,,,,,,stage4_cpt_8k,,,,logs/l20_stage4_hq_crossdedup_train_latest.log,,2500,26.330866813659668,,,,1310720000,19911.535906140965,,
,,,,,,,eval,,,,2.9263725876808167,,,,,,,,,18.659820720463046,,,stage4_cpt_8k,,,,logs/l20_stage4_hq_crossdedup_train_latest.log,,2500,,,,,,,,
,,,,,,,checkpoint,,,,,,,,,,,runs/l20-edu-135m-stage4-hq-crossdedup-8k/step-002500,,,,,stage4_cpt_8k,,,,logs/l20_stage4_hq_crossdedup_train_latest.log,,2500,,,,,,,,
,,,,,,,train,,,,2.808696910738945,2.01486186755751e-06,0.3148654627220523,31.486546272205228,,,,,,,,,stage4_cpt_8k,,,,logs/l20_stage4_hq_crossdedup_train_latest.log,,2501,34.915677547454834,,,,1311244288,15015.83348303713,,
,,,,,,,train,,,,2.946907952427864,2.0141681276826605e-06,0.4186088528586106,41.86088528586106,,,,,,,,,stage4_cpt_8k,,,,logs/l20_stage4_hq_crossdedup_train_latest.log,,2502,26.262562036514282,,,,1311768576,19963.322667112738,,
,,,,,,,train,,,,2.9428620636463165,2.0134742975439325e-06,0.4174630208932504,41.74630208932504,,,,,,,,,stage4_cpt_8k,,,,logs/l20_stage4_hq_crossdedup_train_latest.log,,2503,26.334646224975586,,,,1312292864,19908.678306176338,,
,,,,,,,train,,,,2.9921118170022964,2.0127803773579056e-06,0.4174439430130597,41.744394301305974,,,,,,,,,stage4_cpt_8k,,,,logs/l20_stage4_hq_crossdedup_train_latest.log,,2504,26.33584976196289,,,,1312817152,19907.76848815541,,
,,,,,,,train,,,,2.947459101676941,2.012086367341187e-06,0.4180782901457078,41.80782901457078,,,,,,,,,stage4_cpt_8k,,,,logs/l20_stage4_hq_crossdedup_train_latest.log,,2505,26.29589056968689,,,,1313341440,19938.02030057059,,
,,,,,,,train,,,,2.9397289007902145,2.011392267710411e-06,0.41846306930621335,41.84630693062134,,,,,,,,,stage4_cpt_8k,,,,logs/l20_stage4_hq_crossdedup_train_latest.log,,2506,26.271711349487305,,,,1313865728,19956.37029600021,,
,,,,,,,train,,,,2.977549970149994,2.0106980786822428e-06,0.41926260585635217,41.92626058563522,,,,,,,,,stage4_cpt_8k,,,,logs/l20_stage4_hq_crossdedup_train_latest.log,,2507,26.22161102294922,,,,1314390016,19994.499939044243,,
,,,,,,,train,,,,2.9412014931440353,2.010003800473372e-06,0.41836561528911353,41.83656152891135,,,,,,,,,stage4_cpt_8k,,,,logs/l20_stage4_hq_crossdedup_train_latest.log,,2508,26.277831077575684,,,,1314914304,19951.722745010098,,
,,,,,,,train,,,,2.8999056816101074,2.009309433300518e-06,0.41787981676608377,41.787981676608375,,,,,,,,,stage4_cpt_8k,,,,logs/l20_stage4_hq_crossdedup_train_latest.log,,2509,26.308379888534546,,,,1315438592,19928.555168404342,,
,,,,,,,train,,,,2.9256125688552856,2.008614977380428e-06,0.4180276650144916,41.80276650144916,,,,,,,,,stage4_cpt_8k,,,,logs/l20_stage4_hq_crossdedup_train_latest.log,,2510,26.29907512664795,,,,1315962880,19935.606004211037,,
,,,,,,,train,,,,2.8716847747564316,2.0079204329298765e-06,0.4178860389295507,41.78860389295507,,,,,,,,,stage4_cpt_8k,,,,logs/l20_stage4_hq_crossdedup_train_latest.log,,2511,26.307988166809082,,,,1316487168,19928.851901395366,,
,,,,,,,train,,,,3.004796549677849,2.0072258001656657e-06,0.417946153130872,41.7946153130872,,,,,,,,,stage4_cpt_8k,,,,logs/l20_stage4_hq_crossdedup_train_latest.log,,2512,26.30420422554016,,,,1317011456,19931.71872848146,,
,,,,,,,train,,,,2.9339983016252518,2.0065310793046248e-06,0.41787634031234344,41.78763403123435,,,,,,,,,stage4_cpt_8k,,,,logs/l20_stage4_hq_crossdedup_train_latest.log,,2513,26.30859875679016,,,,1317535744,19928.389377434367,,
,,,,,,,train,,,,2.9265472143888474,2.0058362705636115e-06,0.41778514383075666,41.77851438307567,,,,,,,,,stage4_cpt_8k,,,,logs/l20_stage4_hq_crossdedup_train_latest.log,,2514,26.31434154510498,,,,1318060032,19924.040246316883,,
,,,,,,,train,,,,2.9954173415899277,2.0051413741595103e-06,0.417590303022293,41.7590303022293,,,,,,,,,stage4_cpt_8k,,,,logs/l20_stage4_hq_crossdedup_train_latest.log,,2515,26.326619386672974,,,,1318584320,19914.748350310576,,
,,,,,,,train,,,,2.891977086663246,2.0044463903092337e-06,0.4177291288664184,41.77291288664184,,,,,,,,,stage4_cpt_8k,,,,logs/l20_stage4_hq_crossdedup_train_latest.log,,2516,26.317870140075684,,,,1319108608,19921.36891053496,,
,,,,,,,train,,,,2.9421287178993225,2.00375131922972e-06,0.4179121982803204,41.79121982803204,,,,,,,,,stage4_cpt_8k,,,,logs/l20_stage4_hq_crossdedup_train_latest.log,,2517,26.306341409683228,,,,1319632896,19930.099432489398,,
,,,,,,,train,,,,2.9666862189769745,2.003056161137937e-06,0.4183901149997595,41.839011499975946,,,,,,,,,stage4_cpt_8k,,,,logs/l20_stage4_hq_crossdedup_train_latest.log,,2518,26.276292324066162,,,,1320157184,19952.891128396015,,
,,,,,,,train,,,,2.928840532898903,2.002360916250877e-06,0.4180077397302903,41.80077397302903,,,,,,,,,stage4_cpt_8k,,,,logs/l20_stage4_hq_crossdedup_train_latest.log,,2519,26.300328731536865,,,,1320681472,19934.65577376314,,
,,,,,,,train,,,,2.946073740720749,2.001665584785562e-06,0.41760752970690246,41.76075297069025,,,,,,,,,stage4_cpt_8k,,,,logs/l20_stage4_hq_crossdedup_train_latest.log,,2520,26.325533390045166,,,,1321205760,19915.569885404722,,
,,,,,,,train,,,,2.9617692679166794,2.0009701669590395e-06,0.4174723337089861,41.74723337089861,,,,,,,,,stage4_cpt_8k,,,,logs/l20_stage4_hq_crossdedup_train_latest.log,,2521,26.33405876159668,,,,1321730048,19909.122431388223,,
,,,,,,,train,,,,2.9149259626865387,2.0002746629883836e-06,0.41756687625562,41.756687625562,,,,,,,,,stage4_cpt_8k,,,,logs/l20_stage4_hq_crossdedup_train_latest.log,,2522,26.328096389770508,,,,1322254336,19913.631135280495,,
,,,,,,,train,,,,2.966160535812378,1.9995790730906974e-06,0.4179153647421634,41.79153647421634,,,,,,,,,stage4_cpt_8k,,,,logs/l20_stage4_hq_crossdedup_train_latest.log,,2523,26.3061420917511,,,,1322778624,19930.25044004467,,
,,,,,,,train,,,,2.9472931623458862,1.998883397483108e-06,0.4177677510903055,41.77677510903055,,,,,,,,,stage4_cpt_8k,,,,logs/l20_stage4_hq_crossdedup_train_latest.log,,2524,26.315437078475952,,,,1323302912,19923.210792072616,,
,,,,,,,train,,,,2.879750430583954,1.998187636382772e-06,0.41772614686920506,41.772614686920505,,,,,,,,,stage4_cpt_8k,,,,logs/l20_stage4_hq_crossdedup_train_latest.log,,2525,26.318058013916016,,,,1323827200,19921.226700039035,,
,,,,,,,train,,,,2.913795843720436,1.99749179000687e-06,0.41798445176197135,41.798445176197134,,,,,,,,,stage4_cpt_8k,,,,logs/l20_stage4_hq_crossdedup_train_latest.log,,2526,26.301794052124023,,,,1324351488,19933.545177982287,,
,,,,,,,train,,,,2.935894161462784,1.996795858572611e-06,0.4178405452918429,41.78405452918429,,,,,,,,,stage4_cpt_8k,,,,logs/l20_stage4_hq_crossdedup_train_latest.log,,2527,26.310852527618408,,,,1324875776,19926.68232432441,,
,,,,,,,train,,,,2.9426628053188324,1.996099842297231e-06,0.41762970146378925,41.762970146378926,,,,,,,,,stage4_cpt_8k,,,,logs/l20_stage4_hq_crossdedup_train_latest.log,,2528,26.324135780334473,,,,1325400064,19916.62724941842,,
,,,,,,,train,,,,2.919110283255577,1.9954037413979898e-06,0.4176609849677549,41.76609849677549,,,,,,,,,stage4_cpt_8k,,,,logs/l20_stage4_hq_crossdedup_train_latest.log,,2529,26.322164058685303,,,,1325924352,19918.11914974389,,
,,,,,,,train,,,,2.9420582056045532,1.9947075560921767e-06,0.4176036304141109,41.76036304141109,,,,,,,,,stage4_cpt_8k,,,,logs/l20_stage4_hq_crossdedup_train_latest.log,,2530,26.32577919960022,,,,1326448640,19915.38392937527,,
,,,,,,,train,,,,2.9292980432510376,1.9940112865971065e-06,0.4175755546302238,41.75755546302238,,,,,,,,,stage4_cpt_8k,,,,logs/l20_stage4_hq_crossdedup_train_latest.log,,2531,26.32754921913147,,,,1326972928,19914.045004197164,,
,,,,,,,train,,,,2.9524343460798264,1.9933149331301186e-06,0.41775168822208,41.775168822207995,,,,,,,,,stage4_cpt_8k,,,,logs/l20_stage4_hq_crossdedup_train_latest.log,,2532,26.31644892692566,,,,1327497216,19922.444759010592,,
,,,,,,,train,,,,2.9750205278396606,1.9926184959085805e-06,0.4178311024571064,41.783110245710645,,,,,,,,,stage4_cpt_8k,,,,logs/l20_stage4_hq_crossdedup_train_latest.log,,2533,26.311447143554688,,,,1328021504,19926.231998547857,,
,,,,,,,train,,,,2.95258666574955,1.9919219751498847e-06,0.4174618265849282,41.74618265849282,,,,,,,,,stage4_cpt_8k,,,,logs/l20_stage4_hq_crossdedup_train_latest.log,,2534,26.334721565246582,,,,1328545792,19908.62134999341,,
,,,,,,,train,,,,2.881226122379303,1.9912253710714514e-06,0.4179656254918756,41.79656254918756,,,,,,,,,stage4_cpt_8k,,,,logs/l20_stage4_hq_crossdedup_train_latest.log,,2535,26.30297875404358,,,,1329070080,19932.647359166527,,
,,,,,,,train,,,,2.9628914892673492,1.9905286838907244e-06,0.41786845223368885,41.786845223368886,,,,,,,,,stage4_cpt_8k,,,,logs/l20_stage4_hq_crossdedup_train_latest.log,,2536,26.30909538269043,,,,1329594368,19928.013197479428,,
,,,,,,,train,,,,2.9972113966941833,1.9898319138251753e-06,0.4178887202354515,41.788872023545146,,,,,,,,,stage4_cpt_8k,,,,logs/l20_stage4_hq_crossdedup_train_latest.log,,2537,26.307819366455078,,,,1330118656,19928.97977201851,,
,,,,,,,train,,,,2.888957440853119,1.989135061092301e-06,0.4177301241363857,41.77301241363857,,,,,,,,,stage4_cpt_8k,,,,logs/l20_stage4_hq_crossdedup_train_latest.log,,2538,26.31780743598938,,,,1330642944,19921.416374642235,,
,,,,,,,train,,,,2.856480687856674,1.988438125909624e-06,0.4178810929950982,41.78810929950982,,,,,,,,,stage4_cpt_8k,,,,logs/l20_stage4_hq_crossdedup_train_latest.log,,2539,26.30829954147339,,,,1331167232,19928.616031358953,,
,,,,,,,train,,,,2.9550856947898865,1.987741108494693e-06,0.417551853499498,41.755185349949805,,,,,,,,,stage4_cpt_8k,,,,logs/l20_stage4_hq_crossdedup_train_latest.log,,2540,26.32904362678528,,,,1331691520,19912.914704832918,,
,,,,,,,train,,,,2.898952379822731,1.9870440090650823e-06,0.41786722531014747,41.786722531014746,,,,,,,,,stage4_cpt_8k,,,,logs/l20_stage4_hq_crossdedup_train_latest.log,,2541,26.30917263031006,,,,1332215808,19927.9546858871,,
,,,,,,,train,,,,2.8575216829776764,1.9863468278383907e-06,0.4181688220819639,41.81688220819639,,,,,,,,,stage4_cpt_8k,,,,logs/l20_stage4_hq_crossdedup_train_latest.log,,2542,26.290197610855103,,,,1332740096,19942.337739733226,,
,,,,,,,train,,,,2.9573926627635956,1.9856495650322442e-06,0.4176078209276181,41.76078209276181,,,,,,,,,stage4_cpt_8k,,,,logs/l20_stage4_hq_crossdedup_train_latest.log,,2543,26.325515031814575,,,,1333264384,19915.583773627757,,
,,,,,,,train,,,,2.9668085277080536,1.9849522208642933e-06,0.41731289397921134,41.73128939792113,,,,,,,,,stage4_cpt_8k,,,,logs/l20_stage4_hq_crossdedup_train_latest.log,,2544,26.344120025634766,,,,1333788672,19901.518801532533,,
,,,,,,,train,,,,2.88095785677433,1.9842547955522145e-06,0.41757006017512704,41.7570060175127,,,,,,,,,stage4_cpt_8k,,,,logs/l20_stage4_hq_crossdedup_train_latest.log,,2545,26.327895641326904,,,,1334312960,19913.78297538619,,
,,,,,,,train,,,,2.9334506541490555,1.9835572893137083e-06,0.41759715948851256,41.75971594885126,,,,,,,,,stage4_cpt_8k,,,,logs/l20_stage4_hq_crossdedup_train_latest.log,,2546,26.326187133789062,,,,1334837248,19915.07533299755,,
,,,,,,,train,,,,2.963055118918419,1.982859702366502e-06,0.4181622843311125,41.81622843311125,,,,,,,,,stage4_cpt_8k,,,,logs/l20_stage4_hq_crossdedup_train_latest.log,,2547,26.290608644485474,,,,1335361536,19942.025956480502,,
,,,,,,,train,,,,2.8901520669460297,1.9821620349283472e-06,0.4182111365876131,41.82111365876131,,,,,,,,,stage4_cpt_8k,,,,logs/l20_stage4_hq_crossdedup_train_latest.log,,2548,26.287537574768066,,,,1335885824,19944.355705010374,,
,,,,,,,train,,,,2.908952295780182,1.9814642872170214e-06,0.41787791569162086,41.78779156916209,,,,,,,,,stage4_cpt_8k,,,,logs/l20_stage4_hq_crossdedup_train_latest.log,,2549,26.308499574661255,,,,1336410112,19928.464506769604,,
,,,,,,,train,,,,2.961420461535454,1.980766459450326e-06,0.4172831088804011,41.72831088804011,,,,,,,,,stage4_cpt_8k,,,,logs/l20_stage4_hq_crossdedup_train_latest.log,,2550,26.34600043296814,,,,1336934400,19900.098359670974,,
,,,,,,,train,,,,2.974361002445221,1.980068551846089e-06,0.4175162992868034,41.75162992868034,,,,,,,,,stage4_cpt_8k,,,,logs/l20_stage4_hq_crossdedup_train_latest.log,,2551,26.33128571510315,,,,1337458688,19911.219135770414,,
,,,,,,,train,,,,2.9463020861148834,1.9793705646221614e-06,0.41812573888400745,41.81257388840074,,,,,,,,,stage4_cpt_8k,,,,logs/l20_stage4_hq_crossdedup_train_latest.log,,2552,26.292906522750854,,,,1337982976,19940.28311576514,,
,,,,,,,train,,,,2.907993346452713,1.9786724979964206e-06,0.41818479189093194,41.818479189093196,,,,,,,,,stage4_cpt_8k,,,,logs/l20_stage4_hq_crossdedup_train_latest.log,,2553,26.289193630218506,,,,1338507264,19943.099334828945,,
,,,,,,,train,,,,2.9197189807891846,1.977974352186768e-06,0.4181710822800428,41.81710822800428,,,,,,,,,stage4_cpt_8k,,,,logs/l20_stage4_hq_crossdedup_train_latest.log,,2554,26.290055513381958,,,,1339031552,19942.44552785866,,
,,,,,,,train,,,,2.9114390462636948,1.97727612741113e-06,0.41806351105514417,41.806351105514416,,,,,,,,,stage4_cpt_8k,,,,logs/l20_stage4_hq_crossdedup_train_latest.log,,2555,26.296820163726807,,,,1339555840,19937.315490455767,,
,,,,,,,train,,,,2.9514417946338654,1.9765778238874567e-06,0.41774037228701033,41.77403722870103,,,,,,,,,stage4_cpt_8k,,,,logs/l20_stage4_hq_crossdedup_train_latest.log,,2556,26.317161798477173,,,,1340080128,19921.90510567662,,
,,,,,,,train,,,,2.929738402366638,1.975879441833725e-06,0.41779194991535784,41.77919499153578,,,,,,,,,stage4_cpt_8k,,,,logs/l20_stage4_hq_crossdedup_train_latest.log,,2557,26.313912868499756,,,,1340604416,19924.364826320543,,
,,,,,,,train,,,,2.945267155766487,1.975180981467935e-06,0.41787651072539417,41.78765107253942,,,,,,,,,stage4_cpt_8k,,,,logs/l20_stage4_hq_crossdedup_train_latest.log,,2558,26.3085880279541,,,,1341128704,19928.3975043784,,
,,,,,,,train,,,,2.951089531183243,1.9744824430081106e-06,0.4180234660708844,41.802346607088445,,,,,,,,,stage4_cpt_8k,,,,logs/l20_stage4_hq_crossdedup_train_latest.log,,2559,26.299339294433594,,,,1341652992,19935.405757929766,,
,,,,,,,train,,,,2.9158917516469955,1.9737838266723003e-06,0.4178414880842618,41.78414880842618,,,,,,,,,stage4_cpt_8k,,,,logs/l20_stage4_hq_crossdedup_train_latest.log,,2560,26.310793161392212,,,,1342177280,19926.72728579414,,
,,,,,,,train,,,,2.947221025824547,1.9730851326785776e-06,0.4178949881115784,41.78949881115784,,,,,,,,,stage4_cpt_8k,,,,logs/l20_stage4_hq_crossdedup_train_latest.log,,2561,26.307424783706665,,,,1342701568,19929.278685031702,,
,,,,,,,train,,,,2.9842306822538376,1.9723863612450406e-06,0.4176519398842052,41.76519398842052,,,,,,,,,stage4_cpt_8k,,,,logs/l20_stage4_hq_crossdedup_train_latest.log,,2562,26.322734117507935,,,,1343225856,19917.687792594556,,
,,,,,,,train,,,,2.9654920995235443,1.9716875125898103e-06,0.41767521729766227,41.76752172976623,,,,,,,,,stage4_cpt_8k,,,,logs/l20_stage4_hq_crossdedup_train_latest.log,,2563,26.321267127990723,,,,1343750144,19918.797885017415,,
,,,,,,,train,,,,2.9290786534547806,1.970988586931032e-06,0.4178643814502609,41.78643814502609,,,,,,,,,stage4_cpt_8k,,,,logs/l20_stage4_hq_crossdedup_train_latest.log,,2564,26.309351682662964,,,,1344274432,19927.81906311623,,
,,,,,,,train,,,,2.997201755642891,1.9702895844868766e-06,0.41782287913316957,41.78228791331696,,,,,,,,,stage4_cpt_8k,,,,logs/l20_stage4_hq_crossdedup_train_latest.log,,2565,26.311964988708496,,,,1344798720,19925.83983085234,,
,,,,,,,train,,,,2.9622851461172104,1.9695905054755373e-06,0.4176796778686259,41.76796778686259,,,,,,,,,stage4_cpt_8k,,,,logs/l20_stage4_hq_crossdedup_train_latest.log,,2566,26.320986032485962,,,,1345323008,19919.010608223864,,
,,,,,,,train,,,,2.9512443095445633,1.9688913501152313e-06,0.41778294836689844,41.778294836689845,,,,,,,,,stage4_cpt_8k,,,,logs/l20_stage4_hq_crossdedup_train_latest.log,,2567,26.31447982788086,,,,1345847296,19923.935545345783,,
,,,,,,,train,,,,2.9809900373220444,1.9681921186242007e-06,0.41778666931319625,41.77866693131963,,,,,,,,,stage4_cpt_8k,,,,logs/l20_stage4_hq_crossdedup_train_latest.log,,2568,26.314245462417603,,,,1346371584,19924.11299608784,,
,,,,,,,train,,,,2.9970329254865646,1.96749281122071e-06,0.4174141694337752,41.741416943377516,,,,,,,,,stage4_cpt_8k,,,,logs/l20_stage4_hq_crossdedup_train_latest.log,,2569,26.337728261947632,,,,1346895872,19906.348595656356,,
,,,,,,,train,,,,2.8762210309505463,1.966793428123049e-06,0.41788154744054623,41.78815474405462,,,,,,,,,stage4_cpt_8k,,,,logs/l20_stage4_hq_crossdedup_train_latest.log,,2570,26.308270931243896,,,,1347420160,19928.637703717417,,
,,,,,,,train,,,,2.930873543024063,1.9660939695495306e-06,0.4179608860400622,41.79608860400622,,,,,,,,,stage4_cpt_8k,,,,logs/l20_stage4_hq_crossdedup_train_latest.log,,2571,26.303277015686035,,,,1347944448,19932.421336221312,,
,,,,,,,train,,,,2.9257842898368835,1.965394435718489e-06,0.4178490532955405,41.78490532955405,,,,,,,,,stage4_cpt_8k,,,,logs/l20_stage4_hq_crossdedup_train_latest.log,,2572,26.310316801071167,,,,1348468736,19927.088068306908,,
,,,,,,,train,,,,3.015698656439781,1.9646948268482854e-06,0.4178065886695898,41.78065886695898,,,,,,,,,stage4_cpt_8k,,,,logs/l20_stage4_hq_crossdedup_train_latest.log,,2573,26.31299090385437,,,,1348993024,19925.06294384047,,
,,,,,,,train,,,,2.937905192375183,1.9639951431573017e-06,0.41786916794241513,41.78691679424151,,,,,,,,,stage4_cpt_8k,,,,logs/l20_stage4_hq_crossdedup_train_latest.log,,2574,26.30905032157898,,,,1349517312,19928.047329400295,,
,,,,,,,train,,,,2.8948758840560913,1.9632953848639458e-06,0.4182944404354443,41.82944404354443,,,,,,,,,stage4_cpt_8k,,,,logs/l20_stage4_hq_crossdedup_train_latest.log,,2575,26.282302379608154,,,,1350041600,19948.328438941608,,
,,,,,,,train,,,,2.961689993739128,1.9625955521866463e-06,0.41813045174276436,41.81304517427644,,,,,,,,,stage4_cpt_8k,,,,logs/l20_stage4_hq_crossdedup_train_latest.log,,2576,26.29261016845703,,,,1350565888,19940.507870495978,,
,,,,,,,train,,,,2.891391769051552,1.961895645343856e-06,0.4180063452588901,41.80063452588901,,,,,,,,,stage4_cpt_8k,,,,logs/l20_stage4_hq_crossdedup_train_latest.log,,2577,26.300416469573975,,,,1351090176,19934.589271866866,,
,,,,,,,train,,,,2.895974814891815,1.9611956645540514e-06,0.41812846118205915,41.81284611820592,,,,,,,,,stage4_cpt_8k,,,,logs/l20_stage4_hq_crossdedup_train_latest.log,,2578,26.29273533821106,,,,1351614464,19940.412941290884,,
,,,,,,,train,,,,2.950283035635948,1.960495610035731e-06,0.41789107966161815,41.789107966161815,,,,,,,,,stage4_cpt_8k,,,,logs/l20_stage4_hq_crossdedup_train_latest.log,,2579,26.307670831680298,,,,1352138752,19929.092292299796,,
,,,,,,,train,,,,2.933832064270973,1.959795482007418e-06,0.4181125335874484,41.811253358744835,,,,,,,,,stage4_cpt_8k,,,,logs/l20_stage4_hq_crossdedup_train_latest.log,,2580,26.293736934661865,,,,1352663040,19939.653359384396,,
,,,,,,,train,,,,2.9267789721488953,1.9590952806876563e-06,0.41761092226432955,41.76109222643296,,,,,,,,,stage4_cpt_8k,,,,logs/l20_stage4_hq_crossdedup_train_latest.log,,2581,26.325319528579712,,,,1353187328,19915.73167538628,,
,,,,,,,train,,,,2.966367319226265,1.958395006295015e-06,0.4179812236314177,41.79812236314177,,,,,,,,,stage4_cpt_8k,,,,logs/l20_stage4_hq_crossdedup_train_latest.log,,2582,26.301997184753418,,,,1353711616,19933.391229465877,,
,,,,,,,train,,,,2.951323688030243,1.957694659048084e-06,0.4182766144608006,41.827661446080064,,,,,,,,,stage4_cpt_8k,,,,logs/l20_stage4_hq_crossdedup_train_latest.log,,2583,26.283422470092773,,,,1354235904,19947.47832389689,,
,,,,,,,train,,,,2.8992243111133575,1.9569942391654764e-06,0.41833563798512574,41.83356379851257,,,,,,,,,stage4_cpt_8k,,,,logs/l20_stage4_hq_crossdedup_train_latest.log,,2584,26.279714107513428,,,,1354760192,19950.29313694493,,
,,,,,,,train,,,,2.9915634393692017,1.9562937468658305e-06,0.4182397569248325,41.82397569248325,,,,,,,,,stage4_cpt_8k,,,,logs/l20_stage4_hq_crossdedup_train_latest.log,,2585,26.285738706588745,,,,1355284480,19945.720599763197,,
,,,,,,,train,,,,2.895253747701645,1.9555931823678025e-06,0.4181443293211773,41.814432932117725,,,,,,,,,stage4_cpt_8k,,,,logs/l20_stage4_hq_crossdedup_train_latest.log,,2586,26.29173755645752,,,,1355808768,19941.16968778389,,
,,,,,,,train,,,,2.9066987335681915,1.954892545890075e-06,0.41824389951683466,41.824389951683465,,,,,,,,,stage4_cpt_8k,,,,logs/l20_stage4_hq_crossdedup_train_latest.log,,2587,26.285478353500366,,,,1356333056,19945.918158654396,,
,,,,,,,train,,,,2.9292550086975098,1.954191837651352e-06,0.4183549416921798,41.83549416921798,,,,,,,,,stage4_cpt_8k,,,,logs/l20_stage4_hq_crossdedup_train_latest.log,,2588,26.278501510620117,,,,1356857344,19951.21372457694,,
,,,,,,,train,,,,2.9508586525917053,1.953491057870359e-06,0.41801235898325834,41.801235898325835,,,,,,,,,stage4_cpt_8k,,,,logs/l20_stage4_hq_crossdedup_train_latest.log,,2589,26.30003809928894,,,,1357381632,19934.87606446376,,
,,,,,,,train,,,,2.8873987942934036,1.9527902067658453e-06,0.41790853569830183,41.79085356983018,,,,,,,,,stage4_cpt_8k,,,,logs/l20_stage4_hq_crossdedup_train_latest.log,,2590,26.30657196044922,,,,1357905920,19929.924765121206,,
,,,,,,,train,,,,2.9634432047605515,1.9520892845565807e-06,0.4182503601514811,41.82503601514811,,,,,,,,,stage4_cpt_8k,,,,logs/l20_stage4_hq_crossdedup_train_latest.log,,2591,26.285072326660156,,,,1358430208,19946.226264259905,,
,,,,,,,train,,,,2.9926990419626236,1.9513882914613594e-06,0.41802087019577744,41.80208701957774,,,,,,,,,stage4_cpt_8k,,,,logs/l20_stage4_hq_crossdedup_train_latest.log,,2592,26.29950261116028,,,,1358954496,19935.28196147393,,
,,,,,,,train,,,,2.910396620631218,1.9506872276989955e-06,0.4176748654500626,41.767486545006264,,,,,,,,,stage4_cpt_8k,,,,logs/l20_stage4_hq_crossdedup_train_latest.log,,2593,26.32128930091858,,,,1359478784,19918.781105517617,,
,,,,,,,train,,,,2.9644361585378647,1.9499860934883266e-06,0.41733345184047216,41.73334518404722,,,,,,,,,stage4_cpt_8k,,,,logs/l20_stage4_hq_crossdedup_train_latest.log,,2594,26.342822313308716,,,,1360003072,19902.49919937862,,
,,,,,,,train,,,,2.9264090955257416,1.9492848890482113e-06,0.41746025812077153,41.74602581207715,,,,,,,,,stage4_cpt_8k,,,,logs/l20_stage4_hq_crossdedup_train_latest.log,,2595,26.33482050895691,,,,1360527360,19908.546550438077,,
,,,,,,,train,,,,2.9005106538534164,1.9485836145975317e-06,0.4181767366745362,41.81767366745362,,,,,,,,,stage4_cpt_8k,,,,logs/l20_stage4_hq_crossdedup_train_latest.log,,2596,26.289700031280518,,,,1361051648,19942.715184128443,,
,,,,,,,train,,,,2.941016063094139,1.9478822703551904e-06,0.4179971222774325,41.79971222774325,,,,,,,,,stage4_cpt_8k,,,,logs/l20_stage4_hq_crossdedup_train_latest.log,,2597,26.300996780395508,,,,1361575936,19934.14943082305,,
,,,,,,,train,,,,2.8748026490211487,1.9471808565401116e-06,0.4179095583362524,41.79095583362524,,,,,,,,,stage4_cpt_8k,,,,logs/l20_stage4_hq_crossdedup_train_latest.log,,2598,26.30650758743286,,,,1362100224,19929.97353439887,,
,,,,,,,train,,,,2.919929802417755,1.9464793733712418e-06,0.4181840599304846,41.81840599304846,,,,,,,,,stage4_cpt_8k,,,,logs/l20_stage4_hq_crossdedup_train_latest.log,,2599,26.289239645004272,,,,1362624512,19943.06442786869,,
,,,,,,,train,,,,2.9362427294254303,1.9457778210675496e-06,0.41849407898291685,41.84940789829169,,,,,,,,,stage4_cpt_8k,,,,logs/l20_stage4_hq_crossdedup_train_latest.log,,2600,26.26976466178894,,,,1363148800,19957.84913759089,,
,,,,,,,train,,,,2.905997797846794,1.945076199848025e-06,0.41818142792807983,41.81814279280798,,,,,,,,,stage4_cpt_8k,,,,logs/l20_stage4_hq_crossdedup_train_latest.log,,2601,26.28940510749817,,,,1363673088,19942.938908513548,,
,,,,,,,train,,,,2.9249140173196793,1.9443745099316775e-06,0.41772186694507124,41.77218669450713,,,,,,,,,stage4_cpt_8k,,,,logs/l20_stage4_hq_crossdedup_train_latest.log,,2602,26.31832766532898,,,,1364197376,19921.022591822282,,
,,,,,,,train,,,,2.9628951996564865,1.943672751537541e-06,0.4184152706164471,41.84152706164471,,,,,,,,,stage4_cpt_8k,,,,logs/l20_stage4_hq_crossdedup_train_latest.log,,2603,26.274712562561035,,,,1364721664,19954.090791731836,,
,,,,,,,train,,,,2.9859039932489395,1.94297092488467e-06,0.4180121202498812,41.80121202498812,,,,,,,,,stage4_cpt_8k,,,,logs/l20_stage4_hq_crossdedup_train_latest.log,,2604,26.300053119659424,,,,1365245952,19934.864679345155,,
,,,,,,,train,,,,2.9613321870565414,1.9422690301921385e-06,0.41766744652203996,41.766744652204,,,,,,,,,stage4_cpt_8k,,,,logs/l20_stage4_hq_crossdedup_train_latest.log,,2605,26.321756839752197,,,,1365770240,19918.42729920667,,
,,,,,,,train,,,,2.9834475219249725,1.9415670676790437e-06,0.4178586029673843,41.785860296738434,,,,,,,,,stage4_cpt_8k,,,,logs/l20_stage4_hq_crossdedup_train_latest.log,,2606,26.309715509414673,,,,1366294528,19927.543489111034,,
,,,,,,,train,,,,2.910674437880516,1.9408650375645035e-06,0.4181442686521631,41.81442686521631,,,,,,,,,stage4_cpt_8k,,,,logs/l20_stage4_hq_crossdedup_train_latest.log,,2607,26.291741371154785,,,,1366818816,19941.166794497956,,
,,,,,,,train,,,,2.938543200492859,1.9401629400676562e-06,0.4179167320927932,41.79167320927932,,,,,,,,,stage4_cpt_8k,,,,logs/l20_stage4_hq_crossdedup_train_latest.log,,2608,26.306056022644043,,,,1367343104,19930.315648560052,,
,,,,,,,train,,,,2.9080527126789093,1.9394607754076625e-06,0.41818818624877857,41.818818624877856,,,,,,,,,stage4_cpt_8k,,,,logs/l20_stage4_hq_crossdedup_train_latest.log,,2609,26.28898024559021,,,,1367867392,19943.261210671935,,
,,,,,,,train,,,,2.9904148429632187,1.938758543803702e-06,0.41789298464311503,41.7892984643115,,,,,,,,,stage4_cpt_8k,,,,logs/l20_stage4_hq_crossdedup_train_latest.log,,2610,26.30755090713501,,,,1368391680,19929.183140259745,,
,,,,,,,train,,,,2.9361823946237564,1.9380562454749777e-06,0.4174133532614357,41.74133532614357,,,,,,,,,stage4_cpt_8k,,,,logs/l20_stage4_hq_crossdedup_train_latest.log,,2611,26.337779760360718,,,,1368915968,19906.309672657822,,
,,,,,,,train,,,,2.971625432372093,1.937353880640711e-06,0.4176749108497195,41.76749108497195,,,,,,,,,stage4_cpt_8k,,,,logs/l20_stage4_hq_crossdedup_train_latest.log,,2612,26.32128643989563,,,,1369440256,19918.783270612777,,
,,,,,,,train,,,,2.964438706636429,1.936651449520146e-06,0.41794004660850825,41.794004660850824,,,,,,,,,stage4_cpt_8k,,,,logs/l20_stage4_hq_crossdedup_train_latest.log,,2613,26.304588556289673,,,,1369964544,19931.42751037776,,
,,,,,,,train,,,,2.91413214802742,1.935948952332546e-06,0.41807043613624495,41.807043613624494,,,,,,,,,stage4_cpt_8k,,,,logs/l20_stage4_hq_crossdedup_train_latest.log,,2614,26.296384572982788,,,,1370488832,19937.645745364538,,
,,,,,,,train,,,,2.99581940472126,1.935246389297196e-06,0.41778130556938003,41.778130556938,,,,,,,,,stage4_cpt_8k,,,,logs/l20_stage4_hq_crossdedup_train_latest.log,,2615,26.31458330154419,,,,1371013120,19923.857200856142,,
,,,,,,,train,,,,2.9114109724760056,1.9345437606334013e-06,0.4175301361275444,41.753013612754444,,,,,,,,,stage4_cpt_8k,,,,logs/l20_stage4_hq_crossdedup_train_latest.log,,2616,26.330413103103638,,,,1371537408,19911.879010291745,,
,,,,,,,train,,,,2.9468064308166504,1.9338410665604873e-06,0.41822090385683386,41.82209038568339,,,,,,,,,stage4_cpt_8k,,,,logs/l20_stage4_hq_crossdedup_train_latest.log,,2617,26.28692364692688,,,,1372061696,19944.821502963998,,
,,,,,,,train,,,,2.9816276729106903,1.9331383072978e-06,0.41822761414033593,41.82276141403359,,,,,,,,,stage4_cpt_8k,,,,logs/l20_stage4_hq_crossdedup_train_latest.log,,2618,26.28650188446045,,,,1372585984,19945.1415142438,,
,,,,,,,train,,,,2.9147405922412872,1.9324354830647065e-06,0.41795683239757386,41.79568323975739,,,,,,,,,stage4_cpt_8k,,,,logs/l20_stage4_hq_crossdedup_train_latest.log,,2619,26.303532123565674,,,,1373110272,19932.228019304053,,
,,,,,,,train,,,,2.9168409258127213,1.9317325940805934e-06,0.41743127578019024,41.74312757801902,,,,,,,,,stage4_cpt_8k,,,,logs/l20_stage4_hq_crossdedup_train_latest.log,,2620,26.33664894104004,,,,1373634560,19907.164391860395,,
,,,,,,,train,,,,2.9518729150295258,1.931029640564866e-06,0.4183881789095346,41.838817890953464,,,,,,,,,stage4_cpt_8k,,,,logs/l20_stage4_hq_crossdedup_train_latest.log,,2621,26.276413917541504,,,,1374158848,19952.798796870753,,
,,,,,,,train,,,,2.9294372648000717,1.9303266227369536e-06,0.41822567196717436,41.822567196717436,,,,,,,,,stage4_cpt_8k,,,,logs/l20_stage4_hq_crossdedup_train_latest.log,,2622,26.28662395477295,,,,1374683136,19945.04889262523,,
,,,,,,,train,,,,2.919867917895317,1.9296235408163017e-06,0.4177042335231395,41.77042335231395,,,,,,,,,stage4_cpt_8k,,,,logs/l20_stage4_hq_crossdedup_train_latest.log,,2623,26.319438695907593,,,,1375207424,19920.18165955498,,
,,,,,,,train,,,,2.958236202597618,1.928920395022378e-06,0.4181552234864389,41.81552234864389,,,,,,,,,stage4_cpt_8k,,,,logs/l20_stage4_hq_crossdedup_train_latest.log,,2624,26.29105257987976,,,,1375731712,19941.689227050254,,
,,,,,,,train,,,,2.9299354553222656,1.92821718557467e-06,0.41833319763150684,41.83331976315068,,,,,,,,,stage4_cpt_8k,,,,logs/l20_stage4_hq_crossdedup_train_latest.log,,2625,26.27986741065979,,,,1376256000,19950.176757259258,,
,,,,,,,train,,,,2.9259722232818604,1.927513912692684e-06,0.4179377017816419,41.793770178164195,,,,,,,,,stage4_cpt_8k,,,,logs/l20_stage4_hq_crossdedup_train_latest.log,,2626,26.304736137390137,,,,1376780288,19931.315686332448,,
,,,,,,,train,,,,2.9527809619903564,1.926810576595947e-06,0.41772759245136964,41.77275924513697,,,,,,,,,stage4_cpt_8k,,,,logs/l20_stage4_hq_crossdedup_train_latest.log,,2627,26.3179669380188,,,,1377304576,19921.295639391363,,
,,,,,,,train,,,,2.948968693614006,1.9261071775040055e-06,0.41759345704442663,41.759345704442666,,,,,,,,,stage4_cpt_8k,,,,logs/l20_stage4_hq_crossdedup_train_latest.log,,2628,26.326420545578003,,,,1377828864,19914.898764620077,,
,,,,,,,train,,,,2.9844759106636047,1.9254037156364257e-06,0.4182648982577322,41.82648982577322,,,,,,,,,stage4_cpt_8k,,,,logs/l20_stage4_hq_crossdedup_train_latest.log,,2629,26.28415870666504,,,,1378353152,19946.91958190973,,
,,,,,,,train,,,,2.921321228146553,1.9247001912127932e-06,0.41814444307562637,41.81444430756264,,,,,,,,,stage4_cpt_8k,,,,logs/l20_stage4_hq_crossdedup_train_latest.log,,2630,26.291730403900146,,,,1378877440,19941.17511269728,,
,,,,,,,train,,,,2.9300397634506226,1.923996604452713e-06,0.41783924659278704,41.7839246592787,,,,,,,,,stage4_cpt_8k,,,,logs/l20_stage4_hq_crossdedup_train_latest.log,,2631,26.31093430519104,,,,1379401728,19926.620389780688,,
,,,,,,,train,,,,2.9638015925884247,1.9232929555758103e-06,0.4176400959945419,41.76400959945419,,,,,,,,,stage4_cpt_8k,,,,logs/l20_stage4_hq_crossdedup_train_latest.log,,2632,26.3234806060791,,,,1379926016,19917.12296127442,,
,,,,,,,train,,,,2.959638610482216,1.9225892448017294e-06,0.41763337807273127,41.763337807273125,,,,,,,,,stage4_cpt_8k,,,,logs/l20_stage4_hq_crossdedup_train_latest.log,,2633,26.323904037475586,,,,1380450304,19916.80258572612,,
,,,,,,,train,,,,2.9440852105617523,1.921885472350133e-06,0.4177302414498883,41.77302414498883,,,,,,,,,stage4_cpt_8k,,,,logs/l20_stage4_hq_crossdedup_train_latest.log,,2634,26.317800045013428,,,,1380974592,19921.42196928575,,
,,,,,,,train,,,,2.9208105951547623,1.9211816384407045e-06,0.41781166155714095,41.7811661557141,,,,,,,,,stage4_cpt_8k,,,,logs/l20_stage4_hq_crossdedup_train_latest.log,,2635,26.312671422958374,,,,1381498880,19925.30486822966,,
,,,,,,,train,,,,2.9373426884412766,1.9204777432931453e-06,0.41803976587163955,41.80397658716395,,,,,,,,,stage4_cpt_8k,,,,logs/l20_stage4_hq_crossdedup_train_latest.log,,2636,26.298313856124878,,,,1382023168,19936.18309022855,,
,,,,,,,train,,,,2.950930431485176,1.9197737871271766e-06,0.4185655041713695,41.85655041713695,,,,,,,,,stage4_cpt_8k,,,,logs/l20_stage4_hq_crossdedup_train_latest.log,,2637,26.265281915664673,,,,1382547456,19961.255382045354,,
,,,,,,,train,,,,2.980909049510956,1.9190697701625382e-06,0.4184874968755367,41.84874968755367,,,,,,,,,stage4_cpt_8k,,,,logs/l20_stage4_hq_crossdedup_train_latest.log,,2638,26.270177841186523,,,,1383071744,19957.535238989458,,
,,,,,,,train,,,,2.914536401629448,1.9183656926189894e-06,0.4182254974759375,41.822549747593754,,,,,,,,,stage4_cpt_8k,,,,logs/l20_stage4_hq_crossdedup_train_latest.log,,2639,26.286634922027588,,,,1383596032,19945.0405711938,,
,,,,,,,train,,,,2.947420611977577,1.9176615547163078e-06,0.41837475204742824,41.83747520474282,,,,,,,,,stage4_cpt_8k,,,,logs/l20_stage4_hq_crossdedup_train_latest.log,,2640,26.277257204055786,,,,1384120320,19952.158474099735,,
,,,,,,,train,,,,2.904302477836609,1.9169573566742907e-06,0.418106126494598,41.8106126494598,,,,,,,,,stage4_cpt_8k,,,,logs/l20_stage4_hq_crossdedup_train_latest.log,,2641,26.294139862060547,,,,1384644608,19939.347807170067,,
,,,,,,,train,,,,2.916841521859169,1.9162530987127525e-06,0.4179284439500318,41.79284439500318,,,,,,,,,stage4_cpt_8k,,,,logs/l20_stage4_hq_crossdedup_train_latest.log,,2642,26.30531883239746,,,,1385168896,19930.874183295975,,
,,,,,,,train,,,,2.9543152153491974,1.915548781051529e-06,0.4177554918763806,41.77554918763806,,,,,,,,,stage4_cpt_8k,,,,logs/l20_stage4_hq_crossdedup_train_latest.log,,2643,26.316209316253662,,,,1385693184,19922.62615407092,,
,,,,,,,train,,,,2.9218876510858536,1.9148444039104724e-06,0.4181526942300544,41.81526942300544,,,,,,,,,stage4_cpt_8k,,,,logs/l20_stage4_hq_crossdedup_train_latest.log,,2644,26.29121160507202,,,,1386217472,19941.568607620044,,
,,,,,,,train,,,,2.8963775783777237,1.9141399675094533e-06,0.41835642958625247,41.83564295862524,,,,,,,,,stage4_cpt_8k,,,,logs/l20_stage4_hq_crossdedup_train_latest.log,,2645,26.27840805053711,,,,1386741760,19951.284681770667,,
,,,,,,,train,,,,2.9260943681001663,1.9134354720683633e-06,0.41811452020523143,41.81145202052314,,,,,,,,,stage4_cpt_8k,,,,logs/l20_stage4_hq_crossdedup_train_latest.log,,2646,26.293612003326416,,,,1387266048,19939.74810055279,,
,,,,,,,train,,,,2.956445947289467,1.9127309178071086e-06,0.4181338035106617,41.81338035106617,,,,,,,,,stage4_cpt_8k,,,,logs/l20_stage4_hq_crossdedup_train_latest.log,,2647,26.292399406433105,,,,1387790336,19940.667715237872,,
,,,,,,,train,,,,2.953419491648674,1.9120263049456185e-06,0.4178907388118898,41.78907388118898,,,,,,,,,stage4_cpt_8k,,,,logs/l20_stage4_hq_crossdedup_train_latest.log,,2648,26.307692289352417,,,,1388314624,19929.076037284976,,
,,,,,,,train,,,,2.9742095917463303,1.911321633703836e-06,0.41757457900410166,41.75745790041017,,,,,,,,,stage4_cpt_8k,,,,logs/l20_stage4_hq_crossdedup_train_latest.log,,2649,26.327610731124878,,,,1388838912,19913.9984768986,,
,,,,,,,train,,,,2.92888343334198,1.910616904301725e-06,0.41793005002561956,41.793005002561955,,,,,,,,,stage4_cpt_8k,,,,logs/l20_stage4_hq_crossdedup_train_latest.log,,2650,26.305217742919922,,,,1389363200,19930.950776528458,,
,,,,,,,train,,,,2.9149667769670486,1.909912116959267e-06,0.4178741666113999,41.78741666113999,,,,,,,,,stage4_cpt_8k,,,,logs/l20_stage4_hq_crossdedup_train_latest.log,,2651,26.308735609054565,,,,1389887488,19928.28571432973,,
,,,,,,,train,,,,2.921665146946907,1.9092072718964612e-06,0.4180009266132365,41.80009266132365,,,,,,,,,stage4_cpt_8k,,,,logs/l20_stage4_hq_crossdedup_train_latest.log,,2652,26.30075740814209,,,,1390411776,19934.33085838406,,
,,,,,,,train,,,,2.9117060899734497,1.9085023693333257e-06,0.41820121806071225,41.82012180607123,,,,,,,,,stage4_cpt_8k,,,,logs/l20_stage4_hq_crossdedup_train_latest.log,,2653,26.288161039352417,,,,1390936064,19943.88269362623,,
,,,,,,,train,,,,2.9543929398059845,1.9077974094898955e-06,0.4181953316469453,41.819533164694526,,,,,,,,,stage4_cpt_8k,,,,logs/l20_stage4_hq_crossdedup_train_latest.log,,2654,26.288531064987183,,,,1391460352,19943.601972431305,,
,,,,,,,train,,,,2.9581354558467865,1.907092392586224e-06,0.41791358454838007,41.791358454838004,,,,,,,,,stage4_cpt_8k,,,,logs/l20_stage4_hq_crossdedup_train_latest.log,,2655,26.306254148483276,,,,1391984640,19930.165543170977,,
,,,,,,,train,,,,2.9639434218406677,1.906387318842382e-06,0.41795304401773126,41.79530440177312,,,,,,,,,stage4_cpt_8k,,,,logs/l20_stage4_hq_crossdedup_train_latest.log,,2656,26.303770542144775,,,,1392508928,19932.04735267776,,
,,,,,,,train,,,,2.9554994851350784,1.9056821884784593e-06,0.41786162472289823,41.786162472289824,,,,,,,,,stage4_cpt_8k,,,,logs/l20_stage4_hq_crossdedup_train_latest.log,,2657,26.30952525138855,,,,1393033216,19927.687595667634,,
,,,,,,,train,,,,2.9034197628498077,1.9049770017145613e-06,0.41817035036758726,41.817035036758725,,,,,,,,,stage4_cpt_8k,,,,logs/l20_stage4_hq_crossdedup_train_latest.log,,2658,26.290101528167725,,,,1393557504,19942.410623187123,,
,,,,,,,train,,,,2.9506747275590897,1.9042717587708129e-06,0.41795619973336334,41.795619973336336,,,,,,,,,stage4_cpt_8k,,,,logs/l20_stage4_hq_crossdedup_train_latest.log,,2659,26.303571939468384,,,,1394081792,19932.197847749656,,
,,,,,,,train,,,,2.9380180090665817,1.903566459867356e-06,0.41792829622200095,41.792829622200095,,,,,,,,,stage4_cpt_8k,,,,logs/l20_stage4_hq_crossdedup_train_latest.log,,2660,26.305328130722046,,,,1394606080,19930.867138193305,,
,,,,,,,train,,,,2.960921511054039,1.902861105224349e-06,0.41845832236389857,41.84583223638986,,,,,,,,,stage4_cpt_8k,,,,logs/l20_stage4_hq_crossdedup_train_latest.log,,2661,26.27200937271118,,,,1395130368,19956.143915835368,,
,,,,,,,train,,,,2.9584350287914276,1.902155695061969e-06,0.4179066836000875,41.790668360008745,,,,,,,,,stage4_cpt_8k,,,,logs/l20_stage4_hq_crossdedup_train_latest.log,,2662,26.3066885471344,,,,1395654656,19929.836439148134,,
,,,,,,,train,,,,2.961899757385254,1.9014502296004099e-06,0.4178636203172305,41.78636203172305,,,,,,,,,stage4_cpt_8k,,,,logs/l20_stage4_hq_crossdedup_train_latest.log,,2663,26.309399604797363,,,,1396178944,19927.782764924792,,
,,,,,,,train,,,,2.926864042878151,1.9007447090598824e-06,0.41764970799160606,41.76497079916061,,,,,,,,,stage4_cpt_8k,,,,logs/l20_stage4_hq_crossdedup_train_latest.log,,2664,26.322874784469604,,,,1396703232,19917.581354348422,,
,,,,,,,train,,,,2.944539174437523,1.9000391336606156e-06,0.4180051023683101,41.80051023683101,,,,,,,,,stage4_cpt_8k,,,,logs/l20_stage4_hq_crossdedup_train_latest.log,,2665,26.30049467086792,,,,1397227520,19934.529998811555,,
,,,,,,,train,,,,2.9406642615795135,1.8993335036228545e-06,0.418333827642312,41.833382764231196,,,,,,,,,stage4_cpt_8k,,,,logs/l20_stage4_hq_crossdedup_train_latest.log,,2666,26.27982783317566,,,,1397751808,19950.206802273595,,
,,,,,,,train,,,,2.9247558563947678,1.8986278191668618e-06,0.41801558001579886,41.801558001579885,,,,,,,,,stage4_cpt_8k,,,,logs/l20_stage4_hq_crossdedup_train_latest.log,,2667,26.299835443496704,,,,1398276096,19935.029674478188,,
,,,,,,,train,,,,2.9195792973041534,1.8979220805129167e-06,0.4177078698215634,41.77078698215634,,,,,,,,,stage4_cpt_8k,,,,logs/l20_stage4_hq_crossdedup_train_latest.log,,2668,26.319209575653076,,,,1398800384,19920.355073466922,,
,,,,,,,train,,,,2.9398983269929886,1.8972162878813159e-06,0.41802200707141834,41.802200707141836,,,,,,,,,stage4_cpt_8k,,,,logs/l20_stage4_hq_crossdedup_train_latest.log,,2669,26.299431085586548,,,,1399324672,19935.33617871061,,
,,,,,,,train,,,,2.9242282807826996,1.8965104414923725e-06,0.4183083402859747,41.83083402859747,,,,,,,,,stage4_cpt_8k,,,,logs/l20_stage4_hq_crossdedup_train_latest.log,,2670,26.281429052352905,,,,1399848960,19948.991318379696,,
,,,,,,,train,,,,2.9394159466028214,1.895804541566417e-06,0.41825920353986273,41.82592035398628,,,,,,,,,stage4_cpt_8k,,,,logs/l20_stage4_hq_crossdedup_train_latest.log,,2671,26.28451657295227,,,,1400373248,19946.648002631006,,
,,,,,,,train,,,,2.9502859860658646,1.8950985883237955e-06,0.41814845864733136,41.81484586473314,,,,,,,,,stage4_cpt_8k,,,,logs/l20_stage4_hq_crossdedup_train_latest.log,,2672,26.291477918624878,,,,1400897536,19941.366614031023,,
,,,,,,,train,,,,2.983056217432022,1.894392581984872e-06,0.41807746758358527,41.807746758358526,,,,,,,,,stage4_cpt_8k,,,,logs/l20_stage4_hq_crossdedup_train_latest.log,,2673,26.295942306518555,,,,1401421824,19937.98107284534,,
,,,,,,,train,,,,2.9279755502939224,1.8936865227700266e-06,0.4178713983943304,41.78713983943304,,,,,,,,,stage4_cpt_8k,,,,logs/l20_stage4_hq_crossdedup_train_latest.log,,2674,26.30890989303589,,,,1401946112,19928.153698940674,,
,,,,,,,train,,,,2.9353160858154297,1.8929804108996553e-06,0.4178005013671309,41.78005013671309,,,,,,,,,stage4_cpt_8k,,,,logs/l20_stage4_hq_crossdedup_train_latest.log,,2675,26.313374280929565,,,,1402470400,19924.772642327902,,
,,,,,,,train,,,,2.898941397666931,1.892274246594171e-06,0.41801235519383756,41.80123551938376,,,,,,,,,stage4_cpt_8k,,,,logs/l20_stage4_hq_crossdedup_train_latest.log,,2676,26.30003833770752,,,,1402994688,19934.87588374749,,
,,,,,,,train,,,,2.970297262072563,1.8915680300740035e-06,0.4178410299396232,41.78410299396232,,,,,,,,,stage4_cpt_8k,,,,logs/l20_stage4_hq_crossdedup_train_latest.log,,2677,26.310822010040283,,,,1403518976,19926.70543702246,,
,,,,,,,train,,,,3.0263866633176804,1.8908617615595979e-06,0.41753672218099014,41.75367221809901,,,,,,,,,stage4_cpt_8k,,,,logs/l20_stage4_hq_crossdedup_train_latest.log,,2678,26.329997777938843,,,,1404043264,19912.193097079788,,
,,,,,,,train,,,,2.9333674162626266,1.8901554412714164e-06,0.4175828114652599,41.75828114652599,,,,,,,,,stage4_cpt_8k,,,,logs/l20_stage4_hq_crossdedup_train_latest.log,,2679,26.327091693878174,,,,1404567552,19914.391080345285,,
,,,,,,,train,,,,2.925056904554367,1.8894490694299369e-06,0.4178222128006555,41.78222128006555,,,,,,,,,stage4_cpt_8k,,,,logs/l20_stage4_hq_crossdedup_train_latest.log,,2680,26.312006950378418,,,,1405091840,19925.80805366729,,
,,,,,,,train,,,,2.980451688170433,1.8887426462556537e-06,0.41781449712781,41.781449712781,,,,,,,,,stage4_cpt_8k,,,,logs/l20_stage4_hq_crossdedup_train_latest.log,,2681,26.312492847442627,,,,1405616128,19925.440095690392,,
,,,,,,,train,,,,2.9282610565423965,1.888036171969076e-06,0.4175489194050027,41.75489194050027,,,,,,,,,stage4_cpt_8k,,,,logs/l20_stage4_hq_crossdedup_train_latest.log,,2682,26.32922863960266,,,,1406140416,19912.774778802337,,
,,,,,,,train,,,,2.894481584429741,1.8873296467907314e-06,0.4181945617223478,41.81945617223478,,,,,,,,,stage4_cpt_8k,,,,logs/l20_stage4_hq_crossdedup_train_latest.log,,2683,26.28857946395874,,,,1406664704,19943.565254972837,,
,,,,,,,train,,,,2.8946897089481354,1.88662307094116e-06,0.41830268233197765,41.83026823319776,,,,,,,,,stage4_cpt_8k,,,,logs/l20_stage4_hq_crossdedup_train_latest.log,,2684,26.281784534454346,,,,1407188992,19948.721492358323,,
,,,,,,,train,,,,2.931799367070198,1.8859164446409212e-06,0.4181071083972704,41.81071083972704,,,,,,,,,stage4_cpt_8k,,,,logs/l20_stage4_hq_crossdedup_train_latest.log,,2685,26.29407811164856,,,,1407713280,19939.39463379531,,
,,,,,,,train,,,,2.903456762433052,1.8852097681105876e-06,0.4178591671765618,41.78591671765618,,,,,,,,,stage4_cpt_8k,,,,logs/l20_stage4_hq_crossdedup_train_latest.log,,2686,26.309679985046387,,,,1408237568,19927.57039606674,,
,,,,,,,train,,,,2.989300712943077,1.8845030415707488e-06,0.4176546673650056,41.765466736500564,,,,,,,,,stage4_cpt_8k,,,,logs/l20_stage4_hq_crossdedup_train_latest.log,,2687,26.322562217712402,,,,1408761856,19917.817865283934,,
,,,,,,,train,,,,2.9491854161024094,1.8837962652420096e-06,0.4177626149257645,41.77626149257645,,,,,,,,,stage4_cpt_8k,,,,logs/l20_stage4_hq_crossdedup_train_latest.log,,2688,26.315760612487793,,,,1409286144,19922.965850023964,,
,,,,,,,train,,,,2.925512135028839,1.8830894393449897e-06,0.4180194150039804,41.80194150039804,,,,,,,,,stage4_cpt_8k,,,,logs/l20_stage4_hq_crossdedup_train_latest.log,,2689,26.299594163894653,,,,1409810432,19935.212563841298,,
,,,,,,,train,,,,2.9146726578474045,1.8823825641003262e-06,0.4179735778591345,41.797357785913455,,,,,,,,,stage4_cpt_8k,,,,logs/l20_stage4_hq_crossdedup_train_latest.log,,2690,26.302478313446045,,,,1410334720,19933.0266050245,,
,,,,,,,train,,,,2.868877947330475,1.881675639728669e-06,0.41785901571086115,41.785901571086114,,,,,,,,,stage4_cpt_8k,,,,logs/l20_stage4_hq_crossdedup_train_latest.log,,2691,26.30968952178955,,,,1410859008,19927.563172715792,,
,,,,,,,train,,,,2.917629674077034,1.8809686664506852e-06,0.41795384336016145,41.79538433601614,,,,,,,,,stage4_cpt_8k,,,,logs/l20_stage4_hq_crossdedup_train_latest.log,,2692,26.303720235824585,,,,1411383296,19932.085473063285,,
,,,,,,,train,,,,2.994759425520897,1.8802616444870567e-06,0.41786988365359323,41.78698836535932,,,,,,,,,stage4_cpt_8k,,,,logs/l20_stage4_hq_crossdedup_train_latest.log,,2693,26.30900526046753,,,,1411907584,19928.081461438083,,
,,,,,,,train,,,,2.9330457150936127,1.8795545740584801e-06,0.418042941846859,41.8042941846859,,,,,,,,,stage4_cpt_8k,,,,logs/l20_stage4_hq_crossdedup_train_latest.log,,2694,26.29811406135559,,,,1412431872,19936.33455147371,,
,,,,,,,train,,,,2.935825154185295,1.8788474553856683e-06,0.4180085089671369,41.80085089671369,,,,,,,,,stage4_cpt_8k,,,,logs/l20_stage4_hq_crossdedup_train_latest.log,,2695,26.300280332565308,,,,1412956160,19934.692458422986,,
,,,,,,,train,,,,2.941955640912056,1.8781402886893483e-06,0.4179450128795862,41.79450128795862,,,,,,,,,stage4_cpt_8k,,,,logs/l20_stage4_hq_crossdedup_train_latest.log,,2696,26.30427598953247,,,,1413480448,19931.66435026135,,
,,,,,,,train,,,,3.004073843359947,1.8774330741902617e-06,0.41779917641808695,41.779917641808694,,,,,,,,,stage4_cpt_8k,,,,logs/l20_stage4_hq_crossdedup_train_latest.log,,2697,26.31345772743225,,,,1414004736,19924.70945593062,,
,,,,,,,train,,,,2.981271415948868,1.8767258121091662e-06,0.4178460657994982,41.784606579949816,,,,,,,,,stage4_cpt_8k,,,,logs/l20_stage4_hq_crossdedup_train_latest.log,,2698,26.310504913330078,,,,1414529024,19926.945595573587,,
,,,,,,,train,,,,2.9483103305101395,1.8760185026668336e-06,0.41757833027366115,41.75783302736612,,,,,,,,,stage4_cpt_8k,,,,logs/l20_stage4_hq_crossdedup_train_latest.log,,2699,26.32737421989441,,,,1415053312,19914.17737374733,,
,,,,,,,train,,,,2.935469999909401,1.8753111460840511e-06,0.4177487096874173,41.77487096874173,,,,,,,,,stage4_cpt_8k,,,,logs/l20_stage4_hq_crossdedup_train_latest.log,,2700,26.316636562347412,,,,1415577600,19922.302713642603,,
,,,,,,,train,,,,2.945522829890251,1.8746037425816194e-06,0.41842466393591526,41.84246639359153,,,,,,,,,stage4_cpt_8k,,,,logs/l20_stage4_hq_crossdedup_train_latest.log,,2701,26.274122714996338,,,,1416101888,19954.53875614104,,
,,,,,,,train,,,,2.950492784380913,1.8738962923803545e-06,0.4185399201960178,41.85399201960178,,,,,,,,,stage4_cpt_8k,,,,logs/l20_stage4_hq_crossdedup_train_latest.log,,2702,26.266887426376343,,,,1416626176,19960.035290421478,,
,,,,,,,train,,,,2.96881864964962,1.8731887957010884e-06,0.418001252485858,41.8001252485858,,,,,,,,,stage4_cpt_8k,,,,logs/l20_stage4_hq_crossdedup_train_latest.log,,2703,26.300736904144287,,,,1417150464,19934.34639914543,,
,,,,,,,train,,,,2.9382724910974503,1.872481252764665e-06,0.41768945059757223,41.76894505975722,,,,,,,,,stage4_cpt_8k,,,,logs/l20_stage4_hq_crossdedup_train_latest.log,,2704,26.320370197296143,,,,1417674752,19919.476666550057,,
,,,,,,,train,,,,2.9100558310747147,1.8717736637919441e-06,0.4181197446451533,41.81197446451533,,,,,,,,,stage4_cpt_8k,,,,logs/l20_stage4_hq_crossdedup_train_latest.log,,2705,26.293283462524414,,,,1418199040,19939.997252426198,,
,,,,,,,train,,,,2.95302876830101,1.8710660290038e-06,0.4180140793874038,41.80140793874038,,,,,,,,,stage4_cpt_8k,,,,logs/l20_stage4_hq_crossdedup_train_latest.log,,2706,26.29992985725403,,,,1418723328,19934.958109988693,,
,,,,,,,train,,,,2.935997247695923,1.8703583486211217e-06,0.4179814395963421,41.79814395963421,,,,,,,,,stage4_cpt_8k,,,,logs/l20_stage4_hq_crossdedup_train_latest.log,,2707,26.30198359489441,,,,1419247616,19933.401528764232,,
,,,,,,,train,,,,2.9130928069353104,1.8696506228648104e-06,0.4179775333179005,41.79775333179005,,,,,,,,,stage4_cpt_8k,,,,logs/l20_stage4_hq_crossdedup_train_latest.log,,2708,26.302229404449463,,,,1419771904,19933.215239591358,,
,,,,,,,train,,,,2.969189152121544,1.8689428519557843e-06,0.4178312993362327,41.78312993362327,,,,,,,,,stage4_cpt_8k,,,,logs/l20_stage4_hq_crossdedup_train_latest.log,,2709,26.311434745788574,,,,1420296192,19926.24138765059,,
,,,,,,,train,,,,2.927960693836212,1.8682350361149727e-06,0.41757403825205186,41.75740382520519,,,,,,,,,stage4_cpt_8k,,,,logs/l20_stage4_hq_crossdedup_train_latest.log,,2710,26.32764482498169,,,,1420820480,19913.97268860583,,
,,,,,,,train,,,,2.9189173728227615,1.8675271755633213e-06,0.41768023024451817,41.768023024451814,,,,,,,,,stage4_cpt_8k,,,,logs/l20_stage4_hq_crossdedup_train_latest.log,,2711,26.320951223373413,,,,1421344768,19919.03695085397,,
,,,,,,,train,,,,2.9440255910158157,1.866819270521789e-06,0.41805811366881185,41.80581136688119,,,,,,,,,stage4_cpt_8k,,,,logs/l20_stage4_hq_crossdedup_train_latest.log,,2712,26.297159671783447,,,,1421869056,19937.05809082321,,
,,,,,,,train,,,,2.9091741889715195,1.8661113212113473e-06,0.4179303227566625,41.79303227566625,,,,,,,,,stage4_cpt_8k,,,,logs/l20_stage4_hq_crossdedup_train_latest.log,,2713,26.305200576782227,,,,1422393344,19930.963782984898,,
,,,,,,,train,,,,2.9060465544462204,1.8654033278529847e-06,0.4180217380102914,41.80217380102914,,,,,,,,,stage4_cpt_8k,,,,logs/l20_stage4_hq_crossdedup_train_latest.log,,2714,26.299448013305664,,,,1422917632,19935.323347271293,,
,,,,,,,train,,,,2.9830456376075745,1.8646952906676993e-06,0.41770610274667974,41.77061027466797,,,,,,,,,stage4_cpt_8k,,,,logs/l20_stage4_hq_crossdedup_train_latest.log,,2715,26.319320917129517,,,,1423441920,19920.270802229377,,
,,,,,,,train,,,,2.976979583501816,1.8639872098765069e-06,0.41743442740053527,41.743442740053524,,,,,,,,,stage4_cpt_8k,,,,logs/l20_stage4_hq_crossdedup_train_latest.log,,2716,26.33645009994507,,,,1423966208,19907.31469162936,,
,,,,,,,train,,,,2.9052408635616302,1.863279085700434e-06,0.41773572119916885,41.773572119916885,,,,,,,,,stage4_cpt_8k,,,,logs/l20_stage4_hq_crossdedup_train_latest.log,,2717,26.31745481491089,,,,1424490496,19921.68329678104,,
,,,,,,,train,,,,2.961508646607399,1.862570918360522e-06,0.41774759700556857,41.77475970055686,,,,,,,,,stage4_cpt_8k,,,,logs/l20_stage4_hq_crossdedup_train_latest.log,,2718,26.316706657409668,,,,1425014784,19922.24965020016,,
,,,,,,,train,,,,2.9355647414922714,1.8618627080778245e-06,0.4176764809272624,41.76764809272624,,,,,,,,,stage4_cpt_8k,,,,logs/l20_stage4_hq_crossdedup_train_latest.log,,2719,26.321187496185303,,,,1425539072,19918.858147109982,,
,,,,,,,train,,,,2.9542763084173203,1.8611544550734108e-06,0.41774151520646535,41.774151520646534,,,,,,,,,stage4_cpt_8k,,,,logs/l20_stage4_hq_crossdedup_train_latest.log,,2720,26.317089796066284,,,,1426063360,19921.95961114087,,
,,,,,,,train,,,,2.9703512489795685,1.8604461595683617e-06,0.41803161770725733,41.80316177072573,,,,,,,,,stage4_cpt_8k,,,,logs/l20_stage4_hq_crossdedup_train_latest.log,,2721,26.298826456069946,,,,1426587648,19935.794506868224,,
,,,,,,,train,,,,2.957212656736374,1.8597378217837717e-06,0.41754619330519027,41.75461933051903,,,,,,,,,stage4_cpt_8k,,,,logs/l20_stage4_hq_crossdedup_train_latest.log,,2722,26.329400539398193,,,,1427111936,19912.64477197184,,
,,,,,,,train,,,,2.967206284403801,1.8590294419407485e-06,0.4175576424073804,41.75576424073804,,,,,,,,,stage4_cpt_8k,,,,logs/l20_stage4_hq_crossdedup_train_latest.log,,2723,26.328678607940674,,,,1427636224,19913.190776003314,,
,,,,,,,train,,,,2.9379867762327194,1.8583210202604132e-06,0.41790308550119765,41.79030855011977,,,,,,,,,stage4_cpt_8k,,,,logs/l20_stage4_hq_crossdedup_train_latest.log,,2724,26.306915044784546,,,,1428160512,19929.664846959782,,
,,,,,,,train,,,,2.931611567735672,1.8576125569638996e-06,0.4182219052647836,41.82219052647836,,,,,,,,,stage4_cpt_8k,,,,logs/l20_stage4_hq_crossdedup_train_latest.log,,2725,26.286860704421997,,,,1428684800,19944.869259789695,,
,,,,,,,train,,,,2.8867530673742294,1.8569040522723544e-06,0.41820234074607165,41.820234074607164,,,,,,,,,stage4_cpt_8k,,,,logs/l20_stage4_hq_crossdedup_train_latest.log,,2726,26.288090467453003,,,,1429209088,19943.936234132914,,
,,,,,,,train,,,,2.953714370727539,1.8561955064069378e-06,0.41832322018326157,41.83232201832616,,,,,,,,,stage4_cpt_8k,,,,logs/l20_stage4_hq_crossdedup_train_latest.log,,2727,26.280494213104248,,,,1429733376,19949.700935934994,,
,,,,,,,train,,,,2.8718225955963135,1.8554869195888223e-06,0.41791133849573486,41.791133849573484,,,,,,,,,stage4_cpt_8k,,,,logs/l20_stage4_hq_crossdedup_train_latest.log,,2728,26.306395530700684,,,,1430257664,19930.058429636763,,
,,,,,,,train,,,,2.942222148180008,1.8547782920391933e-06,0.4176030442027715,41.76030442027715,,,,,,,,,stage4_cpt_8k,,,,logs/l20_stage4_hq_crossdedup_train_latest.log,,2729,26.32581615447998,,,,1430781952,19915.35597314348,,
,,,,,,,train,,,,2.907778024673462,1.85406962397925e-06,0.41800413231250505,41.8004132312505,,,,,,,,,stage4_cpt_8k,,,,logs/l20_stage4_hq_crossdedup_train_latest.log,,2730,26.30055570602417,,,,1431306240,19934.48373715964,,
,,,,,,,train,,,,2.910137176513672,1.8533609156302015e-06,0.41792176220202654,41.792176220202656,,,,,,,,,stage4_cpt_8k,,,,logs/l20_stage4_hq_crossdedup_train_latest.log,,2731,26.305739402770996,,,,1431830528,19930.555532864913,,
,,,,,,,train,,,,2.9239466935396194,1.8526521672132726e-06,0.41794458481343405,41.794458481343405,,,,,,,,,stage4_cpt_8k,,,,logs/l20_stage4_hq_crossdedup_train_latest.log,,2732,26.30430293083191,,,,1432354816,19931.643935923097,,
,,,,,,,train,,,,2.96121047437191,1.8519433789496989e-06,0.4175638474176385,41.75638474176385,,,,,,,,,stage4_cpt_8k,,,,logs/l20_stage4_hq_crossdedup_train_latest.log,,2733,26.328287363052368,,,,1432879104,19913.48669096328,,
,,,,,,,train,,,,2.9571500420570374,1.851234551060728e-06,0.4177686557042152,41.77686557042152,,,,,,,,,stage4_cpt_8k,,,,logs/l20_stage4_hq_crossdedup_train_latest.log,,2734,26.315380096435547,,,,1433403392,19923.25393282142,,
,,,,,,,train,,,,2.939916953444481,1.8505256837676223e-06,0.4178801575979953,41.78801575979953,,,,,,,,,stage4_cpt_8k,,,,logs/l20_stage4_hq_crossdedup_train_latest.log,,2735,26.308358430862427,,,,1433927680,19928.571422569486,,
,,,,,,,train,,,,2.8925229758024216,1.8498167772916534e-06,0.41820945249099517,41.820945249099516,,,,,,,,,stage4_cpt_8k,,,,logs/l20_stage4_hq_crossdedup_train_latest.log,,2736,26.287643432617188,,,,1434451968,19944.27539097985,,
,,,,,,,train,,,,2.9125812649726868,1.849107831854107e-06,0.41802826378769053,41.802826378769055,,,,,,,,,stage4_cpt_8k,,,,logs/l20_stage4_hq_crossdedup_train_latest.log,,2737,26.29903745651245,,,,1434976256,19935.634559513896,,
,,,,,,,train,,,,2.9359697103500366,1.8483988476762805e-06,0.41773393118238455,41.77339311823845,,,,,,,,,stage4_cpt_8k,,,,logs/l20_stage4_hq_crossdedup_train_latest.log,,2738,26.317567586898804,,,,1435500544,19921.597931451568,,
,,,,,,,train,,,,2.9159067273139954,1.847689824979484e-06,0.41769935999873414,41.76993599987341,,,,,,,,,stage4_cpt_8k,,,,logs/l20_stage4_hq_crossdedup_train_latest.log,,2739,26.319745779037476,,,,1436024832,19919.94924273062,,
,,,,,,,train,,,,2.9516014009714127,1.846980763985038e-06,0.4179742863505553,41.797428635055525,,,,,,,,,stage4_cpt_8k,,,,logs/l20_stage4_hq_crossdedup_train_latest.log,,2740,26.302433729171753,,,,1436549120,19933.060392754367,,
,,,,,,,train,,,,2.9136017560958862,1.8462716649142767e-06,0.41780148940603073,41.78014894060308,,,,,,,,,stage4_cpt_8k,,,,logs/l20_stage4_hq_crossdedup_train_latest.log,,2741,26.31331205368042,,,,1437073408,19924.819761587874,,
,,,,,,,train,,,,2.954600229859352,1.8455625279885455e-06,0.41790137737278177,41.79013773727818,,,,,,,,,stage4_cpt_8k,,,,logs/l20_stage4_hq_crossdedup_train_latest.log,,2742,26.30702257156372,,,,1437597696,19929.58338686048,,
,,,,,,,train,,,,2.951695278286934,1.8448533534292011e-06,0.41755893557529367,41.75589355752937,,,,,,,,,stage4_cpt_8k,,,,logs/l20_stage4_hq_crossdedup_train_latest.log,,2743,26.32859706878662,,,,1438121984,19913.25244676861,,
,,,,,,,train,,,,2.919846534729004,1.844144141457613e-06,0.4177573880523062,41.775738805230624,,,,,,,,,stage4_cpt_8k,,,,logs/l20_stage4_hq_crossdedup_train_latest.log,,2744,26.316089868545532,,,,1438646272,19922.716582095978,,
,,,,,,,train,,,,2.9186458438634872,1.8434348922951617e-06,0.4181222735029517,41.812227350295174,,,,,,,,,stage4_cpt_8k,,,,logs/l20_stage4_hq_crossdedup_train_latest.log,,2745,26.293124437332153,,,,1439170560,19940.117852847965,,
,,,,,,,train,,,,2.9424165338277817,1.842725606163239e-06,0.4177414395162419,41.77414395162419,,,,,,,,,stage4_cpt_8k,,,,logs/l20_stage4_hq_crossdedup_train_latest.log,,2746,26.317094564437866,,,,1439694848,19921.956001498253,,
,,,,,,,train,,,,2.907628983259201,1.8420162832832495e-06,0.41829981736334465,41.82998173633447,,,,,,,,,stage4_cpt_8k,,,,logs/l20_stage4_hq_crossdedup_train_latest.log,,2747,26.281964540481567,,,,1440219136,19948.58486291807,,
,,,,,,,train,,,,2.9344333559274673,1.8413069238766082e-06,0.4183026937160373,41.83026937160373,,,,,,,,,stage4_cpt_8k,,,,logs/l20_stage4_hq_crossdedup_train_latest.log,,2748,26.28178381919861,,,,1440743424,19948.722035260496,,
,,,,,,,train,,,,2.850358799099922,1.840597528164741e-06,0.4177839855314317,41.77839855314317,,,,,,,,,stage4_cpt_8k,,,,logs/l20_stage4_hq_crossdedup_train_latest.log,,2749,26.314414501190186,,,,1441267712,19923.985007391548,,
,,,,,,,train,,,,2.916753903031349,1.8398880963690865e-06,0.417576382781556,41.7576382781556,,,,,,,,,stage4_cpt_8k,,,,logs/l20_stage4_hq_crossdedup_train_latest.log,,2750,26.327497005462646,,,,1441792000,19914.084498470038,,
,,,,,,,eval,,,,2.9264173060655594,,,,,,,,,18.66065517616287,,,stage4_cpt_8k,,,,logs/l20_stage4_hq_crossdedup_train_latest.log,,2750,,,,,,,,
,,,,,,,train,,,,2.9240014404058456,1.8391786287110948e-06,0.32350864407000707,32.35086440700071,,,,,,,,,stage4_cpt_8k,,,,logs/l20_stage4_hq_crossdedup_train_latest.log,,2751,33.98283529281616,,,,1442316288,15428.024044563239,,
,,,,,,,train,,,,2.9660396426916122,1.8384691254122244e-06,0.41785085187206034,41.785085187206036,,,,,,,,,stage4_cpt_8k,,,,logs/l20_stage4_hq_crossdedup_train_latest.log,,2752,26.310203552246094,,,,1442840576,19927.17384184744,,
,,,,,,,train,,,,2.960653007030487,1.8377595866939482e-06,0.4180018549726241,41.80018549726241,,,,,,,,,stage4_cpt_8k,,,,logs/l20_stage4_hq_crossdedup_train_latest.log,,2753,26.30069899559021,,,,1443364864,19934.375131547127,,
,,,,,,,train,,,,2.9501060992479324,1.8370500127777487e-06,0.4180724867926826,41.80724867926826,,,,,,,,,stage4_cpt_8k,,,,logs/l20_stage4_hq_crossdedup_train_latest.log,,2754,26.296255588531494,,,,1443889152,19937.74354051594,,
,,,,,,,train,,,,2.9756855070590973,1.836340403885119e-06,0.4181348386263135,41.81348386263135,,,,,,,,,stage4_cpt_8k,,,,logs/l20_stage4_hq_crossdedup_train_latest.log,,2755,26.29233431816101,,,,1444413440,19940.71707957313,,
,,,,,,,train,,,,2.9524684250354767,1.8356307602375648e-06,0.4176571338554319,41.765713385543194,,,,,,,,,stage4_cpt_8k,,,,logs/l20_stage4_hq_crossdedup_train_latest.log,,2756,26.322406768798828,,,,1444937728,19917.935491425615,,
,,,,,,,train,,,,2.996429070830345,1.8349210820565998e-06,0.4174444531951661,41.74444531951661,,,,,,,,,stage4_cpt_8k,,,,logs/l20_stage4_hq_crossdedup_train_latest.log,,2757,26.335817575454712,,,,1445462016,19907.79281857733,,
,,,,,,,train,,,,2.873592749238014,1.8342113695637512e-06,0.41775075340421347,41.775075340421346,,,,,,,,,stage4_cpt_8k,,,,logs/l20_stage4_hq_crossdedup_train_latest.log,,2758,26.316507816314697,,,,1445986304,19922.400177844724,,
,,,,,,,train,,,,2.938817098736763,1.8335016229805563e-06,0.41792671288710054,41.79267128871005,,,,,,,,,stage4_cpt_8k,,,,logs/l20_stage4_hq_crossdedup_train_latest.log,,2759,26.30542778968811,,,,1446510592,19930.791629456948,,
,,,,,,,train,,,,2.9111745208501816,1.8327918425285614e-06,0.4177256132929759,41.772561329297595,,,,,,,,,stage4_cpt_8k,,,,logs/l20_stage4_hq_crossdedup_train_latest.log,,2760,26.31809163093567,,,,1447034880,19921.201253958865,,
,,,,,,,train,,,,2.931394577026367,1.8320820284293259e-06,0.4178751322771459,41.78751322771459,,,,,,,,,stage4_cpt_8k,,,,logs/l20_stage4_hq_crossdedup_train_latest.log,,2761,26.308674812316895,,,,1447559168,19928.33176662113,,
,,,,,,,train,,,,2.941782772541046,1.8313721809044171e-06,0.4174529261795902,41.74529261795902,,,,,,,,,stage4_cpt_8k,,,,logs/l20_stage4_hq_crossdedup_train_latest.log,,2762,26.335283041000366,,,,1448083456,19908.196892501845,,
,,,,,,,train,,,,2.9698399752378464,1.8306623001754147e-06,0.4181569602349279,41.81569602349279,,,,,,,,,stage4_cpt_8k,,,,logs/l20_stage4_hq_crossdedup_train_latest.log,,2763,26.290943384170532,,,,1448607744,19941.772052031713,,
,,,,,,,train,,,,2.919096454977989,1.8299523864639082e-06,0.4179937840676985,41.79937840676985,,,,,,,,,stage4_cpt_8k,,,,logs/l20_stage4_hq_crossdedup_train_latest.log,,2764,26.301206827163696,,,,1449132032,19933.99023266564,,
,,,,,,,train,,,,2.940016210079193,1.8292424399914968e-06,0.4179094030464635,41.79094030464635,,,,,,,,,stage4_cpt_8k,,,,logs/l20_stage4_hq_crossdedup_train_latest.log,,2765,26.306517362594604,,,,1449656320,19929.966128678374,,
,,,,,,,train,,,,2.950690597295761,1.828532460979791e-06,0.4177433847636918,41.77433847636918,,,,,,,,,stage4_cpt_8k,,,,logs/l20_stage4_hq_crossdedup_train_latest.log,,2766,26.316972017288208,,,,1450180608,19922.048769728655,,
,,,,,,,train,,,,2.9364919662475586,1.8278224496504102e-06,0.4178945449987514,41.78945449987514,,,,,,,,,stage4_cpt_8k,,,,logs/l20_stage4_hq_crossdedup_train_latest.log,,2767,26.30745267868042,,,,1450704896,19929.25755312233,,
,,,,,,,train,,,,2.9017062187194824,1.827112406224985e-06,0.4180003809671941,41.80003809671941,,,,,,,,,stage4_cpt_8k,,,,logs/l20_stage4_hq_crossdedup_train_latest.log,,2768,26.30079174041748,,,,1451229184,19934.304836698342,,
,,,,,,,train,,,,2.9476188123226166,1.8264023309251556e-06,0.41824790941161294,41.8247909411613,,,,,,,,,stage4_cpt_8k,,,,logs/l20_stage4_hq_crossdedup_train_latest.log,,2769,26.285226345062256,,,,1451753472,19946.109389257315,,
,,,,,,,train,,,,2.926088199019432,1.8256922239725721e-06,0.4181716094102896,41.81716094102896,,,,,,,,,stage4_cpt_8k,,,,logs/l20_stage4_hq_crossdedup_train_latest.log,,2770,26.290022373199463,,,,1452277760,19942.47066653199,,
,,,,,,,train,,,,2.959913820028305,1.824982085588894e-06,0.4179140542150544,41.79140542150544,,,,,,,,,stage4_cpt_8k,,,,logs/l20_stage4_hq_crossdedup_train_latest.log,,2771,26.306224584579468,,,,1452802048,19930.187941424865,,
,,,,,,,train,,,,2.899636387825012,1.8242719159957922e-06,0.4178437068816021,41.78437068816021,,,,,,,,,stage4_cpt_8k,,,,logs/l20_stage4_hq_crossdedup_train_latest.log,,2772,26.31065344810486,,,,1453326336,19926.83309953156,,
,,,,,,,train,,,,2.9649434238672256,1.8235617154149449e-06,0.4178785973497977,41.78785973497977,,,,,,,,,stage4_cpt_8k,,,,logs/l20_stage4_hq_crossdedup_train_latest.log,,2773,26.308456659317017,,,,1453850624,19928.497014830624,,
,,,,,,,train,,,,2.9644192457199097,1.8228514840680423e-06,0.4177647041977977,41.77647041977977,,,,,,,,,stage4_cpt_8k,,,,logs/l20_stage4_hq_crossdedup_train_latest.log,,2774,26.31562900543213,,,,1454374912,19923.0654867408,,
,,,,,,,train,,,,2.9192081540822983,1.8221412221767829e-06,0.4175933814078467,41.75933814078467,,,,,,,,,stage4_cpt_8k,,,,logs/l20_stage4_hq_crossdedup_train_latest.log,,2775,26.326425313949585,,,,1454899200,19914.895157535706,,
,,,,,,,train,,,,2.8647066950798035,1.8214309299628748e-06,0.4178258057210249,41.78258057210249,,,,,,,,,stage4_cpt_8k,,,,logs/l20_stage4_hq_crossdedup_train_latest.log,,2776,26.31178069114685,,,,1455423488,19925.979398893654,,
,,,,,,,train,,,,2.9377720803022385,1.8207206076480366e-06,0.41784367659069477,41.784367659069474,,,,,,,,,stage4_cpt_8k,,,,logs/l20_stage4_hq_crossdedup_train_latest.log,,2777,26.31065535545349,,,,1455947776,19926.83165496785,,
,,,,,,,train,,,,2.9151957482099533,1.8200102554539948e-06,0.4176778542818757,41.76778542818757,,,,,,,,,stage4_cpt_8k,,,,logs/l20_stage4_hq_crossdedup_train_latest.log,,2778,26.32110095024109,,,,1456472064,19918.923641953425,,
,,,,,,,train,,,,2.919462352991104,1.8192998736024864e-06,0.4179770672973164,41.79770672973164,,,,,,,,,stage4_cpt_8k,,,,logs/l20_stage4_hq_crossdedup_train_latest.log,,2779,26.302258729934692,,,,1456996352,19933.19301521835,,
,,,,,,,train,,,,2.955846145749092,1.8185894623152567e-06,0.41817178006425126,41.817178006425124,,,,,,,,,stage4_cpt_8k,,,,logs/l20_stage4_hq_crossdedup_train_latest.log,,2780,26.290011644363403,,,,1457520640,19942.47880496499,,
,,,,,,,train,,,,2.9893608540296555,1.817879021814061e-06,0.41845239453355537,41.84523945335554,,,,,,,,,stage4_cpt_8k,,,,logs/l20_stage4_hq_crossdedup_train_latest.log,,2781,26.27238154411316,,,,1458044928,19955.861219497132,,
,,,,,,,train,,,,2.985051304101944,1.8171685523206642e-06,0.4176959470858404,41.76959470858404,,,,,,,,,stage4_cpt_8k,,,,logs/l20_stage4_hq_crossdedup_train_latest.log,,2782,26.319960832595825,,,,1458569216,19919.78648200335,,
,,,,,,,train,,,,2.842184618115425,1.8164580540568376e-06,0.4174604811065233,41.74604811065233,,,,,,,,,stage4_cpt_8k,,,,logs/l20_stage4_hq_crossdedup_train_latest.log,,2783,26.334806442260742,,,,1459093504,19908.557184557452,,
,,,,,,,train,,,,2.88870532810688,1.815747527244365e-06,0.41766757514985736,41.766757514985734,,,,,,,,,stage4_cpt_8k,,,,logs/l20_stage4_hq_crossdedup_train_latest.log,,2784,26.321748733520508,,,,1459617792,19918.433433426253,,
,,,,,,,train,,,,2.964091017842293,1.8150369721050368e-06,0.41808181165792907,41.80818116579291,,,,,,,,,stage4_cpt_8k,,,,logs/l20_stage4_hq_crossdedup_train_latest.log,,2785,26.295669078826904,,,,1460142080,19938.188240365147,,
,,,,,,,train,,,,2.959108144044876,1.8143263888606534e-06,0.4180565596719013,41.805655967190134,,,,,,,,,stage4_cpt_8k,,,,logs/l20_stage4_hq_crossdedup_train_latest.log,,2786,26.29725742340088,,,,1460666368,19936.98398120623,,
,,,,,,,train,,,,2.9741050004959106,1.8136157777330226e-06,0.4177535843634763,41.77535843634763,,,,,,,,,stage4_cpt_8k,,,,logs/l20_stage4_hq_crossdedup_train_latest.log,,2787,26.31632947921753,,,,1461190656,19922.535185388962,,
,,,,,,,train,,,,2.9098092913627625,1.8129051389439624e-06,0.4178629462813395,41.78629462813395,,,,,,,,,stage4_cpt_8k,,,,logs/l20_stage4_hq_crossdedup_train_latest.log,,2788,26.309442043304443,,,,1461714944,19927.75062036815,,
,,,,,,,train,,,,2.9471564143896103,1.8121944727152986e-06,0.4180921339348942,41.80921339348942,,,,,,,,,stage4_cpt_8k,,,,logs/l20_stage4_hq_crossdedup_train_latest.log,,2789,26.29501986503601,,,,1462239232,19938.680506461067,,
,,,,,,,train,,,,2.9623176008462906,1.8114837792688661e-06,0.4179672848936944,41.79672848936944,,,,,,,,,stage4_cpt_8k,,,,logs/l20_stage4_hq_crossdedup_train_latest.log,,2790,26.302874326705933,,,,1462763520,19932.72649550996,,
,,,,,,,train,,,,2.922708660364151,1.8107730588265076e-06,0.41778450033033876,41.77845003303388,,,,,,,,,stage4_cpt_8k,,,,logs/l20_stage4_hq_crossdedup_train_latest.log,,2791,26.314382076263428,,,,1463287808,19924.009557987214,,
,,,,,,,train,,,,2.9381038695573807,1.8100623116100746e-06,0.41794124744279365,41.794124744279365,,,,,,,,,stage4_cpt_8k,,,,logs/l20_stage4_hq_crossdedup_train_latest.log,,2792,26.304512977600098,,,,1463812096,19931.484777781796,,
,,,,,,,train,,,,2.8942614048719406,1.8093515378414276e-06,0.4175692471744372,41.756924717443724,,,,,,,,,stage4_cpt_8k,,,,logs/l20_stage4_hq_crossdedup_train_latest.log,,2793,26.32794690132141,,,,1464336384,19913.744203642622,,
,,,,,,,train,,,,2.9732840806245804,1.8086407377424337e-06,0.41744052293558354,41.744052293558354,,,,,,,,,stage4_cpt_8k,,,,logs/l20_stage4_hq_crossdedup_train_latest.log,,2794,26.336065530776978,,,,1464860672,19907.605385751493,,
,,,,,,,train,,,,2.9649694114923477,1.8079299115349704e-06,0.41773585365345167,41.77358536534517,,,,,,,,,stage4_cpt_8k,,,,logs/l20_stage4_hq_crossdedup_train_latest.log,,2795,26.31744647026062,,,,1465384960,19921.689613483537,,
,,,,,,,train,,,,2.960954263806343,1.8072190594409211e-06,0.41799327254197377,41.79932725419738,,,,,,,,,stage4_cpt_8k,,,,logs/l20_stage4_hq_crossdedup_train_latest.log,,2796,26.301239013671875,,,,1465909248,19933.96583816699,,
,,,,,,,train,,,,2.897854760289192,1.806508181682179e-06,0.4185845783115365,41.85845783115365,,,,,,,,,stage4_cpt_8k,,,,logs/l20_stage4_hq_crossdedup_train_latest.log,,2797,26.264085054397583,,,,1466433536,19962.165021705743,,
,,,,,,,train,,,,3.0015348941087723,1.805797278480645e-06,0.41785705045335114,41.78570504533511,,,,,,,,,stage4_cpt_8k,,,,logs/l20_stage4_hq_crossdedup_train_latest.log,,2798,26.309813261032104,,,,1466957824,19927.469450212007,,
,,,,,,,train,,,,2.915081709623337,1.8050863500582269e-06,0.41775059066306913,41.775059066306916,,,,,,,,,stage4_cpt_8k,,,,logs/l20_stage4_hq_crossdedup_train_latest.log,,2799,26.3165180683136,,,,1467482112,19922.39241677146,,
,,,,,,,train,,,,2.930408254265785,1.8043753966368417e-06,0.4178394283344432,41.78394283344432,,,,,,,,,stage4_cpt_8k,,,,logs/l20_stage4_hq_crossdedup_train_latest.log,,2800,26.310922861099243,,,,1468006400,19926.6290569823,,
,,,,,,,train,,,,2.939587563276291,1.8036644184384135e-06,0.41785801225336816,41.78580122533682,,,,,,,,,stage4_cpt_8k,,,,logs/l20_stage4_hq_crossdedup_train_latest.log,,2801,26.309752702713013,,,,1468530688,19927.515318148027,,
,,,,,,,train,,,,2.90736024081707,1.802953415684874e-06,0.4181906628373727,41.81906628373727,,,,,,,,,stage4_cpt_8k,,,,logs/l20_stage4_hq_crossdedup_train_latest.log,,2802,26.288824558258057,,,,1469054976,19943.37931839202,,
,,,,,,,train,,,,2.9179103821516037,1.8022423885981636e-06,0.4181897905287022,41.81897905287022,,,,,,,,,stage4_cpt_8k,,,,logs/l20_stage4_hq_crossdedup_train_latest.log,,2803,26.28887939453125,,,,1469579264,19943.33771826977,,
,,,,,,,train,,,,2.956481784582138,1.8015313374002282e-06,0.4179164025642607,41.79164025642607,,,,,,,,,stage4_cpt_8k,,,,logs/l20_stage4_hq_crossdedup_train_latest.log,,2804,26.306076765060425,,,,1470103552,19930.299933449453,,
,,,,,,,train,,,,2.961753770709038,1.8008202623130236e-06,0.41778346316324944,41.77834631632494,,,,,,,,,stage4_cpt_8k,,,,logs/l20_stage4_hq_crossdedup_train_latest.log,,2805,26.3144474029541,,,,1470627840,19923.960095819555,,
,,,,,,,train,,,,2.932396784424782,1.8001091635585115e-06,0.4174189682893988,41.74189682893988,,,,,,,,,stage4_cpt_8k,,,,logs/l20_stage4_hq_crossdedup_train_latest.log,,2806,26.337425470352173,,,,1471152128,19906.577451550333,,
,,,,,,,train,,,,2.957588091492653,1.7993980413586622e-06,0.4177699274693076,41.77699274693076,,,,,,,,,stage4_cpt_8k,,,,logs/l20_stage4_hq_crossdedup_train_latest.log,,2807,26.31529998779297,,,,1471676416,19923.314582893014,,
,,,,,,,train,,,,2.9508126974105835,1.7986868959354516e-06,0.4182465664486962,41.82465664486962,,,,,,,,,stage4_cpt_8k,,,,logs/l20_stage4_hq_crossdedup_train_latest.log,,2808,26.285310745239258,,,,1472200704,19946.04534378419,,
,,,,,,,train,,,,2.9388731569051743,1.7979757275108645e-06,0.418455569186702,41.8455569186702,,,,,,,,,stage4_cpt_8k,,,,logs/l20_stage4_hq_crossdedup_train_latest.log,,2809,26.27218222618103,,,,1472724992,19956.01261769306,,
,,,,,,,train,,,,2.9259594827890396,1.7972645363068926e-06,0.4182079239195462,41.82079239195462,,,,,,,,,stage4_cpt_8k,,,,logs/l20_stage4_hq_crossdedup_train_latest.log,,2810,26.287739515304565,,,,1473249280,19944.20249389502,,
,,,,,,,train,,,,2.9305032193660736,1.796553322545533e-06,0.41828296607063126,41.82829660706312,,,,,,,,,stage4_cpt_8k,,,,logs/l20_stage4_hq_crossdedup_train_latest.log,,2811,26.283023357391357,,,,1473773568,19947.781230143708,,
,,,,,,,train,,,,2.953987717628479,1.7958420864487928e-06,0.4179263833428282,41.79263833428282,,,,,,,,,stage4_cpt_8k,,,,logs/l20_stage4_hq_crossdedup_train_latest.log,,2812,26.305448532104492,,,,1474297856,19930.775913595717,,
,,,,,,,train,,,,2.9257175773382187,1.795130828238683e-06,0.41788991698760924,41.788991698760924,,,,,,,,,stage4_cpt_8k,,,,logs/l20_stage4_hq_crossdedup_train_latest.log,,2813,26.307744026184082,,,,1474822144,19929.036844747177,,
,,,,,,,train,,,,2.965212121605873,1.794419548137224e-06,0.4180283585304424,41.80283585304424,,,,,,,,,stage4_cpt_8k,,,,logs/l20_stage4_hq_crossdedup_train_latest.log,,2814,26.299031496047974,,,,1475346432,19935.639077765514,,
,,,,,,,train,,,,2.8635285645723343,1.793708246366442e-06,0.4178340215877854,41.783402158778536,,,,,,,,,stage4_cpt_8k,,,,logs/l20_stage4_hq_crossdedup_train_latest.log,,2815,26.3112633228302,,,,1475870720,19926.371210958805,,
,,,,,,,train,,,,2.966160923242569,1.7929969231483697e-06,0.41788300924677413,41.788300924677415,,,,,,,,,stage4_cpt_8k,,,,logs/l20_stage4_hq_crossdedup_train_latest.log,,2816,26.308178901672363,,,,1476395008,19928.707416790145,,
,,,,,,,train,,,,2.9316055327653885,1.7922855787050467e-06,0.41835426607030407,41.835426607030406,,,,,,,,,stage4_cpt_8k,,,,logs/l20_stage4_hq_crossdedup_train_latest.log,,2817,26.278543949127197,,,,1476919296,19951.181504385193,,
,,,,,,,train,,,,2.86320261657238,1.7915742132585184e-06,0.4183346739851153,41.83346739851153,,,,,,,,,stage4_cpt_8k,,,,logs/l20_stage4_hq_crossdedup_train_latest.log,,2818,26.27977466583252,,,,1477443584,19950.247164091925,,
,,,,,,,train,,,,2.998814806342125,1.7908628270308399e-06,0.4177203116628017,41.77203116628017,,,,,,,,,stage4_cpt_8k,,,,logs/l20_stage4_hq_crossdedup_train_latest.log,,2819,26.31842565536499,,,,1477967872,19920.948420906945,,
,,,,,,,train,,,,2.946967840194702,1.7901514202440677e-06,0.41758172991991693,41.75817299199169,,,,,,,,,stage4_cpt_8k,,,,logs/l20_stage4_hq_crossdedup_train_latest.log,,2820,26.327159881591797,,,,1478492160,19914.33950179287,,
,,,,,,,train,,,,2.958165943622589,1.7894399931202699e-06,0.41804058070554817,41.80405807055482,,,,,,,,,stage4_cpt_8k,,,,logs/l20_stage4_hq_crossdedup_train_latest.log,,2821,26.29826259613037,,,,1479016448,19936.221949397743,,
,,,,,,,train,,,,2.9415804892778397,1.7887285458815174e-06,0.4181328025245761,41.81328025245761,,,,,,,,,stage4_cpt_8k,,,,logs/l20_stage4_hq_crossdedup_train_latest.log,,2822,26.29246234893799,,,,1479540736,19940.619978530736,,
,,,,,,,train,,,,2.8879371136426926,1.788017078749889e-06,0.4178707432676139,41.78707432676139,,,,,,,,,stage4_cpt_8k,,,,logs/l20_stage4_hq_crossdedup_train_latest.log,,2823,26.308951139450073,,,,1480065024,19928.122456156532,,
,,,,,,,train,,,,2.905731186270714,1.7873055919474695e-06,0.41812520428646505,41.81252042864651,,,,,,,,,stage4_cpt_8k,,,,logs/l20_stage4_hq_crossdedup_train_latest.log,,2824,26.292940139770508,,,,1480589312,19940.257620978868,,
,,,,,,,train,,,,2.94476480782032,1.7865940856963485e-06,0.4183644385856421,41.83644385856421,,,,,,,,,stage4_cpt_8k,,,,logs/l20_stage4_hq_crossdedup_train_latest.log,,2825,26.277904987335205,,,,1481113600,19951.666628396888,,
,,,,,,,train,,,,2.9361142814159393,1.7858825602186238e-06,0.418135877538751,41.8135877538751,,,,,,,,,stage4_cpt_8k,,,,logs/l20_stage4_hq_crossdedup_train_latest.log,,2826,26.292268991470337,,,,1481637888,19940.766624975884,,
,,,,,,,train,,,,2.8943112939596176,1.7851710157363984e-06,0.41809845340629886,41.809845340629884,,,,,,,,,stage4_cpt_8k,,,,logs/l20_stage4_hq_crossdedup_train_latest.log,,2827,26.29462242126465,,,,1482162176,19938.9818800366,,
,,,,,,,train,,,,2.9083126187324524,1.78445945247178e-06,0.4179716266786003,41.797162667860036,,,,,,,,,stage4_cpt_8k,,,,logs/l20_stage4_hq_crossdedup_train_latest.log,,2828,26.302601099014282,,,,1482686464,19932.9335538472,,
,,,,,,,train,,,,2.9339347779750824,1.7837478706468845e-06,0.41775285769647574,41.775285769647574,,,,,,,,,stage4_cpt_8k,,,,logs/l20_stage4_hq_crossdedup_train_latest.log,,2829,26.316375255584717,,,,1483210752,19922.500530871494,,
,,,,,,,train,,,,2.929660379886627,1.783036270483831e-06,0.41774551925839315,41.77455192583931,,,,,,,,,stage4_cpt_8k,,,,logs/l20_stage4_hq_crossdedup_train_latest.log,,2830,26.316837549209595,,,,1483735040,19922.15056310011,,
,,,,,,,train,,,,2.9142036586999893,1.7823246522047464e-06,0.41785639915821604,41.785639915821605,,,,,,,,,stage4_cpt_8k,,,,logs/l20_stage4_hq_crossdedup_train_latest.log,,2831,26.30985426902771,,,,1484259328,19927.438390154763,,
,,,,,,,train,,,,2.9266644418239594,1.781613016031762e-06,0.4178414275030949,41.78414275030949,,,,,,,,,stage4_cpt_8k,,,,logs/l20_stage4_hq_crossdedup_train_latest.log,,2832,26.310796976089478,,,,1484783616,19926.724396697613,,
,,,,,,,train,,,,2.917022541165352,1.7809013621870156e-06,0.41814301356588196,41.814301356588196,,,,,,,,,stage4_cpt_8k,,,,logs/l20_stage4_hq_crossdedup_train_latest.log,,2833,26.291820287704468,,,,1485307904,19941.106939833546,,
,,,,,,,train,,,,2.9611842036247253,1.7801896908926497e-06,0.4182625080508018,41.82625080508018,,,,,,,,,stage4_cpt_8k,,,,logs/l20_stage4_hq_crossdedup_train_latest.log,,2834,26.284308910369873,,,,1485832192,19946.805593703633,,
,,,,,,,train,,,,2.9283748418092728,1.7794780023708127e-06,0.41823775394274687,41.82377539427469,,,,,,,,,stage4_cpt_8k,,,,logs/l20_stage4_hq_crossdedup_train_latest.log,,2835,26.28586459159851,,,,1486356480,19945.625078186433,,
,,,,,,,train,,,,2.9496940076351166,1.7787662968436585e-06,0.417854259743718,41.7854259743718,,,,,,,,,stage4_cpt_8k,,,,logs/l20_stage4_hq_crossdedup_train_latest.log,,2836,26.309988975524902,,,,1486880768,19927.336362159767,,
,,,,,,,train,,,,2.907519146800041,1.7780545745333459e-06,0.41787613202991447,41.787613202991444,,,,,,,,,stage4_cpt_8k,,,,logs/l20_stage4_hq_crossdedup_train_latest.log,,2837,26.30861186981201,,,,1487405056,19928.379444511767,,
,,,,,,,train,,,,2.8761792927980423,1.7773428356620392e-06,0.41785197267704877,41.78519726770487,,,,,,,,,stage4_cpt_8k,,,,logs/l20_stage4_hq_crossdedup_train_latest.log,,2838,26.31013298034668,,,,1487929344,19927.22729267983,,
,,,,,,,train,,,,2.908040091395378,1.7766310804519077e-06,0.41781799905391664,41.781799905391665,,,,,,,,,stage4_cpt_8k,,,,logs/l20_stage4_hq_crossdedup_train_latest.log,,2839,26.312272310256958,,,,1488453632,19925.607101429392,,
,,,,,,,train,,,,2.9400429278612137,1.7759193091251257e-06,0.41772199182225206,41.77219918222521,,,,,,,,,stage4_cpt_8k,,,,logs/l20_stage4_hq_crossdedup_train_latest.log,,2840,26.31831979751587,,,,1488977920,19921.028547175207,,
,,,,,,,train,,,,2.9245269745588303,1.7752075219038738e-06,0.4177168038058949,41.77168038058949,,,,,,,,,stage4_cpt_8k,,,,logs/l20_stage4_hq_crossdedup_train_latest.log,,2841,26.318646669387817,,,,1489502208,19920.781132329976,,
,,,,,,,train,,,,2.9555985629558563,1.774495719010335e-06,0.41733340651501544,41.73334065150154,,,,,,,,,stage4_cpt_8k,,,,logs/l20_stage4_hq_crossdedup_train_latest.log,,2842,26.342825174331665,,,,1490026496,19902.497037822046,,
,,,,,,,train,,,,2.902985528111458,1.7737839006666997e-06,0.4175373951648564,41.75373951648564,,,,,,,,,stage4_cpt_8k,,,,logs/l20_stage4_hq_crossdedup_train_latest.log,,2843,26.329955339431763,,,,1490550784,19912.225191465703,,
,,,,,,,train,,,,2.9333506524562836,1.7730720670951618e-06,0.4183775800821661,41.83775800821661,,,,,,,,,stage4_cpt_8k,,,,logs/l20_stage4_hq_crossdedup_train_latest.log,,2844,26.277079582214355,,,,1491075072,19952.29334217431,,
,,,,,,,train,,,,2.957538276910782,1.7723602185179205e-06,0.4180387918650422,41.803879186504226,,,,,,,,,stage4_cpt_8k,,,,logs/l20_stage4_hq_crossdedup_train_latest.log,,2845,26.298375129699707,,,,1491599360,19936.13664016461,,
,,,,,,,train,,,,2.929322212934494,1.771648355157179e-06,0.4175096949760572,41.75096949760572,,,,,,,,,stage4_cpt_8k,,,,logs/l20_stage4_hq_crossdedup_train_latest.log,,2846,26.33170223236084,,,,1492123648,19910.904178297536,,
,,,,,,,train,,,,2.944421738386154,1.7709364772351456e-06,0.4175026939543443,41.75026939543443,,,,,,,,,stage4_cpt_8k,,,,logs/l20_stage4_hq_crossdedup_train_latest.log,,2847,26.332143783569336,,,,1492647936,19910.570301805197,,
,,,,,,,train,,,,2.914417400956154,1.770224584974034e-06,0.41768652591954974,41.768652591954975,,,,,,,,,stage4_cpt_8k,,,,logs/l20_stage4_hq_crossdedup_train_latest.log,,2848,26.320554494857788,,,,1493172224,19919.337189588063,,
,,,,,,,train,,,,2.910519778728485,1.7695126785960596e-06,0.417904123262309,41.7904123262309,,,,,,,,,stage4_cpt_8k,,,,logs/l20_stage4_hq_crossdedup_train_latest.log,,2849,26.306849718093872,,,,1493696512,19929.71433745616,,
,,,,,,,train,,,,2.9715873450040817,1.7688007583234464e-06,0.4178168595017891,41.78168595017891,,,,,,,,,stage4_cpt_8k,,,,logs/l20_stage4_hq_crossdedup_train_latest.log,,2850,26.312344074249268,,,,1494220800,19925.55275655192,,
,,,,,,,train,,,,2.9566164761781693,1.7680888243784187e-06,0.41771018179864555,41.771018179864555,,,,,,,,,stage4_cpt_8k,,,,logs/l20_stage4_hq_crossdedup_train_latest.log,,2851,26.319063901901245,,,,1494745088,19920.46533091651,,
,,,,,,,train,,,,2.9533105939626694,1.7673768769832077e-06,0.4176385640169979,41.76385640169979,,,,,,,,,stage4_cpt_8k,,,,logs/l20_stage4_hq_crossdedup_train_latest.log,,2852,26.323577165603638,,,,1495269376,19917.04990175401,,
,,,,,,,train,,,,2.9439470320940018,1.7666649163600478e-06,0.41803491483318816,41.803491483318815,,,,,,,,,stage4_cpt_8k,,,,logs/l20_stage4_hq_crossdedup_train_latest.log,,2853,26.298619031906128,,,,1495793664,19935.95174575216,,
,,,,,,,train,,,,2.9097095131874084,1.7659529427311767e-06,0.4182089328513085,41.82089328513085,,,,,,,,,stage4_cpt_8k,,,,logs/l20_stage4_hq_crossdedup_train_latest.log,,2854,26.287676095962524,,,,1496317952,19944.250609528943,,
,,,,,,,train,,,,2.9049559086561203,1.7652409563188386e-06,0.4182050336983621,41.82050336983621,,,,,,,,,stage4_cpt_8k,,,,logs/l20_stage4_hq_crossdedup_train_latest.log,,2855,26.28792119026184,,,,1496842240,19944.06466016866,,
,,,,,,,train,,,,2.9712787866592407,1.764528957345279e-06,0.41778332689350367,41.778332689350364,,,,,,,,,stage4_cpt_8k,,,,logs/l20_stage4_hq_crossdedup_train_latest.log,,2856,26.31445598602295,,,,1497366528,19923.953597158845,,
,,,,,,,train,,,,2.967177391052246,1.763816946032749e-06,0.41755538505451584,41.75553850545158,,,,,,,,,stage4_cpt_8k,,,,logs/l20_stage4_hq_crossdedup_train_latest.log,,2857,26.328820943832397,,,,1497890816,19913.08312356524,,
,,,,,,,train,,,,2.9082886427640915,1.7631049226035029e-06,0.4175861166420425,41.758611664204246,,,,,,,,,stage4_cpt_8k,,,,logs/l20_stage4_hq_crossdedup_train_latest.log,,2858,26.32688331604004,,,,1498415104,19914.548703171782,,
,,,,,,,train,,,,2.9233458936214447,1.762392887279799e-06,0.4178034276415091,41.78034276415091,,,,,,,,,stage4_cpt_8k,,,,logs/l20_stage4_hq_crossdedup_train_latest.log,,2859,26.31318998336792,,,,1498939392,19924.912195419587,,
,,,,,,,train,,,,2.95706607401371,1.7616808402838991e-06,0.4182120355366304,41.82120355366304,,,,,,,,,stage4_cpt_8k,,,,logs/l20_stage4_hq_crossdedup_train_latest.log,,2860,26.28748106956482,,,,1499463680,19944.398575602263,,
,,,,,,,train,,,,2.964367762207985,1.7609687818380687e-06,0.418086557643384,41.8086557643384,,,,,,,,,stage4_cpt_8k,,,,logs/l20_stage4_hq_crossdedup_train_latest.log,,2861,26.29537057876587,,,,1499987968,19938.41457489764,,
,,,,,,,train,,,,2.900134950876236,1.7602567121645779e-06,0.417665921910121,41.766592191012094,,,,,,,,,stage4_cpt_8k,,,,logs/l20_stage4_hq_crossdedup_train_latest.log,,2862,26.321852922439575,,,,1500512256,19918.35459095057,,
,,,,,,,train,,,,2.886479377746582,1.7595446314856983e-06,0.41766032293455,41.766032293455005,,,,,,,,,stage4_cpt_8k,,,,logs/l20_stage4_hq_crossdedup_train_latest.log,,2863,26.322205781936646,,,,1501036544,19918.08757759152,,
,,,,,,,train,,,,2.9650411307811737,1.7588325400237064e-06,0.41785815614509,41.785815614509,,,,,,,,,stage4_cpt_8k,,,,logs/l20_stage4_hq_crossdedup_train_latest.log,,2864,26.309743642807007,,,,1501560832,19927.522180298343,,
,,,,,,,train,,,,2.939857318997383,1.7581204380008809e-06,0.41805766641973646,41.80576664197365,,,,,,,,,stage4_cpt_8k,,,,logs/l20_stage4_hq_crossdedup_train_latest.log,,2865,26.29718780517578,,,,1502085120,19937.036761657466,,
,,,,,,,train,,,,2.9787924736738205,1.7574083256395062e-06,0.418671577672695,41.8671577672695,,,,,,,,,stage4_cpt_8k,,,,logs/l20_stage4_hq_crossdedup_train_latest.log,,2866,26.25862741470337,,,,1502609408,19966.31399348878,,
,,,,,,,train,,,,2.9193517863750458,1.7566962031618665e-06,0.41818715086898034,41.81871508689803,,,,,,,,,stage4_cpt_8k,,,,logs/l20_stage4_hq_crossdedup_train_latest.log,,2867,26.289045333862305,,,,1503133696,19943.211833739617,,
,,,,,,,train,,,,2.989813208580017,1.7559840707902523e-06,0.4179018507994362,41.79018507994362,,,,,,,,,stage4_cpt_8k,,,,logs/l20_stage4_hq_crossdedup_train_latest.log,,2868,26.306992769241333,,,,1503657984,19929.605964426617,,
,,,,,,,train,,,,2.972038060426712,1.7552719287469556e-06,0.4180629008099545,41.80629008099545,,,,,,,,,stage4_cpt_8k,,,,logs/l20_stage4_hq_crossdedup_train_latest.log,,2869,26.296858549118042,,,,1504182272,19937.286388057324,,
,,,,,,,train,,,,2.9037316739559174,1.7545597772542706e-06,0.41799487532676244,41.799487532676245,,,,,,,,,stage4_cpt_8k,,,,logs/l20_stage4_hq_crossdedup_train_latest.log,,2870,26.301138162612915,,,,1504706560,19934.042274462317,,
,,,,,,,train,,,,2.9790852814912796,1.753847616534497e-06,0.41769223532260213,41.76922353226021,,,,,,,,,stage4_cpt_8k,,,,logs/l20_stage4_hq_crossdedup_train_latest.log,,2871,26.320194721221924,,,,1505230848,19919.609469198476,,
,,,,,,,train,,,,2.888181686401367,1.7531354468099344e-06,0.4174355724254678,41.74355724254678,,,,,,,,,stage4_cpt_8k,,,,logs/l20_stage4_hq_crossdedup_train_latest.log,,2872,26.3363778591156,,,,1505755136,19907.369297503163,,
,,,,,,,train,,,,2.950243502855301,1.7524232683028882e-06,0.4174685427683469,41.74685427683469,,,,,,,,,stage4_cpt_8k,,,,logs/l20_stage4_hq_crossdedup_train_latest.log,,2873,26.33429789543152,,,,1506279424,19908.94164263835,,
,,,,,,,train,,,,2.9761360585689545,1.7517110812356644e-06,0.41757631849571847,41.757631849571844,,,,,,,,,stage4_cpt_8k,,,,logs/l20_stage4_hq_crossdedup_train_latest.log,,2874,26.32750105857849,,,,1506803712,19914.081432698953,,
,,,,,,,train,,,,2.9389398097991943,1.7509988858305714e-06,0.41810506498338346,41.81050649833835,,,,,,,,,stage4_cpt_8k,,,,logs/l20_stage4_hq_crossdedup_train_latest.log,,2875,26.294206619262695,,,,1507328000,19939.297184038838,,
,,,,,,,train,,,,2.949164777994156,1.7502866823099223e-06,0.4182977379140027,41.82977379140027,,,,,,,,,stage4_cpt_8k,,,,logs/l20_stage4_hq_crossdedup_train_latest.log,,2876,26.282095193862915,,,,1507852288,19948.485694642244,,
,,,,,,,train,,,,2.990522176027298,1.7495744708960313e-06,0.4182154872333214,41.82154872333214,,,,,,,,,stage4_cpt_8k,,,,logs/l20_stage4_hq_crossdedup_train_latest.log,,2877,26.287264108657837,,,,1508376576,19944.563185916453,,
,,,,,,,train,,,,2.9107204228639603,1.7488622518112156e-06,0.41773447991740037,41.773447991740035,,,,,,,,,stage4_cpt_8k,,,,logs/l20_stage4_hq_crossdedup_train_latest.log,,2878,26.317533016204834,,,,1508900864,19921.624100449437,,
,,,,,,,train,,,,2.9668411016464233,1.7481500252777935e-06,0.4178625373168026,41.78625373168026,,,,,,,,,stage4_cpt_8k,,,,logs/l20_stage4_hq_crossdedup_train_latest.log,,2879,26.309467792510986,,,,1509425152,19927.731116979838,,
,,,,,,,train,,,,2.979738801717758,1.7474377915180875e-06,0.41842208965362276,41.842208965362275,,,,,,,,,stage4_cpt_8k,,,,logs/l20_stage4_hq_crossdedup_train_latest.log,,2880,26.27428436279297,,,,1509949440,19954.415989439643,,
,,,,,,,train,,,,2.9044671952724457,1.7467255507544208e-06,0.41820928559927617,41.820928559927616,,,,,,,,,stage4_cpt_8k,,,,logs/l20_stage4_hq_crossdedup_train_latest.log,,2881,26.287653923034668,,,,1510473728,19944.267431967004,,
,,,,,,,train,,,,2.9222303479909897,1.7460133032091203e-06,0.418129901966961,41.8129901966961,,,,,,,,,stage4_cpt_8k,,,,logs/l20_stage4_hq_crossdedup_train_latest.log,,2882,26.292644739151,,,,1510998016,19940.481651863276,,
,,,,,,,train,,,,2.9782225489616394,1.7453010491045136e-06,0.4179578363297433,41.795783632974334,,,,,,,,,stage4_cpt_8k,,,,logs/l20_stage4_hq_crossdedup_train_latest.log,,2883,26.303468942642212,,,,1511522304,19932.275896508985,,
,,,,,,,train,,,,2.9681215286254883,1.744588788662931e-06,0.41773213361225686,41.773213361225686,,,,,,,,,stage4_cpt_8k,,,,logs/l20_stage4_hq_crossdedup_train_latest.log,,2884,26.317680835723877,,,,1512046592,19921.512205905557,,
,,,,,,,train,,,,2.969277873635292,1.743876522106705e-06,0.4179209705578309,41.79209705578309,,,,,,,,,stage4_cpt_8k,,,,logs/l20_stage4_hq_crossdedup_train_latest.log,,2885,26.30578923225403,,,,1512570880,19930.517779605736,,
,,,,,,,train,,,,2.9230461418628693,1.7431642496581693e-06,0.41764955289487116,41.76495528948712,,,,,,,,,stage4_cpt_8k,,,,logs/l20_stage4_hq_crossdedup_train_latest.log,,2886,26.322884559631348,,,,1513095168,19917.573957834607,,
,,,,,,,train,,,,2.9324527829885483,1.7424519715396601e-06,0.417769037989932,41.776903798993196,,,,,,,,,stage4_cpt_8k,,,,logs/l20_stage4_hq_crossdedup_train_latest.log,,2887,26.315356016159058,,,,1513619456,19923.272163905316,,
,,,,,,,train,,,,2.962949886918068,1.7417396879735158e-06,0.4181013724827866,41.810137248278664,,,,,,,,,stage4_cpt_8k,,,,logs/l20_stage4_hq_crossdedup_train_latest.log,,2888,26.29443883895874,,,,1514143744,19939.12108986319,,
,,,,,,,train,,,,2.894562065601349,1.7410273991820747e-06,0.4179842471606675,41.79842471606675,,,,,,,,,stage4_cpt_8k,,,,logs/l20_stage4_hq_crossdedup_train_latest.log,,2889,26.301806926727295,,,,1514668032,19933.53542061137,,
,,,,,,,train,,,,3.0009908974170685,1.7403151053876782e-06,0.4178405187876998,41.78405187876998,,,,,,,,,stage4_cpt_8k,,,,logs/l20_stage4_hq_crossdedup_train_latest.log,,2890,26.310854196548462,,,,1515192320,19926.68106035028,,
,,,,,,,train,,,,2.9543214589357376,1.7396028068126689e-06,0.41774094374595605,41.774094374595606,,,,,,,,,stage4_cpt_8k,,,,logs/l20_stage4_hq_crossdedup_train_latest.log,,2891,26.31712579727173,,,,1515716608,19921.93235837146,,
,,,,,,,train,,,,2.9312669336795807,1.7388905036793915e-06,0.4176700909745683,41.76700909745683,,,,,,,,,stage4_cpt_8k,,,,logs/l20_stage4_hq_crossdedup_train_latest.log,,2892,26.321590185165405,,,,1516240896,19918.553412304234,,
,,,,,,,train,,,,2.9972489178180695,1.7381781962101908e-06,0.4178895647781928,41.788956477819276,,,,,,,,,stage4_cpt_8k,,,,logs/l20_stage4_hq_crossdedup_train_latest.log,,2893,26.30776619911194,,,,1516765184,19929.020047992453,,
,,,,,,,train,,,,2.9459999054670334,1.7374658846274142e-06,0.4181233768073176,41.81233768073176,,,,,,,,,stage4_cpt_8k,,,,logs/l20_stage4_hq_crossdedup_train_latest.log,,2894,26.293055057525635,,,,1517289472,19940.170469081248,,
,,,,,,,train,,,,2.925449013710022,1.7367535691534094e-06,0.417840920136512,41.7840920136512,,,,,,,,,stage4_cpt_8k,,,,logs/l20_stage4_hq_crossdedup_train_latest.log,,2895,26.310828924179077,,,,1517813760,19926.70020054711,,
,,,,,,,train,,,,2.9177371859550476,1.736041250010526e-06,0.4177161151073585,41.77161151073585,,,,,,,,,stage4_cpt_8k,,,,logs/l20_stage4_hq_crossdedup_train_latest.log,,2896,26.318690061569214,,,,1518338048,19920.748288516457,,
,,,,,,,train,,,,2.9295912235975266,1.7353289274211149e-06,0.4178178476180599,41.78178476180599,,,,,,,,,stage4_cpt_8k,,,,logs/l20_stage4_hq_crossdedup_train_latest.log,,2897,26.312281847000122,,,,1518862336,19925.599879501686,,
,,,,,,,train,,,,2.9616695195436478,1.7346166016075275e-06,0.41750855332474507,41.75085533247451,,,,,,,,,stage4_cpt_8k,,,,logs/l20_stage4_hq_crossdedup_train_latest.log,,2898,26.33177423477173,,,,1519386624,19910.849733310617,,
,,,,,,,train,,,,2.8880474269390106,1.733904272792116e-06,0.4181475713472287,41.81475713472287,,,,,,,,,stage4_cpt_8k,,,,logs/l20_stage4_hq_crossdedup_train_latest.log,,2899,26.291533708572388,,,,1519910912,19941.324298972155,,
,,,,,,,train,,,,2.973296046257019,1.7331919411972347e-06,0.41815863253258684,41.815863253258684,,,,,,,,,stage4_cpt_8k,,,,logs/l20_stage4_hq_crossdedup_train_latest.log,,2900,26.29083824157715,,,,1520435200,19941.851803373644,,
,,,,,,,train,,,,2.998179316520691,1.7324796070452372e-06,0.41798564148463263,41.798564148463264,,,,,,,,,stage4_cpt_8k,,,,logs/l20_stage4_hq_crossdedup_train_latest.log,,2901,26.301719188690186,,,,1520959488,19933.601915476513,,
,,,,,,,train,,,,2.9265510886907578,1.7317672705584793e-06,0.418321838786324,41.8321838786324,,,,,,,,,stage4_cpt_8k,,,,logs/l20_stage4_hq_crossdedup_train_latest.log,,2902,26.28058099746704,,,,1521483776,19949.635057555675,,
,,,,,,,train,,,,2.9717860370874405,1.7310549319593168e-06,0.41817429438209847,41.81742943820985,,,,,,,,,stage4_cpt_8k,,,,logs/l20_stage4_hq_crossdedup_train_latest.log,,2903,26.28985357284546,,,,1522008064,19942.598711981118,,
,,,,,,,train,,,,2.953070729970932,1.7303425914701065e-06,0.4179533508739425,41.79533508739425,,,,,,,,,stage4_cpt_8k,,,,logs/l20_stage4_hq_crossdedup_train_latest.log,,2904,26.303751230239868,,,,1522532352,19932.06198655259,,
,,,,,,,train,,,,2.9332255870103836,1.7296302493132051e-06,0.41764547880970054,41.764547880970056,,,,,,,,,stage4_cpt_8k,,,,logs/l20_stage4_hq_crossdedup_train_latest.log,,2905,26.32314133644104,,,,1523056640,19917.37966601235,,
,,,,,,,train,,,,2.967839002609253,1.7289179057109708e-06,0.417562958815581,41.756295881558096,,,,,,,,,stage4_cpt_8k,,,,logs/l20_stage4_hq_crossdedup_train_latest.log,,2906,26.328343391418457,,,,1523580928,19913.444313814598,,
,,,,,,,train,,,,2.904218450188637,1.728205560885761e-06,0.41783992812481263,41.783992812481266,,,,,,,,,stage4_cpt_8k,,,,logs/l20_stage4_hq_crossdedup_train_latest.log,,2907,26.3108913898468,,,,1524105216,19926.652891825597,,
,,,,,,,train,,,,2.901060327887535,1.7274932150599355e-06,0.4180280970405513,41.802809704055136,,,,,,,,,stage4_cpt_8k,,,,logs/l20_stage4_hq_crossdedup_train_latest.log,,2908,26.29904794692993,,,,1524629504,19935.626607396018,,
,,,,,,,train,,,,2.978481039404869,1.7267808684558526e-06,0.41806334807022966,41.806334807022964,,,,,,,,,stage4_cpt_8k,,,,logs/l20_stage4_hq_crossdedup_train_latest.log,,2909,26.296830415725708,,,,1525153792,19937.307717757183,,
,,,,,,,train,,,,2.9527418166399,1.7260685212958704e-06,0.4179348683264484,41.79348683264484,,,,,,,,,stage4_cpt_8k,,,,logs/l20_stage4_hq_crossdedup_train_latest.log,,2910,26.304914474487305,,,,1525678080,19931.180559758068,,
,,,,,,,train,,,,2.9319477677345276,1.7253561738023502e-06,0.41800561392298924,41.800561392298924,,,,,,,,,stage4_cpt_8k,,,,logs/l20_stage4_hq_crossdedup_train_latest.log,,2911,26.30046248435974,,,,1526202368,19934.55439469103,,
,,,,,,,train,,,,2.9775430113077164,1.72464382619765e-06,0.4177115251031406,41.77115251031406,,,,,,,,,stage4_cpt_8k,,,,logs/l20_stage4_hq_crossdedup_train_latest.log,,2912,26.318979263305664,,,,1526726656,19920.529392679397,,
,,,,,,,train,,,,2.951887935400009,1.7239314787041294e-06,0.41774304415485336,41.77430441548534,,,,,,,,,stage4_cpt_8k,,,,logs/l20_stage4_hq_crossdedup_train_latest.log,,2913,26.316993474960327,,,,1527250944,19922.032526201794,,
,,,,,,,train,,,,2.9705707132816315,1.7232191315441474e-06,0.41748422478302116,41.74842247830212,,,,,,,,,stage4_cpt_8k,,,,logs/l20_stage4_hq_crossdedup_train_latest.log,,2914,26.333308696746826,,,,1527775232,19909.689512916,,
,,,,,,,train,,,,2.9413037598133087,1.7225067849400646e-06,0.4175652729701163,41.75652729701163,,,,,,,,,stage4_cpt_8k,,,,logs/l20_stage4_hq_crossdedup_train_latest.log,,2915,26.328197479248047,,,,1528299520,19913.55467510623,,
,,,,,,,train,,,,2.9368736147880554,1.7217944391142391e-06,0.41811545286054985,41.81154528605499,,,,,,,,,stage4_cpt_8k,,,,logs/l20_stage4_hq_crossdedup_train_latest.log,,2916,26.293553352355957,,,,1528823808,19939.792578587432,,
,,,,,,,train,,,,2.9637352228164673,1.7210820942890294e-06,0.41850032704904294,41.850032704904294,,,,,,,,,stage4_cpt_8k,,,,logs/l20_stage4_hq_crossdedup_train_latest.log,,2917,26.26937246322632,,,,1529348096,19958.147105871467,,
,,,,,,,train,,,,2.8872073143720627,1.720369750686795e-06,0.41830761168773933,41.83076116877393,,,,,,,,,stage4_cpt_8k,,,,logs/l20_stage4_hq_crossdedup_train_latest.log,,2918,26.281474828720093,,,,1529872384,19948.956571762257,,
,,,,,,,train,,,,2.957201898097992,1.7196574085298933e-06,0.4178427905835984,41.78427905835984,,,,,,,,,stage4_cpt_8k,,,,logs/l20_stage4_hq_crossdedup_train_latest.log,,2919,26.310711145401,,,,1530396672,19926.789401572038,,
,,,,,,,train,,,,2.9595007449388504,1.7189450680406834e-06,0.4177602796591126,41.77602796591126,,,,,,,,,stage4_cpt_8k,,,,logs/l20_stage4_hq_crossdedup_train_latest.log,,2920,26.3159077167511,,,,1530920960,19922.854481902225,,
,,,,,,,train,,,,2.9221447110176086,1.718232729441521e-06,0.4180287488710333,41.80287488710333,,,,,,,,,stage4_cpt_8k,,,,logs/l20_stage4_hq_crossdedup_train_latest.log,,2921,26.299006938934326,,,,1531445248,19935.657692983783,,
,,,,,,,train,,,,2.973243862390518,1.717520392954763e-06,0.41821870381075527,41.82187038107553,,,,,,,,,stage4_cpt_8k,,,,logs/l20_stage4_hq_crossdedup_train_latest.log,,2922,26.28706192970276,,,,1531969536,19944.716583468267,,
,,,,,,,train,,,,2.887074813246727,1.7168080588027656e-06,0.41775964380496783,41.77596438049678,,,,,,,,,stage4_cpt_8k,,,,logs/l20_stage4_hq_crossdedup_train_latest.log,,2923,26.315947771072388,,,,1532493824,19922.824158220883,,
,,,,,,,train,,,,2.9769464135169983,1.7160957272078837e-06,0.41747458260461334,41.747458260461336,,,,,,,,,stage4_cpt_8k,,,,logs/l20_stage4_hq_crossdedup_train_latest.log,,2924,26.333916902542114,,,,1533018112,19909.22968050334,,
,,,,,,,train,,,,2.9567828625440598,1.715383398392473e-06,0.41789235595942864,41.78923559594286,,,,,,,,,stage4_cpt_8k,,,,logs/l20_stage4_hq_crossdedup_train_latest.log,,2925,26.30759048461914,,,,1533542400,19929.15315853527,,
,,,,,,,train,,,,2.9138151556253433,1.7146710725788851e-06,0.41800757678885864,41.800757678885866,,,,,,,,,stage4_cpt_8k,,,,logs/l20_stage4_hq_crossdedup_train_latest.log,,2926,26.300338983535767,,,,1534066688,19934.648003138238,,
,,,,,,,train,,,,2.957312673330307,1.713958749989474e-06,0.4182187986398503,41.82187986398503,,,,,,,,,stage4_cpt_8k,,,,logs/l20_stage4_hq_crossdedup_train_latest.log,,2927,26.28705596923828,,,,1534590976,19944.72110583756,,
,,,,,,,train,,,,2.9549536406993866,1.7132464308465906e-06,0.418220664885191,41.8220664885191,,,,,,,,,stage4_cpt_8k,,,,logs/l20_stage4_hq_crossdedup_train_latest.log,,2928,26.286938667297363,,,,1535115264,19944.810106482575,,
,,,,,,,train,,,,2.955326870083809,1.7125341153725862e-06,0.4179248909304457,41.79248909304457,,,,,,,,,stage4_cpt_8k,,,,logs/l20_stage4_hq_crossdedup_train_latest.log,,2929,26.305542469024658,,,,1535639552,19930.70474092524,,
,,,,,,,train,,,,2.968848466873169,1.7118218037898096e-06,0.4177504884768341,41.77504884768341,,,,,,,,,stage4_cpt_8k,,,,logs/l20_stage4_hq_crossdedup_train_latest.log,,2930,26.316524505615234,,,,1536163840,19922.387543542503,,
,,,,,,,train,,,,2.9403561800718307,1.711109496320609e-06,0.41774657516011254,41.77465751601125,,,,,,,,,stage4_cpt_8k,,,,logs/l20_stage4_hq_crossdedup_train_latest.log,,2931,26.316771030426025,,,,1536688128,19922.200918716306,,
,,,,,,,train,,,,2.9141456931829453,1.7103971931873311e-06,0.41773757556677216,41.77375755667722,,,,,,,,,stage4_cpt_8k,,,,logs/l20_stage4_hq_crossdedup_train_latest.log,,2932,26.31733798980713,,,,1537212416,19921.771730980545,,
,,,,,,,train,,,,2.99379263818264,1.709684894612322e-06,0.41822961323194074,41.82296132319407,,,,,,,,,stage4_cpt_8k,,,,logs/l20_stage4_hq_crossdedup_train_latest.log,,2933,26.286376237869263,,,,1537736704,19945.23685028477,,
,,,,,,,train,,,,2.980591744184494,1.7089726008179255e-06,0.4180789042264533,41.80789042264533,,,,,,,,,stage4_cpt_8k,,,,logs/l20_stage4_hq_crossdedup_train_latest.log,,2934,26.295851945877075,,,,1538260992,19938.049585885467,,
,,,,,,,train,,,,2.867852494120598,1.7082603120264842e-06,0.41802422399670447,41.80242239967045,,,,,,,,,stage4_cpt_8k,,,,logs/l20_stage4_hq_crossdedup_train_latest.log,,2935,26.299291610717773,,,,1538785280,19935.441903170366,,
,,,,,,,train,,,,2.917973831295967,1.7075480284603397e-06,0.4176954400724968,41.76954400724968,,,,,,,,,stage4_cpt_8k,,,,logs/l20_stage4_hq_crossdedup_train_latest.log,,2936,26.319992780685425,,,,1539309568,19919.76230269872,,
,,,,,,,train,,,,2.887835070490837,1.7068357503418307e-06,0.4176798594714978,41.76798594714978,,,,,,,,,stage4_cpt_8k,,,,logs/l20_stage4_hq_crossdedup_train_latest.log,,2937,26.320974588394165,,,,1539833856,19919.019268806896,,
,,,,,,,train,,,,2.906885340809822,1.7061234778932951e-06,0.41785337747827844,41.785337747827846,,,,,,,,,stage4_cpt_8k,,,,logs/l20_stage4_hq_crossdedup_train_latest.log,,2938,26.310044527053833,,,,1540358144,19927.294287202378,,
,,,,,,,train,,,,2.8766281455755234,1.7054112113370688e-06,0.4178672404573077,41.78672404573077,,,,,,,,,stage4_cpt_8k,,,,logs/l20_stage4_hq_crossdedup_train_latest.log,,2939,26.309171676635742,,,,1540882432,19927.955408250342,,
,,,,,,,train,,,,2.9468104541301727,1.7046989508954862e-06,0.41825878241765035,41.82587824176503,,,,,,,,,stage4_cpt_8k,,,,logs/l20_stage4_hq_crossdedup_train_latest.log,,2940,26.28454303741455,,,,1541406720,19946.627919447026,,
,,,,,,,train,,,,2.9264068603515625,1.7039866967908799e-06,0.41801250677072366,41.80125067707237,,,,,,,,,stage4_cpt_8k,,,,logs/l20_stage4_hq_crossdedup_train_latest.log,,2941,26.300028800964355,,,,1541931008,19934.88311240084,,
,,,,,,,train,,,,2.947079762816429,1.7032744492455794e-06,0.4178693080549925,41.78693080549925,,,,,,,,,stage4_cpt_8k,,,,logs/l20_stage4_hq_crossdedup_train_latest.log,,2942,26.309041500091553,,,,1542455296,19928.054011324417,,
,,,,,,,train,,,,2.9507522135972977,1.7025622084819125e-06,0.41757470757472515,41.75747075747252,,,,,,,,,stage4_cpt_8k,,,,logs/l20_stage4_hq_crossdedup_train_latest.log,,2943,26.32760262489319,,,,1542979584,19914.004608390624,,
,,,,,,,train,,,,2.9195124804973602,1.7018499747222065e-06,0.41743061447500734,41.743061447500736,,,,,,,,,stage4_cpt_8k,,,,logs/l20_stage4_hq_crossdedup_train_latest.log,,2944,26.336690664291382,,,,1543503872,19907.13285442716,,
,,,,,,,train,,,,2.9384616762399673,1.7011377481887844e-06,0.41738903581288433,41.73890358128843,,,,,,,,,stage4_cpt_8k,,,,logs/l20_stage4_hq_crossdedup_train_latest.log,,2945,26.339314222335815,,,,1544028160,19905.149981293067,,
,,,,,,,train,,,,2.9244362860918045,1.7004255291039687e-06,0.417548008180439,41.754800818043904,,,,,,,,,stage4_cpt_8k,,,,logs/l20_stage4_hq_crossdedup_train_latest.log,,2946,26.329286098480225,,,,1544552448,19912.731322793552,,
,,,,,,,train,,,,2.9270452708005905,1.6997133176900777e-06,0.41795169537108345,41.79516953710834,,,,,,,,,stage4_cpt_8k,,,,logs/l20_stage4_hq_crossdedup_train_latest.log,,2947,26.303855419158936,,,,1545076736,19931.98303614931,,
,,,,,,,train,,,,2.953840881586075,1.6990011141694288e-06,0.4181739341084546,41.81739341084546,,,,,,,,,stage4_cpt_8k,,,,logs/l20_stage4_hq_crossdedup_train_latest.log,,2948,26.289876222610474,,,,1545601024,19942.58153064596,,
,,,,,,,train,,,,2.9639919251203537,1.6982889187643362e-06,0.4182651145158974,41.82651145158974,,,,,,,,,stage4_cpt_8k,,,,logs/l20_stage4_hq_crossdedup_train_latest.log,,2949,26.28414511680603,,,,1546125312,19946.929895192647,,
,,,,,,,train,,,,2.944020166993141,1.6975767316971118e-06,0.41818851241343996,41.818851241344,,,,,,,,,stage4_cpt_8k,,,,logs/l20_stage4_hq_crossdedup_train_latest.log,,2950,26.288959741592407,,,,1546649600,19943.2767653606,,
,,,,,,,train,,,,2.905548647046089,1.6968645531900658e-06,0.417867073838605,41.7867073838605,,,,,,,,,stage4_cpt_8k,,,,logs/l20_stage4_hq_crossdedup_train_latest.log,,2951,26.309182167053223,,,,1547173888,19927.947462257554,,
,,,,,,,train,,,,2.891602247953415,1.6961523834655034e-06,0.4182423631063809,41.82423631063809,,,,,,,,,stage4_cpt_8k,,,,logs/l20_stage4_hq_crossdedup_train_latest.log,,2952,26.285574913024902,,,,1547698176,19945.844887729934,,
,,,,,,,train,,,,2.9152332693338394,1.6954402227457296e-06,0.41798551266083284,41.79855126608329,,,,,,,,,stage4_cpt_8k,,,,logs/l20_stage4_hq_crossdedup_train_latest.log,,2953,26.301727294921875,,,,1548222464,19933.59577191059,,
,,,,,,,train,,,,2.9861020892858505,1.6947280712530449e-06,0.4176790990105258,41.76790990105258,,,,,,,,,stage4_cpt_8k,,,,logs/l20_stage4_hq_crossdedup_train_latest.log,,2954,26.321022510528564,,,,1548746752,19918.98300266571,,
,,,,,,,train,,,,2.958600029349327,1.6940159292097479e-06,0.41790589580050647,41.79058958005065,,,,,,,,,stage4_cpt_8k,,,,logs/l20_stage4_hq_crossdedup_train_latest.log,,2955,26.306738138198853,,,,1549271040,19929.798869237406,,
,,,,,,,train,,,,2.9198228418827057,1.6933037968381333e-06,0.4179498845614642,41.79498845614642,,,,,,,,,stage4_cpt_8k,,,,logs/l20_stage4_hq_crossdedup_train_latest.log,,2956,26.303969383239746,,,,1549795328,19931.896679216166,,
,,,,,,,train,,,,2.906039774417877,1.6925916743604942e-06,0.4178913561290284,41.78913561290284,,,,,,,,,stage4_cpt_8k,,,,logs/l20_stage4_hq_crossdedup_train_latest.log,,2957,26.307653427124023,,,,1550319616,19929.105476942404,,
,,,,,,,train,,,,2.9624376446008682,1.6918795619991191e-06,0.4177988773593223,41.77988773593223,,,,,,,,,stage4_cpt_8k,,,,logs/l20_stage4_hq_crossdedup_train_latest.log,,2958,26.3134765625,,,,1550843904,19924.69519391353,,
,,,,,,,train,,,,2.9458952844142914,1.691167459976294e-06,0.41811470976898363,41.81147097689836,,,,,,,,,stage4_cpt_8k,,,,logs/l20_stage4_hq_crossdedup_train_latest.log,,2959,26.29360008239746,,,,1551368192,19939.757140787668,,
,,,,,,,train,,,,2.935760974884033,1.6904553685143017e-06,0.41790314610024487,41.79031461002449,,,,,,,,,stage4_cpt_8k,,,,logs/l20_stage4_hq_crossdedup_train_latest.log,,2960,26.30691123008728,,,,1551892480,19929.667736909018,,
,,,,,,,train,,,,2.9311101883649826,1.689743287835422e-06,0.41806027791302636,41.80602779130263,,,,,,,,,stage4_cpt_8k,,,,logs/l20_stage4_hq_crossdedup_train_latest.log,,2961,26.29702353477478,,,,1552416768,19937.16130293946,,
,,,,,,,train,,,,2.979478895664215,1.689031218161931e-06,0.4177457539027583,41.77457539027583,,,,,,,,,stage4_cpt_8k,,,,logs/l20_stage4_hq_crossdedup_train_latest.log,,2962,26.31682276725769,,,,1552941056,19922.16175321504,,
,,,,,,,train,,,,2.9337444603443146,1.6883191597161013e-06,0.4173047023699265,41.73047023699265,,,,,,,,,stage4_cpt_8k,,,,logs/l20_stage4_hq_crossdedup_train_latest.log,,2963,26.344637155532837,,,,1553465344,19901.12814629866,,
,,,,,,,train,,,,2.966997370123863,1.6876071127202011e-06,0.417666084585304,41.7666084585304,,,,,,,,,stage4_cpt_8k,,,,logs/l20_stage4_hq_crossdedup_train_latest.log,,2964,26.321842670440674,,,,1553989632,19918.362348878156,,
,,,,,,,train,,,,2.959512010216713,1.6868950773964973e-06,0.41789292025975905,41.789292025975904,,,,,,,,,stage4_cpt_8k,,,,logs/l20_stage4_hq_crossdedup_train_latest.log,,2965,26.307554960250854,,,,1554513920,19929.180069838032,,
,,,,,,,train,,,,2.9267388731241226,1.6861830539672507e-06,0.41789332549650704,41.7893325496507,,,,,,,,,stage4_cpt_8k,,,,logs/l20_stage4_hq_crossdedup_train_latest.log,,2966,26.30752944946289,,,,1555038208,19929.199395449283,,
,,,,,,,train,,,,2.940010666847229,1.6854710426547213e-06,0.41753558038186533,41.75355803818653,,,,,,,,,stage4_cpt_8k,,,,logs/l20_stage4_hq_crossdedup_train_latest.log,,2967,26.33006978034973,,,,1555562496,19912.13864504373,,
,,,,,,,train,,,,2.8884709775447845,1.6847590436811616e-06,0.41816466960051524,41.81646696005152,,,,,,,,,stage4_cpt_8k,,,,logs/l20_stage4_hq_crossdedup_train_latest.log,,2968,26.29045867919922,,,,1556086784,19942.139709217478,,
,,,,,,,train,,,,2.9847688525915146,1.684047057268823e-06,0.41864554742488663,41.864554742488664,,,,,,,,,stage4_cpt_8k,,,,logs/l20_stage4_hq_crossdedup_train_latest.log,,2969,26.260260105133057,,,,1556611072,19965.072619273797,,
,,,,,,,train,,,,2.901944011449814,1.6833350836399526e-06,0.41808276691151597,41.8082766911516,,,,,,,,,stage4_cpt_8k,,,,logs/l20_stage4_hq_crossdedup_train_latest.log,,2970,26.29560899734497,,,,1557135360,19938.233796104003,,
,,,,,,,train,,,,2.9146333634853363,1.6826231230167921e-06,0.4178996503214404,41.78996503214404,,,,,,,,,stage4_cpt_8k,,,,logs/l20_stage4_hq_crossdedup_train_latest.log,,2971,26.30713129043579,,,,1557659648,19929.501024332894,,
,,,,,,,train,,,,2.9589658230543137,1.6819111756215817e-06,0.4171983916937691,41.71983916937691,,,,,,,,,stage4_cpt_8k,,,,logs/l20_stage4_hq_crossdedup_train_latest.log,,2972,26.3513503074646,,,,1558183936,19896.05822406315,,
,,,,,,,train,,,,2.925694614648819,1.681199241676554e-06,0.4178635824499879,41.78635824499879,,,,,,,,,stage4_cpt_8k,,,,logs/l20_stage4_hq_crossdedup_train_latest.log,,2973,26.309401988983154,,,,1558708224,19927.780959048072,,
,,,,,,,train,,,,2.91202774643898,1.6804873214039404e-06,0.41833364547031787,41.833364547031785,,,,,,,,,stage4_cpt_8k,,,,logs/l20_stage4_hq_crossdedup_train_latest.log,,2974,26.279839277267456,,,,1559232512,19950.198114549305,,
,,,,,,,train,,,,2.9606103003025055,1.6797754150259663e-06,0.4183386476672898,41.83386476672898,,,,,,,,,stage4_cpt_8k,,,,logs/l20_stage4_hq_crossdedup_train_latest.log,,2975,26.2795250415802,,,,1559756800,19950.43666772732,,
,,,,,,,train,,,,2.8617881387472153,1.6790635227648546e-06,0.4177659494441481,41.77659494441481,,,,,,,,,stage4_cpt_8k,,,,logs/l20_stage4_hq_crossdedup_train_latest.log,,2976,26.315550565719604,,,,1560281088,19923.12487214205,,
,,,,,,,train,,,,2.9667846113443375,1.678351644842821e-06,0.4176631186204797,41.76631186204797,,,,,,,,,stage4_cpt_8k,,,,logs/l20_stage4_hq_crossdedup_train_latest.log,,2977,26.32202959060669,,,,1560805376,19918.220902961755,,
,,,,,,,train,,,,2.9915881156921387,1.67763978148208e-06,0.4173446097566005,41.73446097566005,,,,,,,,,stage4_cpt_8k,,,,logs/l20_stage4_hq_crossdedup_train_latest.log,,2978,26.34211802482605,,,,1561329664,19903.031316839686,,
,,,,,,,train,,,,2.90668423473835,1.6769279329048384e-06,0.41754287741761686,41.75428774176169,,,,,,,,,stage4_cpt_8k,,,,logs/l20_stage4_hq_crossdedup_train_latest.log,,2979,26.329609632492065,,,,1561853952,19912.48663835115,,
,,,,,,,train,,,,2.927874878048897,1.6762160993333e-06,0.4180967474713785,41.80967474713785,,,,,,,,,stage4_cpt_8k,,,,logs/l20_stage4_hq_crossdedup_train_latest.log,,2980,26.294729709625244,,,,1562378240,19938.9005245444,,
,,,,,,,train,,,,2.9647648483514786,1.6755042809896648e-06,0.4182092249114114,41.82092249114114,,,,,,,,,stage4_cpt_8k,,,,logs/l20_stage4_hq_crossdedup_train_latest.log,,2981,26.287657737731934,,,,1562902528,19944.26453778209,,
,,,,,,,train,,,,2.9321328699588776,1.6747924780961262e-06,0.417762732257517,41.776273225751694,,,,,,,,,stage4_cpt_8k,,,,logs/l20_stage4_hq_crossdedup_train_latest.log,,2982,26.31575322151184,,,,1563426816,19922.97144553781,,
,,,,,,,train,,,,2.9586245268583298,1.6740806908748743e-06,0.4181330186461662,41.81330186461662,,,,,,,,,stage4_cpt_8k,,,,logs/l20_stage4_hq_crossdedup_train_latest.log,,2983,26.29244875907898,,,,1563951104,19940.63028530043,,
,,,,,,,train,,,,2.9740109890699387,1.6733689195480925e-06,0.41815848084970786,41.81584808497079,,,,,,,,,stage4_cpt_8k,,,,logs/l20_stage4_hq_crossdedup_train_latest.log,,2984,26.290847778320312,,,,1564475392,19941.84456966553,,
,,,,,,,train,,,,2.8980701714754105,1.672657164337961e-06,0.4182912682266551,41.82912682266551,,,,,,,,,stage4_cpt_8k,,,,logs/l20_stage4_hq_crossdedup_train_latest.log,,2985,26.282501697540283,,,,1564999680,19948.177157316302,,
,,,,,,,train,,,,2.9641126543283463,1.6719454254666543e-06,0.41823415772760164,41.823415772760164,,,,,,,,,stage4_cpt_8k,,,,logs/l20_stage4_hq_crossdedup_train_latest.log,,2986,26.2860906124115,,,,1565523968,19945.45357583326,,
,,,,,,,train,,,,2.9592182487249374,1.6712337031563413e-06,0.41823177166539544,41.823177166539544,,,,,,,,,stage4_cpt_8k,,,,logs/l20_stage4_hq_crossdedup_train_latest.log,,2987,26.286240577697754,,,,1566048256,19945.33978528774,,
,,,,,,,train,,,,2.946692004799843,1.6705219976291875e-06,0.41804331705475595,41.8043317054756,,,,,,,,,stage4_cpt_8k,,,,logs/l20_stage4_hq_crossdedup_train_latest.log,,2988,26.29809045791626,,,,1566572544,19936.352445018634,,
,,,,,,,train,,,,2.926859825849533,1.6698103091073505e-06,0.4177530507171512,41.77530507171512,,,,,,,,,stage4_cpt_8k,,,,logs/l20_stage4_hq_crossdedup_train_latest.log,,2989,26.316363096237183,,,,1567096832,19922.509735965938,,
,,,,,,,train,,,,2.9376503378152847,1.6690986378129846e-06,0.41762337346028044,41.76233734602805,,,,,,,,,stage4_cpt_8k,,,,logs/l20_stage4_hq_crossdedup_train_latest.log,,2990,26.32453465461731,,,,1567621120,19916.32546894956,,
,,,,,,,train,,,,2.919577658176422,1.6683869839682382e-06,0.4176904418948891,41.76904418948891,,,,,,,,,stage4_cpt_8k,,,,logs/l20_stage4_hq_crossdedup_train_latest.log,,2991,26.320307731628418,,,,1568145408,19919.523941202897,,
,,,,,,,train,,,,2.981586515903473,1.6676753477952534e-06,0.41808822558718295,41.8088225587183,,,,,,,,,stage4_cpt_8k,,,,logs/l20_stage4_hq_crossdedup_train_latest.log,,2992,26.295265674591064,,,,1568669696,19938.494118605384,,
,,,,,,,train,,,,2.937570244073868,1.6669637295161695e-06,0.4180721304849444,41.80721304849444,,,,,,,,,stage4_cpt_8k,,,,logs/l20_stage4_hq_crossdedup_train_latest.log,,2993,26.29627799987793,,,,1569193984,19937.72654831356,,
,,,,,,,train,,,,2.8910389095544815,1.6662521293531159e-06,0.41772909480783416,41.77290948078342,,,,,,,,,stage4_cpt_8k,,,,logs/l20_stage4_hq_crossdedup_train_latest.log,,2994,26.317872285842896,,,,1569718272,19921.36728629194,,
,,,,,,,train,,,,2.948894053697586,1.6655405475282201e-06,0.41774405841391904,41.7744058413919,,,,,,,,,stage4_cpt_8k,,,,logs/l20_stage4_hq_crossdedup_train_latest.log,,2995,26.316929578781128,,,,1570242560,19922.080895893116,,
,,,,,,,train,,,,2.944404363632202,1.6648289842636018e-06,0.41790550190182973,41.79055019018298,,,,,,,,,stage4_cpt_8k,,,,logs/l20_stage4_hq_crossdedup_train_latest.log,,2996,26.30676293373108,,,,1570766848,19929.780084335158,,
,,,,,,,train,,,,2.9493313133716583,1.664117439781376e-06,0.41830335019785575,41.83033501978557,,,,,,,,,stage4_cpt_8k,,,,logs/l20_stage4_hq_crossdedup_train_latest.log,,2997,26.281742572784424,,,,1571291136,19948.75334266902,,
,,,,,,,train,,,,2.919559344649315,1.6634059143036515e-06,0.41846138697753643,41.846138697753645,,,,,,,,,stage4_cpt_8k,,,,logs/l20_stage4_hq_crossdedup_train_latest.log,,2998,26.271816968917847,,,,1571815424,19956.290066282225,,
,,,,,,,train,,,,2.9671431183815002,1.662694408052531e-06,0.41799539822374987,41.79953982237499,,,,,,,,,stage4_cpt_8k,,,,logs/l20_stage4_hq_crossdedup_train_latest.log,,2999,26.301105260849,,,,1572339712,19934.067211252855,,
,,,,,,,train,,,,2.904631808400154,1.6619829212501112e-06,0.41766465077817133,41.76646507781713,,,,,,,,,stage4_cpt_8k,,,,logs/l20_stage4_hq_crossdedup_train_latest.log,,3000,26.321933031082153,,,,1572864000,19918.293971073344,,
,,,,,,,eval,,,,2.926372915506363,,,,,,,,,18.659826837629968,,,stage4_cpt_8k,,,,logs/l20_stage4_hq_crossdedup_train_latest.log,,3000,,,,,,,,
,,,,,,,checkpoint,,,,,,,,,,,runs/l20-edu-135m-stage4-hq-crossdedup-8k/step-003000,,,,,stage4_cpt_8k,,,,logs/l20_stage4_hq_crossdedup_train_latest.log,,3000,,,,,,,,
,,,,,,,train,,,,2.9478437155485153,1.6612714541184826e-06,0.31460542719536977,31.460542719536978,,,,,,,,,stage4_cpt_8k,,,,logs/l20_stage4_hq_crossdedup_train_latest.log,,3001,34.94453692436218,,,,1573388288,15003.432471714445,,
,,,,,,,train,,,,2.9497805684804916,1.6605600068797301e-06,0.41890095323584126,41.89009532358413,,,,,,,,,stage4_cpt_8k,,,,logs/l20_stage4_hq_crossdedup_train_latest.log,,3002,26.24424910545349,,,,1573912576,19977.252840930178,,
,,,,,,,train,,,,2.9339035153388977,1.6598485797559321e-06,0.41825580044138194,41.82558004413819,,,,,,,,,stage4_cpt_8k,,,,logs/l20_stage4_hq_crossdedup_train_latest.log,,3003,26.284730434417725,,,,1574436864,19946.48570994996,,
,,,,,,,train,,,,2.9649959057569504,1.659137172969161e-06,0.417991969104305,41.799196910430496,,,,,,,,,stage4_cpt_8k,,,,logs/l20_stage4_hq_crossdedup_train_latest.log,,3004,26.301321029663086,,,,1574961152,19933.903677640334,,
,,,,,,,train,,,,2.9285318702459335,1.6584257867414817e-06,0.41826015201641986,41.82601520164199,,,,,,,,,stage4_cpt_8k,,,,logs/l20_stage4_hq_crossdedup_train_latest.log,,3005,26.284456968307495,,,,1575485440,19946.693235175477,,
,,,,,,,train,,,,2.942124605178833,1.657714421294954e-06,0.4186792185906556,41.86792185906556,,,,,,,,,stage4_cpt_8k,,,,logs/l20_stage4_hq_crossdedup_train_latest.log,,3006,26.258148193359375,,,,1576009728,19966.678386429063,,
,,,,,,,train,,,,2.896904081106186,1.6570030768516306e-06,0.4182940533930389,41.82940533930389,,,,,,,,,stage4_cpt_8k,,,,logs/l20_stage4_hq_crossdedup_train_latest.log,,3007,26.282326698303223,,,,1576534016,19948.30998101275,,
,,,,,,,train,,,,2.9240898340940475,1.6562917536335577e-06,0.4182000953813805,41.820009538138045,,,,,,,,,stage4_cpt_8k,,,,logs/l20_stage4_hq_crossdedup_train_latest.log,,3008,26.28823161125183,,,,1577058304,19943.82915340701,,
,,,,,,,train,,,,2.909950003027916,1.655580451862776e-06,0.4181234298873995,41.81234298873995,,,,,,,,,stage4_cpt_8k,,,,logs/l20_stage4_hq_crossdedup_train_latest.log,,3009,26.293051719665527,,,,1577582592,19940.173000453422,,
,,,,,,,train,,,,2.8683489710092545,1.6548691717613171e-06,0.41850035363695703,41.8500353636957,,,,,,,,,stage4_cpt_8k,,,,logs/l20_stage4_hq_crossdedup_train_latest.log,,3010,26.269370794296265,,,,1578106880,19958.14837384061,,
,,,,,,,train,,,,2.897891044616699,1.6541579135512074e-06,0.4183716545391571,41.83716545391571,,,,,,,,,stage4_cpt_8k,,,,logs/l20_stage4_hq_crossdedup_train_latest.log,,3011,26.277451753616333,,,,1578631168,19952.01075491831,,
,,,,,,,train,,,,2.8954278081655502,1.653446677454467e-06,0.41836236228953233,41.83623622895323,,,,,,,,,stage4_cpt_8k,,,,logs/l20_stage4_hq_crossdedup_train_latest.log,,3012,26.278035402297974,,,,1579155456,19951.567610497696,,
,,,,,,,train,,,,2.881998121738434,1.6527354636931077e-06,0.4185218453730697,41.85218453730697,,,,,,,,,stage4_cpt_8k,,,,logs/l20_stage4_hq_crossdedup_train_latest.log,,3013,26.268021821975708,,,,1579679744,19959.173307880497,,
,,,,,,,train,,,,2.917745813727379,1.6520242724891357e-06,0.41813794779571717,41.813794779571715,,,,,,,,,stage4_cpt_8k,,,,logs/l20_stage4_hq_crossdedup_train_latest.log,,3014,26.292138814926147,,,,1580204032,19940.865354870242,,
,,,,,,,train,,,,2.857621341943741,1.6513131040645489e-06,0.41818806488531357,41.81880648853136,,,,,,,,,stage4_cpt_8k,,,,logs/l20_stage4_hq_crossdedup_train_latest.log,,3015,26.28898787498474,,,,1580728320,19943.255422887,,
,,,,,,,train,,,,2.9386686235666275,1.6506019586413382e-06,0.4186329591905868,41.86329591905868,,,,,,,,,stage4_cpt_8k,,,,logs/l20_stage4_hq_crossdedup_train_latest.log,,3016,26.26104974746704,,,,1581252608,19964.472290395366,,
,,,,,,,train,,,,2.882819101214409,1.6498908364414885e-06,0.41841242308875815,41.84124230887581,,,,,,,,,stage4_cpt_8k,,,,logs/l20_stage4_hq_crossdedup_train_latest.log,,3017,26.27489137649536,,,,1581776896,19953.954994044638,,
,,,,,,,train,,,,2.909461721777916,1.6491797376869764e-06,0.41745681887917807,41.745681887917804,,,,,,,,,stage4_cpt_8k,,,,logs/l20_stage4_hq_crossdedup_train_latest.log,,3018,26.33503746986389,,,,1582301184,19908.38253410352,,
,,,,,,,train,,,,2.9028792828321457,1.648468662599772e-06,0.4174451372190583,41.74451372190583,,,,,,,,,stage4_cpt_8k,,,,logs/l20_stage4_hq_crossdedup_train_latest.log,,3019,26.335774421691895,,,,1582825472,19907.825439458564,,
,,,,,,,train,,,,2.8950268030166626,1.6477576114018373e-06,0.41759083247112205,41.75908324711221,,,,,,,,,stage4_cpt_8k,,,,logs/l20_stage4_hq_crossdedup_train_latest.log,,3020,26.3265860080719,,,,1583349760,19914.773599556356,,
,,,,,,,train,,,,2.9687821567058563,1.6470465843151262e-06,0.4175834694711117,41.75834694711117,,,,,,,,,stage4_cpt_8k,,,,logs/l20_stage4_hq_crossdedup_train_latest.log,,3021,26.32705020904541,,,,1583874048,19914.422460434474,,
,,,,,,,train,,,,2.9685087352991104,1.6463355815615867e-06,0.4188651422779771,41.88651422779771,,,,,,,,,stage4_cpt_8k,,,,logs/l20_stage4_hq_crossdedup_train_latest.log,,3022,26.246492862701416,,,,1584398336,19975.545027772438,,
,,,,,,,train,,,,2.9478156566619873,1.6456246033631586e-06,0.41864121063187915,41.864121063187916,,,,,,,,,stage4_cpt_8k,,,,logs/l20_stage4_hq_crossdedup_train_latest.log,,3023,26.26053214073181,,,,1584922624,19964.8657989986,,
,,,,,,,train,,,,2.941175267100334,1.644913649941773e-06,0.4176449265257209,41.76449265257209,,,,,,,,,stage4_cpt_8k,,,,logs/l20_stage4_hq_crossdedup_train_latest.log,,3024,26.32317614555359,,,,1585446912,19917.35332776553,,
,,,,,,,train,,,,2.9098739624023438,1.6442027215193554e-06,0.41752783370437285,41.752783370437285,,,,,,,,,stage4_cpt_8k,,,,logs/l20_stage4_hq_crossdedup_train_latest.log,,3025,26.33055830001831,,,,1585971200,19911.76920846511,,
,,,,,,,train,,,,2.938715398311615,1.6434918183178211e-06,0.41786240478217085,41.78624047821708,,,,,,,,,stage4_cpt_8k,,,,logs/l20_stage4_hq_crossdedup_train_latest.log,,3026,26.309476137161255,,,,1586495488,19927.72479644552,,
,,,,,,,train,,,,2.9639538675546646,1.6427809405590789e-06,0.41768587137238006,41.76858713723801,,,,,,,,,stage4_cpt_8k,,,,logs/l20_stage4_hq_crossdedup_train_latest.log,,3027,26.320595741271973,,,,1587019776,19919.305974442323,,
,,,,,,,train,,,,2.9116117656230927,1.6420700884650298e-06,0.41743533435045965,41.74353343504597,,,,,,,,,stage4_cpt_8k,,,,logs/l20_stage4_hq_crossdedup_train_latest.log,,3028,26.336392879486084,,,,1587544064,19907.35794378196,,
,,,,,,,train,,,,2.9612457305192947,1.641359262257566e-06,0.41784978029723774,41.784978029723774,,,,,,,,,stage4_cpt_8k,,,,logs/l20_stage4_hq_crossdedup_train_latest.log,,3029,26.31027102470398,,,,1588068352,19927.122738785958,,
,,,,,,,train,,,,2.9171309024095535,1.6406484621585727e-06,0.4181907273125058,41.81907273125058,,,,,,,,,stage4_cpt_8k,,,,logs/l20_stage4_hq_crossdedup_train_latest.log,,3030,26.288820505142212,,,,1588592640,19943.382393190554,,
,,,,,,,train,,,,2.9288973808288574,1.6399376883899251e-06,0.4187342794593719,41.873427945937195,,,,,,,,,stage4_cpt_8k,,,,logs/l20_stage4_hq_crossdedup_train_latest.log,,3031,26.254695415496826,,,,1589116928,19969.30422169511,,
,,,,,,,train,,,,2.956458196043968,1.6392269411734924e-06,0.4189008238472228,41.890082384722284,,,,,,,,,stage4_cpt_8k,,,,logs/l20_stage4_hq_crossdedup_train_latest.log,,3032,26.24425721168518,,,,1589641216,19977.246670428238,,
,,,,,,,train,,,,2.9499370008707047,1.638516220731134e-06,0.41850177039783576,41.850177039783574,,,,,,,,,stage4_cpt_8k,,,,logs/l20_stage4_hq_crossdedup_train_latest.log,,3033,26.26928186416626,,,,1590165504,19958.215938715002,,
,,,,,,,train,,,,2.933766946196556,1.6378055272847012e-06,0.4173540306147653,41.735403061476525,,,,,,,,,stage4_cpt_8k,,,,logs/l20_stage4_hq_crossdedup_train_latest.log,,3034,26.34152340888977,,,,1590689792,19903.480594560548,,
,,,,,,,train,,,,2.931883931159973,1.6370948610560376e-06,0.4174846934851301,41.74846934851301,,,,,,,,,stage4_cpt_8k,,,,logs/l20_stage4_hq_crossdedup_train_latest.log,,3035,26.333279132843018,,,,1591214080,19909.71186517007,,
,,,,,,,train,,,,2.978309690952301,1.6363842222669776e-06,0.4180429077370835,41.80429077370835,,,,,,,,,stage4_cpt_8k,,,,logs/l20_stage4_hq_crossdedup_train_latest.log,,3036,26.298116207122803,,,,1591738368,19936.332924789396,,
,,,,,,,train,,,,2.897378519177437,1.6356736111393468e-06,0.4181978083201732,41.81978083201732,,,,,,,,,stage4_cpt_8k,,,,logs/l20_stage4_hq_crossdedup_train_latest.log,,3037,26.28837537765503,,,,1592262656,19943.720084187546,,
,,,,,,,train,,,,2.945372089743614,1.6349630278949634e-06,0.4179772036934773,41.79772036934773,,,,,,,,,stage4_cpt_8k,,,,logs/l20_stage4_hq_crossdedup_train_latest.log,,3038,26.302250146865845,,,,1592786944,19933.199519907757,,
,,,,,,,train,,,,2.9479290544986725,1.6342524727556348e-06,0.4184394647752428,41.84394647752428,,,,,,,,,stage4_cpt_8k,,,,logs/l20_stage4_hq_crossdedup_train_latest.log,,3039,26.273193359375,,,,1593311232,19955.244603447474,,
,,,,,,,train,,,,2.947736516594887,1.6335419459431622e-06,0.4181274109319536,41.81274109319536,,,,,,,,,stage4_cpt_8k,,,,logs/l20_stage4_hq_crossdedup_train_latest.log,,3040,26.29280138015747,,,,1593835520,19940.362855198353,,
,,,,,,,train,,,,2.933304876089096,1.6328314476793364e-06,0.41768390774317954,41.76839077431795,,,,,,,,,stage4_cpt_8k,,,,logs/l20_stage4_hq_crossdedup_train_latest.log,,3041,26.320719480514526,,,,1594359808,19919.2123295921,,
,,,,,,,train,,,,2.9063540250062943,1.6321209781859389e-06,0.4176681880246637,41.76681880246637,,,,,,,,,stage4_cpt_8k,,,,logs/l20_stage4_hq_crossdedup_train_latest.log,,3042,26.321710109710693,,,,1594884096,19918.462661230278,,
,,,,,,,train,,,,2.9680586755275726,1.6314105376847433e-06,0.4175390965382379,41.75390965382379,,,,,,,,,stage4_cpt_8k,,,,logs/l20_stage4_hq_crossdedup_train_latest.log,,3043,26.329848051071167,,,,1595408384,19912.306329419574,,
,,,,,,,train,,,,2.899527296423912,1.6307001263975138e-06,0.41769081647029094,41.7690816470291,,,,,,,,,stage4_cpt_8k,,,,logs/l20_stage4_hq_crossdedup_train_latest.log,,3044,26.320284128189087,,,,1595932672,19919.541804584333,,
,,,,,,,train,,,,2.932242050766945,1.629989744546005e-06,0.41786330980604425,41.786330980604426,,,,,,,,,stage4_cpt_8k,,,,logs/l20_stage4_hq_crossdedup_train_latest.log,,3045,26.30941915512085,,,,1596456960,19927.767956745367,,
,,,,,,,train,,,,2.921668142080307,1.6292793923519634e-06,0.41823850505878074,41.82385050587808,,,,,,,,,stage4_cpt_8k,,,,logs/l20_stage4_hq_crossdedup_train_latest.log,,3046,26.28581738471985,,,,1596981248,19945.660898670503,,
,,,,,,,train,,,,2.9234022051095963,1.6285690700371252e-06,0.41877799019868966,41.87779901986897,,,,,,,,,stage4_cpt_8k,,,,logs/l20_stage4_hq_crossdedup_train_latest.log,,3047,26.251955032348633,,,,1597505536,19971.388772910545,,
,,,,,,,train,,,,2.9284500032663345,1.6278587778232173e-06,0.4180785933952333,41.807859339523326,,,,,,,,,stage4_cpt_8k,,,,logs/l20_stage4_hq_crossdedup_train_latest.log,,3048,26.29587149620056,,,,1598029824,19938.03476244373,,
,,,,,,,train,,,,2.9660380482673645,1.6271485159319575e-06,0.41780379106266335,41.78037910626634,,,,,,,,,stage4_cpt_8k,,,,logs/l20_stage4_hq_crossdedup_train_latest.log,,3049,26.313167095184326,,,,1598554112,19924.929526858512,,
,,,,,,,train,,,,2.935885265469551,1.626438284585055e-06,0.41796629228189053,41.796629228189055,,,,,,,,,stage4_cpt_8k,,,,logs/l20_stage4_hq_crossdedup_train_latest.log,,3050,26.302936792373657,,,,1599078400,19932.67915816965,,
,,,,,,,train,,,,2.982249602675438,1.6257280840042085e-06,0.41796809186783396,41.7968091867834,,,,,,,,,stage4_cpt_8k,,,,logs/l20_stage4_hq_crossdedup_train_latest.log,,3051,26.302823543548584,,,,1599602688,19932.764979849268,,
,,,,,,,train,,,,2.9518648386001587,1.625017914411106e-06,0.41767415797335,41.767415797335,,,,,,,,,stage4_cpt_8k,,,,logs/l20_stage4_hq_crossdedup_train_latest.log,,3052,26.32133388519287,,,,1600126976,19918.747366178864,,
,,,,,,,train,,,,2.9880512356758118,1.6243077760274279e-06,0.41764550528910616,41.76455052891062,,,,,,,,,stage4_cpt_8k,,,,logs/l20_stage4_hq_crossdedup_train_latest.log,,3053,26.323139667510986,,,,1600651264,19917.380928806757,,
,,,,,,,train,,,,2.972478598356247,1.6235976690748446e-06,0.4176668525652046,41.76668525652046,,,,,,,,,stage4_cpt_8k,,,,logs/l20_stage4_hq_crossdedup_train_latest.log,,3054,26.321794271469116,,,,1601175552,19918.39897359465,,
,,,,,,,train,,,,2.912989541888237,1.6228875937750148e-06,0.41746434371107677,41.746434371107675,,,,,,,,,stage4_cpt_8k,,,,logs/l20_stage4_hq_crossdedup_train_latest.log,,3055,26.3345627784729,,,,1601699840,19908.74139093653,,
,,,,,,,train,,,,2.9826215356588364,1.62217755034959e-06,0.4177179617327286,41.77179617327286,,,,,,,,,stage4_cpt_8k,,,,logs/l20_stage4_hq_crossdedup_train_latest.log,,3056,26.318573713302612,,,,1602224128,19920.83635349133,,
,,,,,,,train,,,,2.97450590133667,1.6214675390202095e-06,0.4176418171185223,41.764181711852224,,,,,,,,,stage4_cpt_8k,,,,logs/l20_stage4_hq_crossdedup_train_latest.log,,3057,26.32337212562561,,,,1602748416,19917.20504112805,,
,,,,,,,train,,,,2.926152303814888,1.6207575600085034e-06,0.4176672914121301,41.76672914121301,,,,,,,,,stage4_cpt_8k,,,,logs/l20_stage4_hq_crossdedup_train_latest.log,,3058,26.32176661491394,,,,1603272704,19918.419902064546,,
,,,,,,,train,,,,2.885209009051323,1.620047613536092e-06,0.4175628756274969,41.75628756274969,,,,,,,,,stage4_cpt_8k,,,,logs/l20_stage4_hq_crossdedup_train_latest.log,,3059,26.328348636627197,,,,1603796992,19913.4403466014,,
,,,,,,,train,,,,2.944008231163025,1.6193376998245853e-06,0.4176092013949779,41.76092013949779,,,,,,,,,stage4_cpt_8k,,,,logs/l20_stage4_hq_crossdedup_train_latest.log,,3060,26.325428009033203,,,,1604321280,19915.649607675816,,
,,,,,,,train,,,,2.9324561655521393,1.618627819095583e-06,0.41766487398232865,41.76648739823287,,,,,,,,,stage4_cpt_8k,,,,logs/l20_stage4_hq_crossdedup_train_latest.log,,3061,26.321918964385986,,,,1604845568,19918.304615608413,,
,,,,,,,train,,,,2.984023332595825,1.6179179715706743e-06,0.4182076166894125,41.820761668941245,,,,,,,,,stage4_cpt_8k,,,,logs/l20_stage4_hq_crossdedup_train_latest.log,,3062,26.287758827209473,,,,1605369856,19944.187842187945,,
,,,,,,,train,,,,2.9428265392780304,1.6172081574714384e-06,0.41873943954402143,41.873943954402144,,,,,,,,,stage4_cpt_8k,,,,logs/l20_stage4_hq_crossdedup_train_latest.log,,3063,26.254371881484985,,,,1605894144,19969.550304486107,,
,,,,,,,train,,,,2.939328521490097,1.616498377019444e-06,0.41785917853649374,41.78591785364937,,,,,,,,,stage4_cpt_8k,,,,logs/l20_stage4_hq_crossdedup_train_latest.log,,3064,26.30967926979065,,,,1606418432,19927.570937818273,,
,,,,,,,train,,,,2.9188834130764008,1.6157886304362485e-06,0.4176631375359383,41.766313753593835,,,,,,,,,stage4_cpt_8k,,,,logs/l20_stage4_hq_crossdedup_train_latest.log,,3065,26.322028398513794,,,,1606942720,19918.22180503394,,
,,,,,,,train,,,,2.9704530239105225,1.6150789179434e-06,0.41735991225630287,41.735991225630286,,,,,,,,,stage4_cpt_8k,,,,logs/l20_stage4_hq_crossdedup_train_latest.log,,3066,26.34115219116211,,,,1607467008,19903.76108816938,,
,,,,,,,train,,,,2.9152986109256744,1.6143692397624356e-06,0.4177402436143507,41.77402436143507,,,,,,,,,stage4_cpt_8k,,,,logs/l20_stage4_hq_crossdedup_train_latest.log,,3067,26.317169904708862,,,,1607991296,19921.898969318525,,
,,,,,,,train,,,,2.949651464819908,1.6136595961148808e-06,0.41792822425197257,41.79282242519726,,,,,,,,,stage4_cpt_8k,,,,logs/l20_stage4_hq_crossdedup_train_latest.log,,3068,26.30533266067505,,,,1608515584,19930.863705965607,,
,,,,,,,train,,,,2.927624210715294,1.6129499872222515e-06,0.41795714304776765,41.795714304776766,,,,,,,,,stage4_cpt_8k,,,,logs/l20_stage4_hq_crossdedup_train_latest.log,,3069,26.303512573242188,,,,1609039872,19932.242834112705,,
,,,,,,,train,,,,2.923829808831215,1.612240413306052e-06,0.41757380758202317,41.757380758202316,,,,,,,,,stage4_cpt_8k,,,,logs/l20_stage4_hq_crossdedup_train_latest.log,,3070,26.327659368515015,,,,1609564160,19913.96168802574,,
,,,,,,,train,,,,2.9324313700199127,1.6115308745877756e-06,0.4174526616298256,41.74526616298256,,,,,,,,,stage4_cpt_8k,,,,logs/l20_stage4_hq_crossdedup_train_latest.log,,3071,26.335299730300903,,,,1610088448,19908.184276207954,,
,,,,,,,train,,,,2.9281633347272873,1.6108213712889058e-06,0.4178347598957816,41.783475989578164,,,,,,,,,stage4_cpt_8k,,,,logs/l20_stage4_hq_crossdedup_train_latest.log,,3072,26.311216831207275,,,,1610612736,19926.406420631643,,
,,,,,,,train,,,,2.9740395843982697,1.6101119036309135e-06,0.4178025190913895,41.78025190913895,,,,,,,,,stage4_cpt_8k,,,,logs/l20_stage4_hq_crossdedup_train_latest.log,,3073,26.313247203826904,,,,1611137024,19924.868866954188,,
,,,,,,,train,,,,2.9014551490545273,1.6094024718352592e-06,0.4179185918555174,41.791859185551736,,,,,,,,,stage4_cpt_8k,,,,logs/l20_stage4_hq_crossdedup_train_latest.log,,3074,26.305938959121704,,,,1611661312,19930.404340051155,,
,,,,,,,train,,,,2.9223478585481644,1.608693076123392e-06,0.4179635455753271,41.79635455753271,,,,,,,,,stage4_cpt_8k,,,,logs/l20_stage4_hq_crossdedup_train_latest.log,,3075,26.303109645843506,,,,1612185600,19932.548168609774,,
,,,,,,,train,,,,2.9584860056638718,1.60798371671675e-06,0.4179110657894686,41.79110657894686,,,,,,,,,stage4_cpt_8k,,,,logs/l20_stage4_hq_crossdedup_train_latest.log,,3076,26.30641269683838,,,,1612709888,19930.045424361917,,
,,,,,,,train,,,,2.9380134642124176,1.6072743938367612e-06,0.41802462569850357,41.802462569850356,,,,,,,,,stage4_cpt_8k,,,,logs/l20_stage4_hq_crossdedup_train_latest.log,,3077,26.29926633834839,,,,1613234176,19935.46106020103,,
,,,,,,,train,,,,2.998474881052971,1.6065651077048387e-06,0.4178440779455732,41.784407794557325,,,,,,,,,stage4_cpt_8k,,,,logs/l20_stage4_hq_crossdedup_train_latest.log,,3078,26.310630083084106,,,,1613758464,19926.850795453982,,
,,,,,,,train,,,,2.937947317957878,1.6058558585423869e-06,0.41756264875107224,41.75626487510723,,,,,,,,,stage4_cpt_8k,,,,logs/l20_stage4_hq_crossdedup_train_latest.log,,3079,26.328362941741943,,,,1614282752,19913.429526937078,,
,,,,,,,train,,,,2.9195557683706284,1.605146646570799e-06,0.41771094237280554,41.77109423728055,,,,,,,,,stage4_cpt_8k,,,,logs/l20_stage4_hq_crossdedup_train_latest.log,,3080,26.319015979766846,,,,1614807040,19920.5016024556,,
,,,,,,,train,,,,2.968987673521042,1.6044374720114547e-06,0.41755079101979586,41.75507910197959,,,,,,,,,stage4_cpt_8k,,,,logs/l20_stage4_hq_crossdedup_train_latest.log,,3081,26.329110622406006,,,,1615331328,19912.864035514827,,
,,,,,,,train,,,,2.949119508266449,1.6037283350857237e-06,0.4178262335439003,41.78262335439003,,,,,,,,,stage4_cpt_8k,,,,logs/l20_stage4_hq_crossdedup_train_latest.log,,3082,26.311753749847412,,,,1615855616,19925.999801630118,,
,,,,,,,train,,,,2.8887065052986145,1.6030192360149623e-06,0.4176230708707746,41.76230708707746,,,,,,,,,stage4_cpt_8k,,,,logs/l20_stage4_hq_crossdedup_train_latest.log,,3083,26.324553728103638,,,,1616379904,19916.311038552543,,
,,,,,,,train,,,,2.877891793847084,1.6023101750205163e-06,0.4176957162811061,41.769571628110604,,,,,,,,,stage4_cpt_8k,,,,logs/l20_stage4_hq_crossdedup_train_latest.log,,3084,26.31997537612915,,,,1616904192,19919.775474999187,,
,,,,,,,train,,,,2.9406119734048843,1.6016011523237193e-06,0.41762975441860256,41.762975441860256,,,,,,,,,stage4_cpt_8k,,,,logs/l20_stage4_hq_crossdedup_train_latest.log,,3085,26.324132442474365,,,,1617428480,19916.629774816578,,
,,,,,,,train,,,,2.9887201488018036,1.600892168145893e-06,0.4177092055433352,41.77092055433352,,,,,,,,,stage4_cpt_8k,,,,logs/l20_stage4_hq_crossdedup_train_latest.log,,3086,26.319125413894653,,,,1617952768,19920.41877361216,,
,,,,,,,train,,,,2.923357769846916,1.6001832227083464e-06,0.4177176514379801,41.771765143798014,,,,,,,,,stage4_cpt_8k,,,,logs/l20_stage4_hq_crossdedup_train_latest.log,,3087,26.3185932636261,,,,1618477056,19920.82155563375,,
,,,,,,,train,,,,2.955642804503441,1.599474316232378e-06,0.41772394445697314,41.772394445697316,,,,,,,,,stage4_cpt_8k,,,,logs/l20_stage4_hq_crossdedup_train_latest.log,,3088,26.318196773529053,,,,1619001344,19921.12166770221,,
,,,,,,,train,,,,2.941881760954857,1.5987654489392717e-06,0.417526056810583,41.752605681058306,,,,,,,,,stage4_cpt_8k,,,,logs/l20_stage4_hq_crossdedup_train_latest.log,,3089,26.33067035675049,,,,1619525632,19911.684468967058,,
,,,,,,,train,,,,2.919441983103752,1.5980566210503013e-06,0.41755884104520413,41.75588410452041,,,,,,,,,stage4_cpt_8k,,,,logs/l20_stage4_hq_crossdedup_train_latest.log,,3090,26.3286030292511,,,,1620049920,19913.24793865879,,
,,,,,,,train,,,,2.9553133249282837,1.5973478327867274e-06,0.4175558085426406,41.75558085426406,,,,,,,,,stage4_cpt_8k,,,,logs/l20_stage4_hq_crossdedup_train_latest.log,,3091,26.328794240951538,,,,1620574208,19913.10331957883,,
,,,,,,,train,,,,2.960651680827141,1.5966390843697983e-06,0.4178596670141528,41.785966701415276,,,,,,,,,stage4_cpt_8k,,,,logs/l20_stage4_hq_crossdedup_train_latest.log,,3092,26.309648513793945,,,,1621098496,19927.59423316202,,
,,,,,,,train,,,,2.909336566925049,1.5959303760207505e-06,0.4181293484010609,41.812934840106095,,,,,,,,,stage4_cpt_8k,,,,logs/l20_stage4_hq_crossdedup_train_latest.log,,3093,26.29267954826355,,,,1621622784,19940.45525248208,,
,,,,,,,train,,,,2.9269386380910873,1.595221707960807e-06,0.41803105303228577,41.80310530322858,,,,,,,,,stage4_cpt_8k,,,,logs/l20_stage4_hq_crossdedup_train_latest.log,,3094,26.298861980438232,,,,1622147072,19935.767577698945,,
,,,,,,,train,,,,2.9866789430379868,1.594513080411178e-06,0.4176823035588458,41.768230355884576,,,,,,,,,stage4_cpt_8k,,,,logs/l20_stage4_hq_crossdedup_train_latest.log,,3095,26.320820569992065,,,,1622671360,19919.13582655292,,
,,,,,,,train,,,,2.971152573823929,1.5938044935930624e-06,0.41746550401818605,41.7465504018186,,,,,,,,,stage4_cpt_8k,,,,logs/l20_stage4_hq_crossdedup_train_latest.log,,3096,26.334489583969116,,,,1623195648,19908.79672561247,,
,,,,,,,train,,,,2.93245892226696,1.5930959477276454e-06,0.41786059853285434,41.78605985328544,,,,,,,,,stage4_cpt_8k,,,,logs/l20_stage4_hq_crossdedup_train_latest.log,,3097,26.309589862823486,,,,1623719936,19927.638656991767,,
,,,,,,,train,,,,2.9426230043172836,1.5923874430361008e-06,0.4176057105321449,41.76057105321449,,,,,,,,,stage4_cpt_8k,,,,logs/l20_stage4_hq_crossdedup_train_latest.log,,3098,26.325648069381714,,,,1624244224,19915.483129540804,,
,,,,,,,train,,,,2.9654912054538727,1.591678979739587e-06,0.41760396701362384,41.76039670136238,,,,,,,,,stage4_cpt_8k,,,,logs/l20_stage4_hq_crossdedup_train_latest.log,,3099,26.32575798034668,,,,1624768512,19915.399981698676,,
,,,,,,,train,,,,2.89706951379776,1.5909705580592517e-06,0.4177606354354905,41.77606354354905,,,,,,,,,stage4_cpt_8k,,,,logs/l20_stage4_hq_crossdedup_train_latest.log,,3100,26.315885305404663,,,,1625292800,19922.871448764203,,
,,,,,,,train,,,,2.9481776654720306,1.5902621782162283e-06,0.41798682363615075,41.79868236361507,,,,,,,,,stage4_cpt_8k,,,,logs/l20_stage4_hq_crossdedup_train_latest.log,,3101,26.301644802093506,,,,1625817088,19933.658291905333,,
,,,,,,,train,,,,2.957358092069626,1.5895538404316383e-06,0.4176683582679848,41.766835826798484,,,,,,,,,stage4_cpt_8k,,,,logs/l20_stage4_hq_crossdedup_train_latest.log,,3102,26.321699380874634,,,,1626341376,19918.470780079955,,
,,,,,,,train,,,,2.9408094733953476,1.5888455449265894e-06,0.4179318227837609,41.79318227837609,,,,,,,,,stage4_cpt_8k,,,,logs/l20_stage4_hq_crossdedup_train_latest.log,,3103,26.305106163024902,,,,1626865664,19931.03531879875,,
,,,,,,,train,,,,2.9525781869888306,1.5881372919221755e-06,0.4180063831520117,41.80063831520117,,,,,,,,,stage4_cpt_8k,,,,logs/l20_stage4_hq_crossdedup_train_latest.log,,3104,26.300414085388184,,,,1627389952,19934.591078977748,,
,,,,,,,train,,,,2.9428288340568542,1.5874290816394783e-06,0.4178134598117789,41.78134598117789,,,,,,,,,stage4_cpt_8k,,,,logs/l20_stage4_hq_crossdedup_train_latest.log,,3105,26.3125581741333,,,,1627914240,19925.390626419747,,
,,,,,,,train,,,,2.934518128633499,1.5867209142995664e-06,0.4177135419680852,41.77135419680852,,,,,,,,,stage4_cpt_8k,,,,logs/l20_stage4_hq_crossdedup_train_latest.log,,3106,26.318852186203003,,,,1628438528,19920.625576325278,,
,,,,,,,train,,,,2.9580606818199158,1.586012790123493e-06,0.417911982386942,41.7911982386942,,,,,,,,,stage4_cpt_8k,,,,logs/l20_stage4_hq_crossdedup_train_latest.log,,3107,26.306354999542236,,,,1628962816,19930.08913660305,,
,,,,,,,train,,,,2.955171763896942,1.5853047093323005e-06,0.41801068406595465,41.80106840659546,,,,,,,,,stage4_cpt_8k,,,,logs/l20_stage4_hq_crossdedup_train_latest.log,,3108,26.300143480300903,,,,1629487104,19934.796188191805,,
,,,,,,,train,,,,2.9493505656719208,1.584596672147016e-06,0.4178061419585277,41.78061419585277,,,,,,,,,stage4_cpt_8k,,,,logs/l20_stage4_hq_crossdedup_train_latest.log,,3109,26.313019037246704,,,,1630011392,19925.04164033241,,
,,,,,,,train,,,,2.930226981639862,1.5838886787886527e-06,0.41805260650744686,41.805260650744685,,,,,,,,,stage4_cpt_8k,,,,logs/l20_stage4_hq_crossdedup_train_latest.log,,3110,26.297506093978882,,,,1630535680,19936.79545605436,,
,,,,,,,train,,,,2.899147793650627,1.5831807294782115e-06,0.4180943250677108,41.80943250677108,,,,,,,,,stage4_cpt_8k,,,,logs/l20_stage4_hq_crossdedup_train_latest.log,,3111,26.29488205909729,,,,1631059968,19938.785000886175,,
,,,,,,,train,,,,2.916179373860359,1.582472824436679e-06,0.4179806401483522,41.79806401483522,,,,,,,,,stage4_cpt_8k,,,,logs/l20_stage4_hq_crossdedup_train_latest.log,,3112,26.3020339012146,,,,1631584256,19933.363403344596,,
,,,,,,,train,,,,2.903854876756668,1.5817649638850274e-06,0.4183023332211174,41.83023332211174,,,,,,,,,stage4_cpt_8k,,,,logs/l20_stage4_hq_crossdedup_train_latest.log,,3113,26.281806468963623,,,,1632108544,19948.704843372754,,
,,,,,,,train,,,,2.941361665725708,1.5810571480442164e-06,0.4176356324863618,41.76356324863618,,,,,,,,,stage4_cpt_8k,,,,logs/l20_stage4_hq_crossdedup_train_latest.log,,3114,26.32376194000244,,,,1632632832,19916.91009799306,,
,,,,,,,train,,,,2.9702185690402985,1.5803493771351898e-06,0.4175568559232099,41.75568559232099,,,,,,,,,stage4_cpt_8k,,,,logs/l20_stage4_hq_crossdedup_train_latest.log,,3115,26.328728199005127,,,,1633157120,19913.15326882409,,
,,,,,,,train,,,,2.893322452902794,1.5796416513788786e-06,0.4175864343048096,41.75864343048096,,,,,,,,,stage4_cpt_8k,,,,logs/l20_stage4_hq_crossdedup_train_latest.log,,3116,26.326863288879395,,,,1633681408,19914.563852407817,,
,,,,,,,train,,,,2.962462902069092,1.5789339709961997e-06,0.4177908256469388,41.77908256469388,,,,,,,,,stage4_cpt_8k,,,,logs/l20_stage4_hq_crossdedup_train_latest.log,,3117,26.31398367881775,,,,1634205696,19924.311210318254,,
,,,,,,,train,,,,2.9526150077581406,1.5782263362080559e-06,0.4177450613241814,41.77450613241814,,,,,,,,,stage4_cpt_8k,,,,logs/l20_stage4_hq_crossdedup_train_latest.log,,3118,26.316866397857666,,,,1634729984,19922.12872436362,,
,,,,,,,train,,,,2.9292012751102448,1.5775187472353357e-06,0.41813135034494897,41.8131350344949,,,,,,,,,stage4_cpt_8k,,,,logs/l20_stage4_hq_crossdedup_train_latest.log,,3119,26.292553663253784,,,,1635254272,19940.550724547527,,
,,,,,,,train,,,,2.9233388006687164,1.5768112042989123e-06,0.4177926540057318,41.77926540057318,,,,,,,,,stage4_cpt_8k,,,,logs/l20_stage4_hq_crossdedup_train_latest.log,,3120,26.313868522644043,,,,1635778560,19924.398404165888,,
,,,,,,,train,,,,2.8881117701530457,1.5761037076196453e-06,0.41777850073066614,41.77785007306662,,,,,,,,,stage4_cpt_8k,,,,logs/l20_stage4_hq_crossdedup_train_latest.log,,3121,26.314759969711304,,,,1636302848,19923.72343899255,,
,,,,,,,train,,,,2.90299491584301,1.5753962574183812e-06,0.41780217081489124,41.78021708148913,,,,,,,,,stage4_cpt_8k,,,,logs/l20_stage4_hq_crossdedup_train_latest.log,,3122,26.31326913833618,,,,1636827136,19924.85225775908,,
,,,,,,,train,,,,2.9326083064079285,1.574688853915949e-06,0.4180246825431601,41.80246825431601,,,,,,,,,stage4_cpt_8k,,,,logs/l20_stage4_hq_crossdedup_train_latest.log,,3123,26.299262762069702,,,,1637351424,19935.46377110457,,
,,,,,,,train,,,,3.010117933154106,1.5739814973331666e-06,0.4178868834614543,41.78868834614543,,,,,,,,,stage4_cpt_8k,,,,logs/l20_stage4_hq_crossdedup_train_latest.log,,3124,26.307934999465942,,,,1637875712,19928.892176852467,,
,,,,,,,train,,,,2.937598943710327,1.573274187890834e-06,0.4180810800579354,41.808108005793535,,,,,,,,,stage4_cpt_8k,,,,logs/l20_stage4_hq_crossdedup_train_latest.log,,3125,26.29571509361267,,,,1638400000,19938.15335059481,,
,,,,,,,train,,,,2.9437488317489624,1.572566925809738e-06,0.41800654609251287,41.80065460925129,,,,,,,,,stage4_cpt_8k,,,,logs/l20_stage4_hq_crossdedup_train_latest.log,,3126,26.300403833389282,,,,1638924288,19934.598849558275,,
,,,,,,,train,,,,2.9084864258766174,1.5718597113106517e-06,0.4178833349355652,41.788333493556514,,,,,,,,,stage4_cpt_8k,,,,logs/l20_stage4_hq_crossdedup_train_latest.log,,3127,26.30815839767456,,,,1639448576,19928.722948784703,,
,,,,,,,train,,,,3.008507326245308,1.5711525446143315e-06,0.41800413231250505,41.8004132312505,,,,,,,,,stage4_cpt_8k,,,,logs/l20_stage4_hq_crossdedup_train_latest.log,,3128,26.30055570602417,,,,1639972864,19934.48373715964,,
,,,,,,,train,,,,2.9115247577428818,1.5704454259415196e-06,0.41782009645182244,41.78200964518224,,,,,,,,,stage4_cpt_8k,,,,logs/l20_stage4_hq_crossdedup_train_latest.log,,3129,26.312140226364136,,,,1640497152,19925.7071256665,,
,,,,,,,train,,,,2.9339400827884674,1.5697383555129438e-06,0.4179716607767444,41.79716607767444,,,,,,,,,stage4_cpt_8k,,,,logs/l20_stage4_hq_crossdedup_train_latest.log,,3130,26.30259895324707,,,,1641021440,19932.93517997682,,
,,,,,,,train,,,,2.9644539803266525,1.569031333549315e-06,0.4178038099908658,41.78038099908658,,,,,,,,,stage4_cpt_8k,,,,logs/l20_stage4_hq_crossdedup_train_latest.log,,3131,26.31316590309143,,,,1641545728,19924.93042953845,,
,,,,,,,train,,,,2.8977168798446655,1.5683243602713313e-06,0.41754607987601106,41.754607987601105,,,,,,,,,stage4_cpt_8k,,,,logs/l20_stage4_hq_crossdedup_train_latest.log,,3132,26.329407691955566,,,,1642070016,19912.639362570466,,
,,,,,,,train,,,,2.9549234062433243,1.567617435899674e-06,0.41758681625710997,41.758681625711,,,,,,,,,stage4_cpt_8k,,,,logs/l20_stage4_hq_crossdedup_train_latest.log,,3133,26.326839208602905,,,,1642594304,19914.58206759119,,
,,,,,,,train,,,,2.912017285823822,1.5669105606550101e-06,0.4181356993307762,41.81356993307762,,,,,,,,,stage4_cpt_8k,,,,logs/l20_stage4_hq_crossdedup_train_latest.log,,3134,26.292280197143555,,,,1643118592,19940.75812629441,,
,,,,,,,train,,,,2.9277489632368088,1.5662037347579906e-06,0.41808756978041983,41.808756978041984,,,,,,,,,stage4_cpt_8k,,,,logs/l20_stage4_hq_crossdedup_train_latest.log,,3135,26.29530692100525,,,,1643642880,19938.462843390036,,
,,,,,,,train,,,,2.925708681344986,1.5654969584292516e-06,0.41755989978465213,41.755989978465216,,,,,,,,,stage4_cpt_8k,,,,logs/l20_stage4_hq_crossdedup_train_latest.log,,3136,26.32853627204895,,,,1644167168,19913.298429605355,,
,,,,,,,train,,,,2.9451655596494675,1.5647902318894124e-06,0.4177369057218814,41.77369057218814,,,,,,,,,stage4_cpt_8k,,,,logs/l20_stage4_hq_crossdedup_train_latest.log,,3137,26.31738018989563,,,,1644691456,19921.739786291368,,
,,,,,,,train,,,,2.904172331094742,1.564083555359079e-06,0.417843142714174,41.7843142714174,,,,,,,,,stage4_cpt_8k,,,,logs/l20_stage4_hq_crossdedup_train_latest.log,,3138,26.310688972473145,,,,1645215744,19926.806194566867,,
,,,,,,,train,,,,2.943991392850876,1.5633769290588396e-06,0.4177939410587859,41.779394105878595,,,,,,,,,stage4_cpt_8k,,,,logs/l20_stage4_hq_crossdedup_train_latest.log,,3139,26.31378746032715,,,,1645740032,19924.459783315502,,
,,,,,,,train,,,,2.9514501690864563,1.562670353209269e-06,0.41787949865680124,41.787949865680126,,,,,,,,,stage4_cpt_8k,,,,logs/l20_stage4_hq_crossdedup_train_latest.log,,3140,26.30839991569519,,,,1646264320,19928.53999787413,,
,,,,,,,train,,,,2.959984079003334,1.5619638280309242e-06,0.41803753741187066,41.803753741187066,,,,,,,,,stage4_cpt_8k,,,,logs/l20_stage4_hq_crossdedup_train_latest.log,,3141,26.29845404624939,,,,1646788608,19936.07681569299,,
,,,,,,,train,,,,2.9227110743522644,1.5612573537443465e-06,0.41749737530051706,41.7497375300517,,,,,,,,,stage4_cpt_8k,,,,logs/l20_stage4_hq_crossdedup_train_latest.log,,3142,26.332479238510132,,,,1647312896,19910.316656900693,,
,,,,,,,train,,,,2.959315776824951,1.560550930570063e-06,0.4176514291948109,41.76514291948109,,,,,,,,,stage4_cpt_8k,,,,logs/l20_stage4_hq_crossdedup_train_latest.log,,3143,26.322766304016113,,,,1647837184,19917.66343798024,,
,,,,,,,train,,,,2.8999427556991577,1.5598445587285834e-06,0.41781218778163287,41.781218778163286,,,,,,,,,stage4_cpt_8k,,,,logs/l20_stage4_hq_crossdedup_train_latest.log,,3144,26.31263828277588,,,,1648361472,19925.32996370783,,
,,,,,,,train,,,,2.9771795123815536,1.5591382384404023e-06,0.41783004612803964,41.783004612803964,,,,,,,,,stage4_cpt_8k,,,,logs/l20_stage4_hq_crossdedup_train_latest.log,,3145,26.311513662338257,,,,1648885760,19926.1816225516,,
,,,,,,,train,,,,2.9381814301013947,1.5584319699259968e-06,0.4181425358008787,41.814253580087865,,,,,,,,,stage4_cpt_8k,,,,logs/l20_stage4_hq_crossdedup_train_latest.log,,3146,26.291850328445435,,,,1649410048,19941.084155372937,,
,,,,,,,train,,,,2.97858227789402,1.5577257534058288e-06,0.41803760183979577,41.80376018397958,,,,,,,,,stage4_cpt_8k,,,,logs/l20_stage4_hq_crossdedup_train_latest.log,,3147,26.298449993133545,,,,1649934336,19936.07988824019,,
,,,,,,,train,,,,2.9403192698955536,1.557019589100345e-06,0.4182644657420728,41.82644657420728,,,,,,,,,stage4_cpt_8k,,,,logs/l20_stage4_hq_crossdedup_train_latest.log,,3148,26.284185886383057,,,,1650458624,19946.898955375895,,
,,,,,,,train,,,,2.942094162106514,1.5563134772299736e-06,0.41811557418187273,41.81155741818727,,,,,,,,,stage4_cpt_8k,,,,logs/l20_stage4_hq_crossdedup_train_latest.log,,3149,26.293545722961426,,,,1650982912,19939.79836436262,,
,,,,,,,train,,,,2.8724329620599747,1.5556074180151278e-06,0.41792784167486885,41.792784167486886,,,,,,,,,stage4_cpt_8k,,,,logs/l20_stage4_hq_crossdedup_train_latest.log,,3150,26.305356740951538,,,,1651507200,19930.845460985565,,
,,,,,,,train,,,,2.925493687391281,1.5549014116762047e-06,0.41789944959052183,41.789944959052185,,,,,,,,,stage4_cpt_8k,,,,logs/l20_stage4_hq_crossdedup_train_latest.log,,3151,26.307143926620483,,,,1652031488,19929.491451539416,,
,,,,,,,train,,,,2.9621213227510452,1.5541954584335832e-06,0.41797128569746417,41.79712856974642,,,,,,,,,stage4_cpt_8k,,,,logs/l20_stage4_hq_crossdedup_train_latest.log,,3152,26.3026225566864,,,,1652555776,19932.917292565584,,
,,,,,,,train,,,,2.9189319610595703,1.5534895585076273e-06,0.41802689191745557,41.80268919174556,,,,,,,,,stage4_cpt_8k,,,,logs/l20_stage4_hq_crossdedup_train_latest.log,,3153,26.299123764038086,,,,1653080064,19935.569135459988,,
,,,,,,,train,,,,2.9245573431253433,1.552783712118684e-06,0.41750831516648357,41.750831516648354,,,,,,,,,stage4_cpt_8k,,,,logs/l20_stage4_hq_crossdedup_train_latest.log,,3154,26.331789255142212,,,,1653604352,19910.838375619092,,
,,,,,,,train,,,,2.9060347378253937,1.5520779194870833e-06,0.41762705374024367,41.762705374024364,,,,,,,,,stage4_cpt_8k,,,,logs/l20_stage4_hq_crossdedup_train_latest.log,,3155,26.324302673339844,,,,1654128640,19916.500980327088,,
,,,,,,,train,,,,2.92109914124012,1.5513721808331386e-06,0.4181172158179443,41.81172158179443,,,,,,,,,stage4_cpt_8k,,,,logs/l20_stage4_hq_crossdedup_train_latest.log,,3156,26.293442487716675,,,,1654652928,19939.876653463234,,
,,,,,,,train,,,,2.889867976307869,1.5506664963771457e-06,0.4180603764605818,41.80603764605818,,,,,,,,,stage4_cpt_8k,,,,logs/l20_stage4_hq_crossdedup_train_latest.log,,3157,26.297017335891724,,,,1655177216,19937.166002640944,,
,,,,,,,train,,,,2.9353356659412384,1.5499608663393844e-06,0.41780300743658755,41.780300743658756,,,,,,,,,stage4_cpt_8k,,,,logs/l20_stage4_hq_crossdedup_train_latest.log,,3158,26.3132164478302,,,,1655701504,19924.892155980917,,
,,,,,,,train,,,,2.947872906923294,1.5492552909401174e-06,0.41766614133249075,41.76661413324908,,,,,,,,,stage4_cpt_8k,,,,logs/l20_stage4_hq_crossdedup_train_latest.log,,3159,26.321839094161987,,,,1656225792,19918.36505513339,,
,,,,,,,train,,,,2.919300764799118,1.54854977039959e-06,0.4178761130951585,41.787611309515846,,,,,,,,,stage4_cpt_8k,,,,logs/l20_stage4_hq_crossdedup_train_latest.log,,3160,26.308613061904907,,,,1656750080,19928.378541519294,,
,,,,,,,train,,,,2.937355265021324,1.547844304938031e-06,0.4181313124291669,41.81313124291669,,,,,,,,,stage4_cpt_8k,,,,logs/l20_stage4_hq_crossdedup_train_latest.log,,3161,26.292556047439575,,,,1657274368,19940.548916355976,,
,,,,,,,train,,,,2.976217493414879,1.5471388947756514e-06,0.4181278242066363,41.81278242066363,,,,,,,,,stage4_cpt_8k,,,,logs/l20_stage4_hq_crossdedup_train_latest.log,,3162,26.29277539253235,,,,1657798656,19940.382564136147,,
,,,,,,,train,,,,2.974882483482361,1.5464335401326441e-06,0.4177400770969089,41.77400770969089,,,,,,,,,stage4_cpt_8k,,,,logs/l20_stage4_hq_crossdedup_train_latest.log,,3163,26.317180395126343,,,,1658322944,19921.89102815484,,
,,,,,,,train,,,,2.9403035044670105,1.5457282412291871e-06,0.4176077831067229,41.76077831067229,,,,,,,,,stage4_cpt_8k,,,,logs/l20_stage4_hq_crossdedup_train_latest.log,,3164,26.325517416000366,,,,1658847232,19915.581969961335,,
,,,,,,,train,,,,2.9149132817983627,1.545022998285439e-06,0.4176002266292991,41.760022662929906,,,,,,,,,stage4_cpt_8k,,,,logs/l20_stage4_hq_crossdedup_train_latest.log,,3165,26.32599377632141,,,,1659371520,19915.221603963317,,
,,,,,,,train,,,,2.907687023282051,1.5443178115215412e-06,0.4184309441026033,41.84309441026033,,,,,,,,,stage4_cpt_8k,,,,logs/l20_stage4_hq_crossdedup_train_latest.log,,3166,26.273728370666504,,,,1659895808,19954.838255287177,,
,,,,,,,train,,,,2.8491390347480774,1.5436126811576183e-06,0.41865758905306744,41.86575890530674,,,,,,,,,stage4_cpt_8k,,,,logs/l20_stage4_hq_crossdedup_train_latest.log,,3167,26.259504795074463,,,,1660420096,19965.646880680764,,
,,,,,,,train,,,,2.957955062389374,1.5429076074137763e-06,0.4179780751154959,41.79780751154959,,,,,,,,,stage4_cpt_8k,,,,logs/l20_stage4_hq_crossdedup_train_latest.log,,3168,26.30219531059265,,,,1660944384,19933.24107774586,,
,,,,,,,train,,,,2.912403255701065,1.5422025905101047e-06,0.41753576564023925,41.75357656402392,,,,,,,,,stage4_cpt_8k,,,,logs/l20_stage4_hq_crossdedup_train_latest.log,,3169,26.330058097839355,,,,1661468672,19912.147479956493,,
,,,,,,,train,,,,2.95737387239933,1.5414976306666743e-06,0.4173849781428479,41.73849781428479,,,,,,,,,stage4_cpt_8k,,,,logs/l20_stage4_hq_crossdedup_train_latest.log,,3170,26.33957028388977,,,,1661992960,19904.956472303325,,
,,,,,,,train,,,,2.9271378815174103,1.5407927281035386e-06,0.4177020237743792,41.77020237743792,,,,,,,,,stage4_cpt_8k,,,,logs/l20_stage4_hq_crossdedup_train_latest.log,,3171,26.319577932357788,,,,1662517248,19920.076277341454,,
,,,,,,,train,,,,2.9168943017721176,1.5400878830407333e-06,0.4174047836445674,41.74047836445674,,,,,,,,,stage4_cpt_8k,,,,logs/l20_stage4_hq_crossdedup_train_latest.log,,3172,26.33832049369812,,,,1663041536,19905.90099036287,,
,,,,,,,train,,,,3.018655464053154,1.5393830956982753e-06,0.4174029057817004,41.74029057817004,,,,,,,,,stage4_cpt_8k,,,,logs/l20_stage4_hq_crossdedup_train_latest.log,,3173,26.338438987731934,,,,1663565824,19905.811435681735,,
,,,,,,,train,,,,2.9732072353363037,1.5386783662961645e-06,0.41772393310439293,41.77239331043929,,,,,,,,,stage4_cpt_8k,,,,logs/l20_stage4_hq_crossdedup_train_latest.log,,3174,26.31819748878479,,,,1664090112,19921.12112630128,,
,,,,,,,train,,,,2.920045927166939,1.5379736950543817e-06,0.4179733050716343,41.79733050716343,,,,,,,,,stage4_cpt_8k,,,,logs/l20_stage4_hq_crossdedup_train_latest.log,,3175,26.30249547958374,,,,1664614400,19933.01359587563,,
,,,,,,,train,,,,2.9120864868164062,1.5372690821928912e-06,0.41774958394159933,41.77495839415993,,,,,,,,,stage4_cpt_8k,,,,logs/l20_stage4_hq_crossdedup_train_latest.log,,3176,26.31658148765564,,,,1665138688,19922.344406545682,,
,,,,,,,train,,,,2.990997388958931,1.5365645279316374e-06,0.41757618236106925,41.75761823610692,,,,,,,,,stage4_cpt_8k,,,,logs/l20_stage4_hq_crossdedup_train_latest.log,,3177,26.32750964164734,,,,1665662976,19914.074940480954,,
,,,,,,,train,,,,2.988189622759819,1.5358600324905467e-06,0.41750698072918757,41.75069807291876,,,,,,,,,stage4_cpt_8k,,,,logs/l20_stage4_hq_crossdedup_train_latest.log,,3178,26.331873416900635,,,,1666187264,19910.774736730098,,
,,,,,,,train,,,,2.89701184630394,1.535155596089528e-06,0.41753038943345033,41.75303894334503,,,,,,,,,stage4_cpt_8k,,,,logs/l20_stage4_hq_crossdedup_train_latest.log,,3179,26.330397129058838,,,,1666711552,19911.8910903696,,
,,,,,,,train,,,,2.94159072637558,1.5344512189484708e-06,0.41763672187616724,41.76367218761673,,,,,,,,,stage4_cpt_8k,,,,logs/l20_stage4_hq_crossdedup_train_latest.log,,3180,26.32369327545166,,,,1667235840,19916.96205064539,,
,,,,,,,train,,,,2.8758252412080765,1.5337469012872469e-06,0.4174674580352893,41.74674580352893,,,,,,,,,stage4_cpt_8k,,,,logs/l20_stage4_hq_crossdedup_train_latest.log,,3181,26.33436632156372,,,,1667760128,19908.88991206484,,
,,,,,,,train,,,,2.9529466331005096,1.5330426433257096e-06,0.41750107604104214,41.750107604104215,,,,,,,,,stage4_cpt_8k,,,,logs/l20_stage4_hq_crossdedup_train_latest.log,,3182,26.33224582672119,,,,1668284416,19910.493144035892,,
,,,,,,,train,,,,2.9588657170534134,1.5323384452836927e-06,0.41769139914447356,41.76913991444736,,,,,,,,,stage4_cpt_8k,,,,logs/l20_stage4_hq_crossdedup_train_latest.log,,3183,26.320247411727905,,,,1668808704,19919.569592130247,,
,,,,,,,train,,,,2.9226634055376053,1.531634307381011e-06,0.41761679601972573,41.761679601972574,,,,,,,,,stage4_cpt_8k,,,,logs/l20_stage4_hq_crossdedup_train_latest.log,,3184,26.324949264526367,,,,1669332992,19916.011792907546,,
,,,,,,,train,,,,2.920931860804558,1.5309302298374618e-06,0.4176669849758177,41.76669849758177,,,,,,,,,stage4_cpt_8k,,,,logs/l20_stage4_hq_crossdedup_train_latest.log,,3185,26.321785926818848,,,,1669857280,19918.405288214555,,
,,,,,,,train,,,,2.9068946689367294,1.5302262128728234e-06,0.41771946401992016,41.77194640199202,,,,,,,,,stage4_cpt_8k,,,,logs/l20_stage4_hq_crossdedup_train_latest.log,,3186,26.31847906112671,,,,1670381568,19920.9079970883,,
,,,,,,,train,,,,2.8743347227573395,1.529522256706855e-06,0.41830427610635107,41.830427610635105,,,,,,,,,stage4_cpt_8k,,,,logs/l20_stage4_hq_crossdedup_train_latest.log,,3187,26.281684398651123,,,,1670905856,19948.797498949818,,
,,,,,,,train,,,,2.960447669029236,1.5288183615592955e-06,0.41778233137000215,41.778233137000214,,,,,,,,,stage4_cpt_8k,,,,logs/l20_stage4_hq_crossdedup_train_latest.log,,3188,26.314518690109253,,,,1671430144,19923.906120960604,,
,,,,,,,train,,,,2.944811925292015,1.5281145276498667e-06,0.4179661028526927,41.79661028526927,,,,,,,,,stage4_cpt_8k,,,,logs/l20_stage4_hq_crossdedup_train_latest.log,,3189,26.302948713302612,,,,1671954432,19932.670124351625,,
,,,,,,,train,,,,2.9149477630853653,1.5274107551982706e-06,0.4177218366718265,41.77218366718265,,,,,,,,,stage4_cpt_8k,,,,logs/l20_stage4_hq_crossdedup_train_latest.log,,3190,26.318329572677612,,,,1672478720,19921.0211481009,,
,,,,,,,train,,,,2.8900867104530334,1.5267070444241893e-06,0.41813584341380783,41.81358434138078,,,,,,,,,stage4_cpt_8k,,,,logs/l20_stage4_hq_crossdedup_train_latest.log,,3191,26.29227113723755,,,,1673003008,19940.764997568233,,
,,,,,,,train,,,,2.939409241080284,1.5260033955472868e-06,0.4184873753382821,41.84873753382821,,,,,,,,,stage4_cpt_8k,,,,logs/l20_stage4_hq_crossdedup_train_latest.log,,3192,26.270185470581055,,,,1673527296,19957.52944291655,,
,,,,,,,train,,,,2.9185811579227448,1.5252998087872074e-06,0.41792446290551105,41.792446290551105,,,,,,,,,stage4_cpt_8k,,,,logs/l20_stage4_hq_crossdedup_train_latest.log,,3193,26.305569410324097,,,,1674051584,19930.684328552634,,
,,,,,,,train,,,,2.998347446322441,1.5245962843635745e-06,0.41820126736771296,41.82012673677129,,,,,,,,,stage4_cpt_8k,,,,logs/l20_stage4_hq_crossdedup_train_latest.log,,3194,26.28815793991089,,,,1674575872,19943.885045061368,,
,,,,,,,train,,,,2.9361571967601776,1.5238928224959947e-06,0.41801109710992523,41.80110971099252,,,,,,,,,stage4_cpt_8k,,,,logs/l20_stage4_hq_crossdedup_train_latest.log,,3195,26.30011749267578,,,,1675100160,19934.81588612701,,
,,,,,,,train,,,,2.9204192608594894,1.5231894234040527e-06,0.4179007979000167,41.79007979000167,,,,,,,,,stage4_cpt_8k,,,,logs/l20_stage4_hq_crossdedup_train_latest.log,,3196,26.307059049606323,,,,1675624448,19929.55575198915,,
,,,,,,,train,,,,2.922367662191391,1.522486087307316e-06,0.41769023379773385,41.76902337977339,,,,,,,,,stage4_cpt_8k,,,,logs/l20_stage4_hq_crossdedup_train_latest.log,,3197,26.32032084465027,,,,1676148736,19919.514017115944,,
,,,,,,,train,,,,2.9258270263671875,1.5217828144253303e-06,0.41788881112777987,41.788881112777986,,,,,,,,,stage4_cpt_8k,,,,logs/l20_stage4_hq_crossdedup_train_latest.log,,3198,26.30781364440918,,,,1676673024,19928.984106644657,,
,,,,,,,train,,,,2.963755503296852,1.5210796049776218e-06,0.41803217859397435,41.803217859397435,,,,,,,,,stage4_cpt_8k,,,,logs/l20_stage4_hq_crossdedup_train_latest.log,,3199,26.29879117012024,,,,1677197312,19935.821255376846,,
,,,,,,,train,,,,2.901919886469841,1.5203764591836985e-06,0.418156289044391,41.8156289044391,,,,,,,,,stage4_cpt_8k,,,,logs/l20_stage4_hq_crossdedup_train_latest.log,,3200,26.290985584259033,,,,1677721600,19941.740043169102,,
,,,,,,,train,,,,2.924340933561325,1.5196733772630466e-06,0.41840595744646886,41.84059574464688,,,,,,,,,stage4_cpt_8k,,,,logs/l20_stage4_hq_crossdedup_train_latest.log,,3201,26.27529740333557,,,,1678245888,19953.646649626244,,
,,,,,,,train,,,,2.848538801074028,1.5189703594351337e-06,0.41795016868327456,41.79501686832746,,,,,,,,,stage4_cpt_8k,,,,logs/l20_stage4_hq_crossdedup_train_latest.log,,3202,26.303951501846313,,,,1678770176,19931.910228894674,,
,,,,,,,train,,,,2.972636640071869,1.5182674059194074e-06,0.4181020624522759,41.81020624522759,,,,,,,,,stage4_cpt_8k,,,,logs/l20_stage4_hq_crossdedup_train_latest.log,,3203,26.294395446777344,,,,1679294464,19939.15399428805,,
,,,,,,,train,,,,2.928629621863365,1.5175645169352937e-06,0.41805959187171643,41.805959187171645,,,,,,,,,stage4_cpt_8k,,,,logs/l20_stage4_hq_crossdedup_train_latest.log,,3204,26.297066688537598,,,,1679818752,19937.128585848222,,
,,,,,,,train,,,,2.8769086599349976,1.5168616927021996e-06,0.4183043368218054,41.83043368218054,,,,,,,,,stage4_cpt_8k,,,,logs/l20_stage4_hq_crossdedup_train_latest.log,,3205,26.281680583953857,,,,1680343040,19948.80039445047,,
,,,,,,,train,,,,2.957341104745865,1.5161589334395127e-06,0.4184122142715862,41.84122142715862,,,,,,,,,stage4_cpt_8k,,,,logs/l20_stage4_hq_crossdedup_train_latest.log,,3206,26.274904489517212,,,,1680867328,19953.94503562032,,
,,,,,,,train,,,,2.9242827594280243,1.5154562393665987e-06,0.4178424195219137,41.78424195219137,,,,,,,,,stage4_cpt_8k,,,,logs/l20_stage4_hq_crossdedup_train_latest.log,,3207,26.310734510421753,,,,1681391616,19926.771705758656,,
,,,,,,,train,,,,2.9210147857666016,1.5147536107028046e-06,0.4175156868576704,41.75156868576704,,,,,,,,,stage4_cpt_8k,,,,logs/l20_stage4_hq_crossdedup_train_latest.log,,3208,26.331324338912964,,,,1681915904,19911.189929220407,,
,,,,,,,train,,,,2.883520320057869,1.5140510476674546e-06,0.41772191613910326,41.77219161391032,,,,,,,,,stage4_cpt_8k,,,,logs/l20_stage4_hq_crossdedup_train_latest.log,,3209,26.31832456588745,,,,1682440192,19921.024937869977,,
,,,,,,,train,,,,2.9665232449769974,1.5133485504798547e-06,0.4177006351257342,41.770063512573415,,,,,,,,,stage4_cpt_8k,,,,logs/l20_stage4_hq_crossdedup_train_latest.log,,3210,26.31966543197632,,,,1682964480,19920.010053130518,,
,,,,,,,train,,,,2.950769692659378,1.5126461193592892e-06,0.4179063465124032,41.790634651240325,,,,,,,,,stage4_cpt_8k,,,,logs/l20_stage4_hq_crossdedup_train_latest.log,,3211,26.30670976638794,,,,1683488768,19929.820363543993,,
,,,,,,,train,,,,2.9207918494939804,1.5119437545250226e-06,0.4183025988488928,41.83025988488928,,,,,,,,,stage4_cpt_8k,,,,logs/l20_stage4_hq_crossdedup_train_latest.log,,3212,26.281789779663086,,,,1684013056,19948.717511076637,,
,,,,,,,train,,,,2.938411459326744,1.511241456196298e-06,0.41810365469825006,41.81036546982501,,,,,,,,,stage4_cpt_8k,,,,logs/l20_stage4_hq_crossdedup_train_latest.log,,3213,26.29429531097412,,,,1684537344,19939.229927990673,,
,,,,,,,train,,,,2.923937067389488,1.5105392245923381e-06,0.4181347059188923,41.81347059188923,,,,,,,,,stage4_cpt_8k,,,,logs/l20_stage4_hq_crossdedup_train_latest.log,,3214,26.29234266281128,,,,1685061632,19940.710750798542,,
,,,,,,,train,,,,2.942997694015503,1.5098370599323436e-06,0.417860984773534,41.7860984773534,,,,,,,,,stage4_cpt_8k,,,,logs/l20_stage4_hq_crossdedup_train_latest.log,,3215,26.309565544128418,,,,1685585920,19927.657076686577,,
,,,,,,,train,,,,2.943946212530136,1.5091349624354968e-06,0.4179414141206531,41.79414141206531,,,,,,,,,stage4_cpt_8k,,,,logs/l20_stage4_hq_crossdedup_train_latest.log,,3216,26.304502487182617,,,,1686110208,19931.492726595745,,
,,,,,,,train,,,,2.8824343234300613,1.508432932320956e-06,0.4177124483934935,41.77124483934935,,,,,,,,,stage4_cpt_8k,,,,logs/l20_stage4_hq_crossdedup_train_latest.log,,3217,26.318921089172363,,,,1686634496,19920.57342410182,,
,,,,,,,train,,,,2.979503020644188,1.5077309698078615e-06,0.4177918514943118,41.77918514943118,,,,,,,,,stage4_cpt_8k,,,,logs/l20_stage4_hq_crossdedup_train_latest.log,,3218,26.313919067382812,,,,1687158784,19924.36013265225,,
,,,,,,,train,,,,2.907684877514839,1.5070290751153306e-06,0.4181986920406925,41.81986920406925,,,,,,,,,stage4_cpt_8k,,,,logs/l20_stage4_hq_crossdedup_train_latest.log,,3219,26.2883198261261,,,,1687683072,19943.762228537227,,
,,,,,,,train,,,,2.9543961733579636,1.506327248462459e-06,0.41833359992734415,41.833359992734415,,,,,,,,,stage4_cpt_8k,,,,logs/l20_stage4_hq_crossdedup_train_latest.log,,3220,26.279842138290405,,,,1688207360,19950.195942619415,,
,,,,,,,train,,,,2.922791823744774,1.505625490068323e-06,0.4181662509467411,41.81662509467411,,,,,,,,,stage4_cpt_8k,,,,logs/l20_stage4_hq_crossdedup_train_latest.log,,3221,26.290359258651733,,,,1688731648,19942.21512311458,,
,,,,,,,train,,,,2.9961698204278946,1.5049238001519756e-06,0.41784458153344534,41.78445815334453,,,,,,,,,stage4_cpt_8k,,,,logs/l20_stage4_hq_crossdedup_train_latest.log,,3222,26.310598373413086,,,,1689255936,19926.87481139897,,
,,,,,,,train,,,,2.8821493089199066,1.5042221789324504e-06,0.41764782414150214,41.76478241415021,,,,,,,,,stage4_cpt_8k,,,,logs/l20_stage4_hq_crossdedup_train_latest.log,,3223,26.322993516921997,,,,1689780224,19917.49151413787,,
,,,,,,,train,,,,2.9271127432584763,1.5035206266287584e-06,0.4176506385744343,41.76506385744343,,,,,,,,,stage4_cpt_8k,,,,logs/l20_stage4_hq_crossdedup_train_latest.log,,3224,26.322816133499146,,,,1690304512,19917.62573354667,,
,,,,,,,train,,,,2.912390857934952,1.5028191434598886e-06,0.41750970253668274,41.75097025366827,,,,,,,,,stage4_cpt_8k,,,,logs/l20_stage4_hq_crossdedup_train_latest.log,,3225,26.33170175552368,,,,1690828800,19910.904538861356,,
,,,,,,,train,,,,2.9484222680330276,1.50211772964481e-06,0.4180549109317127,41.80549109317127,,,,,,,,,stage4_cpt_8k,,,,logs/l20_stage4_hq_crossdedup_train_latest.log,,3226,26.297361135482788,,,,1691353088,19936.905353312544,,
,,,,,,,train,,,,2.948712706565857,1.5014163854024683e-06,0.4189872656404481,41.89872656404481,,,,,,,,,stage4_cpt_8k,,,,logs/l20_stage4_hq_crossdedup_train_latest.log,,3227,26.238842725753784,,,,1691877376,19981.36905197439,,
,,,,,,,train,,,,2.920830398797989,1.5007151109517885e-06,0.41818761356554596,41.818761356554596,,,,,,,,,stage4_cpt_8k,,,,logs/l20_stage4_hq_crossdedup_train_latest.log,,3228,26.289016246795654,,,,1692401664,19943.233899591243,,
,,,,,,,train,,,,2.9461620897054672,1.5000139065116738e-06,0.4175370322069961,41.75370322069961,,,,,,,,,stage4_cpt_8k,,,,logs/l20_stage4_hq_crossdedup_train_latest.log,,3229,26.329978227615356,,,,1692925952,19912.20788212112,,
,,,,,,,train,,,,2.9236767441034317,1.499312772301005e-06,0.41783507793695324,41.78350779369532,,,,,,,,,stage4_cpt_8k,,,,logs/l20_stage4_hq_crossdedup_train_latest.log,,3230,26.31119680404663,,,,1693450240,19926.421587913672,,
,,,,,,,train,,,,2.9234204292297363,1.4986117085386408e-06,0.41833435518293977,41.833435518293975,,,,,,,,,stage4_cpt_8k,,,,logs/l20_stage4_hq_crossdedup_train_latest.log,,3231,26.279794692993164,,,,1693974528,19950.231960517864,,
,,,,,,,train,,,,2.958390161395073,1.497910715443419e-06,0.4180322468100291,41.80322468100291,,,,,,,,,stage4_cpt_8k,,,,logs/l20_stage4_hq_crossdedup_train_latest.log,,3232,26.298786878585815,,,,1694498816,19935.82450857874,,
,,,,,,,train,,,,2.947811499238014,1.497209793234155e-06,0.417822523250767,41.782252325076705,,,,,,,,,stage4_cpt_8k,,,,logs/l20_stage4_hq_crossdedup_train_latest.log,,3233,26.31198740005493,,,,1695023104,19925.82285893408,,
,,,,,,,train,,,,2.9269218295812607,1.4965089421296407e-06,0.4179445166259864,41.79445166259864,,,,,,,,,stage4_cpt_8k,,,,logs/l20_stage4_hq_crossdedup_train_latest.log,,3234,26.304307222366333,,,,1695547392,19931.64068408547,,
,,,,,,,train,,,,2.9016424864530563,1.4958081623486484e-06,0.418237033177372,41.8237033177372,,,,,,,,,stage4_cpt_8k,,,,logs/l20_stage4_hq_crossdedup_train_latest.log,,3235,26.28590989112854,,,,1696071680,19945.590705115614,,
,,,,,,,train,,,,2.9480421245098114,1.4951074541099252e-06,0.41809710003012074,41.80971000301207,,,,,,,,,stage4_cpt_8k,,,,logs/l20_stage4_hq_crossdedup_train_latest.log,,3236,26.294707536697388,,,,1696595968,19938.917337958363,,
,,,,,,,train,,,,3.0137065052986145,1.4944068176321982e-06,0.41774252945810675,41.77425294581067,,,,,,,,,stage4_cpt_8k,,,,logs/l20_stage4_hq_crossdedup_train_latest.log,,3237,26.317025899887085,,,,1697120256,19922.007980478123,,
,,,,,,,train,,,,2.9950215816497803,1.4937062531341701e-06,0.41781611747118724,41.781611747118724,,,,,,,,,stage4_cpt_8k,,,,logs/l20_stage4_hq_crossdedup_train_latest.log,,3238,26.31239080429077,,,,1697644544,19925.517369349203,,
,,,,,,,train,,,,2.974007487297058,1.4930057608345232e-06,0.4178351953094127,41.78351953094127,,,,,,,,,stage4_cpt_8k,,,,logs/l20_stage4_hq_crossdedup_train_latest.log,,3239,26.31118941307068,,,,1698168832,19926.427185368826,,
,,,,,,,train,,,,2.9538832157850266,1.492305340951917e-06,0.4177117710612374,41.771177106123744,,,,,,,,,stage4_cpt_8k,,,,logs/l20_stage4_hq_crossdedup_train_latest.log,,3240,26.318963766098022,,,,1698693120,19920.54112234258,,
,,,,,,,train,,,,2.942549541592598,1.4916049937049856e-06,0.41774767269802343,41.77476726980235,,,,,,,,,stage4_cpt_8k,,,,logs/l20_stage4_hq_crossdedup_train_latest.log,,3241,26.316701889038086,,,,1699217408,19922.25325994919,,
,,,,,,,train,,,,2.922313615679741,1.4909047193123439e-06,0.41804888840277943,41.80488884027794,,,,,,,,,stage4_cpt_8k,,,,logs/l20_stage4_hq_crossdedup_train_latest.log,,3242,26.29773998260498,,,,1699741696,19936.618140828752,,
,,,,,,,train,,,,2.937193214893341,1.4902045179925821e-06,0.41767668901071414,41.76766890107142,,,,,,,,,stage4_cpt_8k,,,,logs/l20_stage4_hq_crossdedup_train_latest.log,,3243,26.321174383163452,,,,1700265984,19918.868070543424,,
,,,,,,,train,,,,2.944213941693306,1.489504389964269e-06,0.41798356515776813,41.79835651577682,,,,,,,,,stage4_cpt_8k,,,,logs/l20_stage4_hq_crossdedup_train_latest.log,,3244,26.301849842071533,,,,1700790272,19933.502896110636,,
,,,,,,,train,,,,2.9794393181800842,1.4888043354459495e-06,0.4180093236791994,41.80093236791994,,,,,,,,,stage4_cpt_8k,,,,logs/l20_stage4_hq_crossdedup_train_latest.log,,3245,26.3002290725708,,,,1701314560,19934.731311781376,,
,,,,,,,train,,,,2.886474087834358,1.4881043546561444e-06,0.41820067189163573,41.820067189163574,,,,,,,,,stage4_cpt_8k,,,,logs/l20_stage4_hq_crossdedup_train_latest.log,,3246,26.288195371627808,,,,1701838848,19943.85664699719,,
,,,,,,,train,,,,2.9804747253656387,1.4874044478133544e-06,0.4179479411786386,41.79479411786386,,,,,,,,,stage4_cpt_8k,,,,logs/l20_stage4_hq_crossdedup_train_latest.log,,3247,26.304091691970825,,,,1702363136,19931.803999909105,,
,,,,,,,train,,,,2.9128445088863373,1.4867046151360542e-06,0.4177441719506882,41.77441719506882,,,,,,,,,stage4_cpt_8k,,,,logs/l20_stage4_hq_crossdedup_train_latest.log,,3248,26.316922426223755,,,,1702887424,19922.08631042542,,
,,,,,,,train,,,,2.9158409982919693,1.4860048568426983e-06,0.4181034613534491,41.810346135344915,,,,,,,,,stage4_cpt_8k,,,,logs/l20_stage4_hq_crossdedup_train_latest.log,,3249,26.294307470321655,,,,1703411712,19939.220707438788,,
,,,,,,,train,,,,2.8916305750608444,1.4853051731517153e-06,0.41766870632142844,41.76687063214285,,,,,,,,,stage4_cpt_8k,,,,logs/l20_stage4_hq_crossdedup_train_latest.log,,3250,26.321677446365356,,,,1703936000,19918.487378637663,,
,,,,,,,eval,,,,2.9263285398483276,,,,,,,,,18.65899881390741,,,stage4_cpt_8k,,,,logs/l20_stage4_hq_crossdedup_train_latest.log,,3250,,,,,,,,
,,,,,,,train,,,,2.9588707089424133,1.4846055642815116e-06,0.3236772131521831,32.36772131521831,,,,,,,,,stage4_cpt_8k,,,,logs/l20_stage4_hq_crossdedup_train_latest.log,,3251,33.965137243270874,,,,1704460288,15436.063050322908,,
,,,,,,,train,,,,2.953668534755707,1.48390603045047e-06,0.4178773665797068,41.78773665797068,,,,,,,,,stage4_cpt_8k,,,,logs/l20_stage4_hq_crossdedup_train_latest.log,,3252,26.308534145355225,,,,1704984576,19928.438319797577,,
sdpa,/home/hhai/l20-pretrain/runs/l20-edu-135m-stage4-hq-crossdedup-8k/step-002500,8192,,,cuda,bfloat16,start,2505783168,,True,,,,,119.5,True,134515008,,,,,,stage4_sft,l20-edu-135m-stage4-sft-anti-forgetting,,8,logs/stage4_sft_train_latest.log,0,,,,,,,,,False
,,,,,,,train,,,,2.2228310108184814,6.666666666666668e-08,0.5813037439692667,58.13037439692666,,,,,16.403282642364502,,,,stage4_sft,,8,,logs/stage4_sft_train_latest.log,,1,,0.4230070515227402,52823,22344.501482585707,,27722.190128594302,,
,,,,,,,train,,,,2.18878436088562,3.666666666666667e-07,0.9606418200802482,96.06418200802483,,,,,16.909324169158936,,,,stage4_sft,,80,,logs/stage4_sft_train_latest.log,,10,,0.6990463558808054,52965,36928.98787301923,,45812.701979004465,,
,,,,,,,train,,,,2.222547769546509,7.000000000000001e-07,0.9457042301686039,94.57042301686039,,,,,16.909324169158936,,,,stage4_sft,,160,,logs/stage4_sft_train_latest.log,,20,,0.6881764691289414,53062,36077.65139408475,,45100.3330808343,,
,,,,,,,train,,,,2.261451244354248,1.0333333333333333e-06,0.9457890667729622,94.57890667729622,,,,,16.909324169158936,,,,stage4_sft,,240,,logs/stage4_sft_train_latest.log,,30,,0.6882382036046661,53973,36322.80355254166,,45104.3789114354,,
,,,,,,,train,,,,2.1954851150512695,1.3666666666666668e-06,0.9453869765767943,94.53869765767942,,,,,16.909324169158936,,,,stage4_sft,,320,,logs/stage4_sft_train_latest.log,,40,,0.6879456078832524,52737,36044.63494679986,,45085.20335823683,,
,,,,,,,train,,,,2.2429280281066895,1.7000000000000002e-06,0.9454447249843844,94.54447249843844,,,,,16.909324169158936,,,,stage4_sft,,400,,logs/stage4_sft_train_latest.log,,50,,0.6879876306362077,49721,35831.35898621659,,45087.95736137451,,
,,,,,,,train,,,,2.2794153690338135,2.0333333333333335e-06,0.9464898957797596,94.64898957797597,,,,,16.909324169158936,,,,stage4_sft,,480,,logs/stage4_sft_train_latest.log,,60,,0.6887481876102098,52054,35263.83833082398,,45137.80122322271,,
,,,,,,,train,,,,2.3206186294555664,2.3666666666666667e-06,0.9463270089558437,94.63270089558436,,,,,16.909324169158936,,,,stage4_sft,,560,,logs/stage4_sft_train_latest.log,,70,,0.6886296570212854,52050,34686.34468712785,,45130.03320254696,,
,,,,,,,train,,,,2.2143714427948,2.7000000000000004e-06,0.9460160915564715,94.60160915564715,,,,,16.909324169158936,,,,stage4_sft,,640,,logs/stage4_sft_train_latest.log,,80,,0.6884034065390892,47421,36132.50496037979,,45115.20565094575,,
,,,,,,,train,,,,2.1537317037582397,3.0333333333333337e-06,0.9458992513806369,94.58992513806369,,,,,16.909324169158936,,,,stage4_sft,,720,,logs/stage4_sft_train_latest.log,,90,,0.6883183834873853,52698,35962.36408655037,,45109.63358022928,,
,,,,,,,train,,,,2.125807762145996,3.366666666666667e-06,0.9456013666126439,94.5601366612644,,,,,16.909324169158936,,,,stage4_sft,,800,,logs/stage4_sft_train_latest.log,,100,,0.6881016166787942,53747,35684.399359668925,,45095.42755066146,,
,,,,,,,train,,,,2.1848829984664917,3.7e-06,0.9452852672156841,94.52852672156841,,,,,16.909324169158936,,,,stage4_sft,,880,,logs/stage4_sft_train_latest.log,,110,,0.6878715953254427,52674,36317.350256918806,,45080.352871248215,,
,,,,,,,train,,,,2.231743574142456,4.033333333333333e-06,0.9452505422020342,94.52505422020342,,,,,16.909324169158936,,,,stage4_sft,,960,,logs/stage4_sft_train_latest.log,,120,,0.6878463263919625,55867,36856.93849169317,,45078.696846423656,,
,,,,,,,train,,,,2.233588457107544,4.366666666666667e-06,0.9453435768721555,94.53435768721555,,,,,16.909324169158936,,,,stage4_sft,,1040,,logs/stage4_sft_train_latest.log,,130,,0.687914026491791,52451,36119.47629217268,,45083.133640166016,,
,,,,,,,train,,,,2.2252326011657715,4.7e-06,0.9461724721601377,94.61724721601377,,,,,16.909324169158936,,,,stage4_sft,,1120,,logs/stage4_sft_train_latest.log,,140,,0.688517202637529,51703,35607.14909644166,,45122.6633920531,,
,,,,,,,train,,,,2.2192028760910034,5.033333333333333e-06,0.9468039242196381,94.68039242196382,,,,,16.909324169158936,,,,stage4_sft,,1200,,logs/stage4_sft_train_latest.log,,150,,0.6889767019554646,55062,35736.11916770682,,45152.777139353326,,
,,,,,,,train,,,,2.246287703514099,5.366666666666666e-06,0.9461884547777988,94.61884547777987,,,,,16.909324169158936,,,,stage4_sft,,1280,,logs/stage4_sft_train_latest.log,,160,,0.6885288329771623,49063,35669.78701544827,,45123.42559799131,,
,,,,,,,train,,,,2.1969457864761353,5.7e-06,0.9465870298614236,94.65870298614236,,,,,16.909324169158936,,,,stage4_sft,,1360,,logs/stage4_sft_train_latest.log,,170,,0.6888188707976369,51920,35854.3998627586,,45142.433516593934,,
,,,,,,,train,,,,2.275933623313904,6.033333333333335e-06,0.9462096259763286,94.62096259763287,,,,,16.909324169158936,,,,stage4_sft,,1440,,logs/stage4_sft_train_latest.log,,180,,0.6885442389785174,52910,36185.20309988582,,45124.43524569611,,
,,,,,,,train,,,,2.1987693309783936,6.366666666666668e-06,0.9461054721935425,94.61054721935425,,,,,16.909324169158936,,,,stage4_sft,,1520,,logs/stage4_sft_train_latest.log,,190,,0.6884684476473616,53835,36243.939498482,,45119.46818501749,,
,,,,,,,train,,,,2.273888349533081,6.700000000000001e-06,0.9463679196347763,94.63679196347763,,,,,16.909324169158936,,,,stage4_sft,,1600,,logs/stage4_sft_train_latest.log,,200,,0.6886594271816373,51259,35314.799755587956,,45131.98421977578,,
,,,,,,,train,,,,2.1742606163024902,7.033333333333334e-06,0.9464208617185274,94.64208617185274,,,,,16.909324169158936,,,,stage4_sft,,1680,,logs/stage4_sft_train_latest.log,,210,,0.6886979524362591,52843,36071.10621721102,,45134.509010862675,,
,,,,,,,train,,,,2.2584503889083862,7.3666666666666676e-06,0.9464029909663749,94.64029909663749,,,,,16.909324169158936,,,,stage4_sft,,1760,,logs/stage4_sft_train_latest.log,,220,,0.6886849481261115,53403,36069.667552620645,,45133.65676039284,,
,,,,,,,train,,,,2.2021677494049072,7.7e-06,0.9464227265315515,94.64227265315515,,,,,16.909324169158936,,,,stage4_sft,,1840,,logs/stage4_sft_train_latest.log,,230,,0.68869930943605,54516,36484.46574675324,,45134.59794320097,,
,,,,,,,train,,,,2.122660994529724,8.033333333333335e-06,0.9462427282594659,94.62427282594659,,,,,16.909324169158936,,,,stage4_sft,,1920,,logs/stage4_sft_train_latest.log,,240,,0.6885683270724507,52239,35959.79231303166,,45126.01388302013,,
,,,,,,,train,,,,2.128818154335022,8.366666666666667e-06,0.9464785033779608,94.64785033779609,,,,,16.909324169158936,,,,stage4_sft,,2000,,logs/stage4_sft_train_latest.log,,250,,0.6887398975099916,54151,36694.615385547586,,45137.25792321481,,
,,,,,,,train,,,,2.101526975631714,8.700000000000001e-06,0.9465966060080463,94.65966060080463,,,,,16.909324169158936,,,,stage4_sft,,2080,,logs/stage4_sft_train_latest.log,,260,,0.6888258392329684,52761,36277.9771793792,,45142.890199971815,,
,,,,,,,train,,,,2.2457915544509888,9.033333333333334e-06,0.9464439237561074,94.64439237561074,,,,,16.909324169158936,,,,stage4_sft,,2160,,logs/stage4_sft_train_latest.log,,270,,0.6887147343762002,52733,35946.29474571733,,45135.60883207866,,
,,,,,,,train,,,,2.180549144744873,9.366666666666668e-06,0.9468926137945904,94.68926137945904,,,,,16.909324169158936,,,,stage4_sft,,2240,,logs/stage4_sft_train_latest.log,,280,,0.6890412401869667,51096,35646.377190964406,,45157.00671689305,,
,,,,,,,train,,,,2.1950809955596924,9.7e-06,0.9460785599502569,94.60785599502569,,,,,16.909324169158936,,,,stage4_sft,,2320,,logs/stage4_sft_train_latest.log,,290,,0.6884488639636158,54087,35996.4438358608,,45118.18474871953,,
,,,,,,,train,,,,2.235019564628601,1e-05,0.94665596378461,94.665596378461,,,,,16.909324169158936,,,,stage4_sft,,2400,,logs/stage4_sft_train_latest.log,,300,,0.6888690331024552,52138,36503.790046228896,,45145.7209534025,,
,,,,,,,train,,,,2.062803268432617,9.999931651112074e-06,0.946438546657652,94.6438546657652,,,,,16.909324169158936,,,,stage4_sft,,2480,,logs/stage4_sft_train_latest.log,,310,,0.6887108215327221,50510,35486.23830596642,,45135.35239996848,,
,,,,,,,train,,,,2.1143102645874023,9.999726606524545e-06,0.9463637709163538,94.63637709163538,,,,,16.909324169158936,,,,stage4_sft,,2560,,logs/stage4_sft_train_latest.log,,320,,0.6886564082140739,52974,36686.24190966179,,45131.78636871755,,
,,,,,,,train,,,,2.1027894020080566,9.999384872466112e-06,0.9462825596982556,94.62825596982556,,,,,16.909324169158936,,,,stage4_sft,,2640,,logs/stage4_sft_train_latest.log,,330,,0.6885973118840146,52897,36207.961572947635,,45127.91343163078,,
,,,,,,,train,,,,2.1543028354644775,9.998906459317727e-06,0.9464572268980878,94.64572268980878,,,,,16.909324169158936,,,,stage4_sft,,2720,,logs/stage4_sft_train_latest.log,,340,,0.6887244148967946,52850,36439.720067774506,,45136.24325467633,,
,,,,,,,train,,,,2.1787365674972534,9.998291381612282e-06,0.9459536469363008,94.59536469363007,,,,,16.909324169158936,,,,stage4_sft,,2800,,logs/stage4_sft_train_latest.log,,350,,0.6883579664143078,52857,36109.46918738191,,45112.227686928076,,
,,,,,,,train,,,,2.150576114654541,9.997539658034168e-06,0.9466639398729819,94.66639398729819,,,,,16.909324169158936,,,,stage4_sft,,2880,,logs/stage4_sft_train_latest.log,,360,,0.6888748371965451,51126,35999.08346724961,,45146.10133051278,,
,,,,,,,train,,,,2.059391975402832,9.996651311418705e-06,0.9465029826152408,94.65029826152409,,,,,16.909324169158936,,,,stage4_sft,,2960,,logs/stage4_sft_train_latest.log,,370,,0.6887577107274235,53278,36411.314129147395,,45138.42533023243,,
,,,,,,,train,,,,2.048717975616455,9.995626368751447e-06,0.9470512761190325,94.70512761190325,,,,,16.909324169158936,,,,stage4_sft,,3040,,logs/stage4_sft_train_latest.log,,380,,0.6891566966634581,51954,36133.93283512811,,45164.57327253639,,
,,,,,,,train,,,,2.143784523010254,9.994464861167373e-06,0.9463917715868404,94.63917715868403,,,,,16.909324169158936,,,,stage4_sft,,3120,,logs/stage4_sft_train_latest.log,,390,,0.6886767839319083,54415,36177.293342797435,,45133.121711761545,,
,,,,,,,train,,,,2.13557231426239,9.993166823949924e-06,0.9465640541179315,94.65640541179316,,,,,16.909324169158936,,,,stage4_sft,,3200,,logs/stage4_sft_train_latest.log,,400,,0.6888021516527632,52648,36567.128626941885,,45141.337810715486,,
,,,,,,,train,,,,2.068721890449524,9.991732296529947e-06,0.9465056870657931,94.6505687065793,,,,,16.909324169158936,,,,stage4_sft,,3280,,logs/stage4_sft_train_latest.log,,410,,0.6887596787203464,52652,35831.96464977943,,45138.55430461662,,
,,,,,,,train,,,,2.0527408123016357,9.990161322484486e-06,0.9469615455605388,94.69615455605388,,,,,16.909324169158936,,,,stage4_sft,,3360,,logs/stage4_sft_train_latest.log,,420,,0.6890914009219914,52865,34937.347481585515,,45160.29405082363,,
,,,,,,,train,,,,2.0790172815322876,9.988453949535468e-06,0.9468874338167981,94.68874338167981,,,,,16.909324169158936,,,,stage4_sft,,3440,,logs/stage4_sft_train_latest.log,,430,,0.6890374707855899,54700,36573.55771932248,,45156.75968540442,,
,,,,,,,train,,,,2.09334397315979,9.986610229548242e-06,0.9467171172304649,94.67171172304649,,,,,16.909324169158936,,,,stage4_sft,,3520,,logs/stage4_sft_train_latest.log,,440,,0.6889135336567521,51122,35592.02880284244,,45148.63734172891,,
,,,,,,,train,,,,2.1402294635772705,9.984630218530014e-06,0.9461153336700228,94.61153336700228,,,,,16.909324169158936,,,,stage4_sft,,3600,,logs/stage4_sft_train_latest.log,,450,,0.6884756237134593,53089,35962.66189979729,,45119.93847568527,,
,,,,,,,train,,,,2.0180788040161133,9.982513976628143e-06,0.9464909992875451,94.64909992875451,,,,,16.909324169158936,,,,stage4_sft,,3680,,logs/stage4_sft_train_latest.log,,460,,0.6887489906182405,53670,35890.43440152026,,45137.85384915701,,
,,,,,,,train,,,,2.039238691329956,9.980261568128305e-06,0.9456934462873251,94.56934462873251,,,,,16.909324169158936,,,,stage4_sft,,3760,,logs/stage4_sft_train_latest.log,,470,,0.6881686218410629,52093,35822.54879307434,,45099.818800975896,,
,,,,,,,train,,,,2.0035508275032043,9.977873061452551e-06,0.9456040193734575,94.56040193734574,,,,,16.909324169158936,,,,stage4_sft,,3840,,logs/stage4_sft_train_latest.log,,480,,0.6881035470577773,52875,34959.926432526845,,45095.554059978494,,
,,,,,,,train,,,,2.107303261756897,9.97534852915723e-06,0.9456222012692215,94.56222012692214,,,,,16.909324169158936,,,,stage4_sft,,3920,,logs/stage4_sft_train_latest.log,,490,,0.6881167777830186,43406,35308.1664198578,,45096.42114878791,,
,,,,,,,train,,,,2.1412768363952637,9.972688047930773e-06,0.9457786534125582,94.57786534125582,,,,,16.909324169158936,,,,stage4_sft,,4000,,logs/stage4_sft_train_latest.log,,500,,0.6882306259399312,50838,36293.15382831633,,45103.88230159933,,
,,,,,,,eval,,,,2.0398781821131706,,,,,,,,,7.689672402178416,,,stage4_sft,,,,logs/stage4_sft_train_latest.log,,500,,,87132.0,,,,,
,,,,,,,checkpoint,,,,,,,,,,,runs/l20-edu-135m-stage4-sft-anti-forgetting/step-000500,,,,,stage4_sft,,,,logs/stage4_sft_train_latest.log,,500,,,,,,,,
,,,,,,,train,,,,2.0060044527053833,9.969891698591373e-06,0.8048183126287043,80.48183126287043,,,,,16.909324169158936,,,,stage4_sft,,4080,,logs/stage4_sft_train_latest.log,,510,,0.5856556489933331,51024,30418.25162193493,,38381.52861242708,,
,,,,,,,train,,,,2.124493718147278,9.966959566084523e-06,0.9463686654756536,94.63686654756536,,,,,16.909324169158936,,,,stage4_sft,,4160,,logs/stage4_sft_train_latest.log,,520,,0.6886599699201861,52442,35892.61330225514,,45132.019788689315,,
,,,,,,,train,,,,2.110337495803833,9.963891739480451e-06,0.9465177018519273,94.65177018519273,,,,,16.909324169158936,,,,stage4_sft,,4240,,logs/stage4_sft_train_latest.log,,530,,0.6887684217214195,46344,35616.00845668809,,45139.12728593495,,
,,,,,,,train,,,,2.0487529039382935,9.960688311971389e-06,0.9459017661057277,94.59017661057277,,,,,16.909324169158936,,,,stage4_sft,,4320,,logs/stage4_sft_train_latest.log,,540,,0.6883202134195974,51786,36174.5999842456,,45109.75350666673,,
,,,,,,,train,,,,2.1059221029281616,9.957349380868766e-06,0.9461192161974783,94.61192161974783,,,,,16.909324169158936,,,,stage4_sft,,4400,,logs/stage4_sft_train_latest.log,,550,,0.6884784489773742,53459,35378.36012268604,,45120.123632181196,,
,,,,,,,train,,,,2.0983067750930786,9.953875047600236e-06,0.9457154953201802,94.57154953201801,,,,,16.909324169158936,,,,stage4_sft,,4480,,logs/stage4_sft_train_latest.log,,560,,0.6881846666308543,52207,35656.29276594449,,45100.87031231967,,
,,,,,,,train,,,,2.060414135456085,9.95026541770661e-06,0.9462767960493368,94.62767960493368,,,,,16.909324169158936,,,,stage4_sft,,4560,,logs/stage4_sft_train_latest.log,,570,,0.6885931177528734,51947,35462.27012702588,,45127.63856505231,,
,,,,,,,train,,,,2.1457425355911255,9.946520600838634e-06,0.9460307801262053,94.60307801262053,,,,,16.909324169158936,,,,stage4_sft,,4640,,logs/stage4_sft_train_latest.log,,580,,0.688414095217149,51785,35757.67377517868,,45115.90614415108,,
,,,,,,,train,,,,2.0670838356018066,9.942640710753675e-06,0.9462500294032522,94.62500294032522,,,,,16.909324169158936,,,,stage4_sft,,4720,,logs/stage4_sft_train_latest.log,,590,,0.6885736400182865,49665,35911.318762601695,,45126.36207223842,,
,,,,,,,train,,,,2.0868502855300903,9.938625865312252e-06,0.9462428214648466,94.62428214648466,,,,,16.909324169158936,,,,stage4_sft,,4800,,logs/stage4_sft_train_latest.log,,600,,0.6885683948967745,48924,34832.26510844568,,45126.01832795501,,
,,,,,,,train,,,,2.002132773399353,9.934476186474465e-06,0.9460550498724505,94.60550498724504,,,,,16.909324169158936,,,,stage4_sft,,4880,,logs/stage4_sft_train_latest.log,,610,,0.6884317559907236,52098,35733.5321969277,,45117.06356060806,,
,,,,,,,train,,,,2.138333559036255,9.930191800296282e-06,0.9461388467441444,94.61388467441444,,,,,16.909324169158936,,,,stage4_sft,,4960,,logs/stage4_sft_train_latest.log,,620,,0.6884927338667305,51880,36484.05615887869,,45121.05980669005,,
,,,,,,,train,,,,2.1561254262924194,9.92577283692572e-06,0.9461212351243483,94.61212351243483,,,,,16.909324169158936,,,,stage4_sft,,5040,,logs/stage4_sft_train_latest.log,,630,,0.6884799181237737,49732,35652.2440801215,,45120.219914159636,,
sdpa,/home/hhai/l20-pretrain/runs/l20-edu-135m-stage4-hq-crossdedup-8k/step-002500,8192,,,cuda,bfloat16,start,2505783168,,True,,,,,119.5,True,134515008,,,,,,stage4_sft,l20-edu-135m-stage4-sft-anti-forgetting,,8,logs/stage4_sft_train_latest.log,500,,,,,,,,,False
,,,,,,,train,,,,2.03486031293869,9.969891698591373e-06,0.8829399354382388,88.29399354382387,,,,,16.905906200408936,,,,stage4_sft,,4080,,logs/stage4_sft_train_latest.log,,510,,0.6425037213955297,52965,33941.672590905924,,42107.123885377434,,
,,,,,,,train,,,,2.0710978507995605,9.966959566084523e-06,0.946060453670665,94.6060453670665,,,,,16.905906200408936,,,,stage4_sft,,4160,,logs/stage4_sft_train_latest.log,,520,,0.6884356882632635,53062,36091.24095720159,,45117.32126602124,,
,,,,,,,train,,,,2.1082026958465576,9.963891739480451e-06,0.9455107783345474,94.55107783345474,,,,,16.905906200408936,,,,stage4_sft,,4240,,logs/stage4_sft_train_latest.log,,530,,0.6880356967861088,53973,36312.115951432075,,45091.107424574424,,
,,,,,,,train,,,,2.04679536819458,9.960688311971389e-06,0.9456031040917291,94.56031040917291,,,,,16.905906200408936,,,,stage4_sft,,4320,,logs/stage4_sft_train_latest.log,,540,,0.6881028810193606,52737,36052.87520985699,,45095.510410484814,,
,,,,,,,train,,,,2.084397554397583,9.957349380868766e-06,0.946095610922635,94.6095610922635,,,,,16.905906200408936,,,,stage4_sft,,4400,,logs/stage4_sft_train_latest.log,,550,,0.6884612717308565,49721,35856.02687752343,,45118.99790415341,,
,,,,,,,train,,,,2.1120208501815796,9.953875047600236e-06,0.9463144707662176,94.63144707662175,,,,,16.905906200408936,,,,stage4_sft,,4480,,logs/stage4_sft_train_latest.log,,560,,0.688620533146409,52054,35257.302435042824,,45129.43526028306,,
,,,,,,,train,,,,2.1731300354003906,9.95026541770661e-06,0.9462791418925802,94.62791418925802,,,,,16.905906200408936,,,,stage4_sft,,4560,,logs/stage4_sft_train_latest.log,,570,,0.6885948247919972,52050,34684.59018425537,,45127.75043756833,,
,,,,,,,train,,,,2.0570263862609863,9.946520600838634e-06,0.9459562706243877,94.59562706243877,,,,,16.905906200408936,,,,stage4_sft,,4640,,logs/stage4_sft_train_latest.log,,580,,0.6883598756374519,47421,36130.22013653319,,45112.35280977605,,
,,,,,,,train,,,,2.0087382793426514,9.942640710753675e-06,0.9459456207145874,94.59456207145874,,,,,16.905906200408936,,,,stage4_sft,,4720,,logs/stage4_sft_train_latest.log,,590,,0.6883521258388479,52698,35964.12701306453,,45111.84491897473,,
,,,,,,,train,,,,1.9793312549591064,9.938625865312252e-06,0.9458772558675507,94.58772558675507,,,,,16.905906200408936,,,,stage4_sft,,4800,,logs/stage4_sft_train_latest.log,,600,,0.6883023776432223,53747,35694.810662675394,,45108.58462122622,,
,,,,,,,train,,,,2.0464802980422974,9.934476186474465e-06,0.9457759686340173,94.57759686340172,,,,,16.905906200408936,,,,stage4_sft,,4880,,logs/stage4_sft_train_latest.log,,610,,0.6882286722620711,52674,36336.20274081889,,45103.75426536709,,
,,,,,,,train,,,,2.086759924888611,9.930191800296282e-06,0.9463273196958653,94.63273196958653,,,,,16.905906200408936,,,,stage4_sft,,4960,,logs/stage4_sft_train_latest.log,,620,,0.6886298831426921,55867,36898.92389142319,,45130.04802163947,,
,,,,,,,train,,,,2.0840057134628296,9.92577283692572e-06,0.9470537036080915,94.70537036080916,,,,,16.905906200408936,,,,stage4_sft,,5040,,logs/stage4_sft_train_latest.log,,630,,0.6891584631151628,52451,36184.81643263212,,45164.68903871531,,
,,,,,,,train,,,,2.090052366256714,9.921219430598881e-06,0.9468524821147202,94.68524821147201,,,,,16.905906200408936,,,,stage4_sft,,5120,,logs/stage4_sft_train_latest.log,,640,,0.6890120368939368,51703,35632.73979639576,,45155.09284988104,,
,,,,,,,train,,,,2.08528733253479,9.91653171963588e-06,0.9460596306744233,94.60596306744233,,,,,16.905906200408936,,,,stage4_sft,,5200,,logs/stage4_sft_train_latest.log,,650,,0.6884350893797758,55062,35708.02658998596,,45117.28201759299,,
,,,,,,,train,,,,2.111059308052063,9.911709846436643e-06,0.9465220228974547,94.65220228974547,,,,,16.905906200408936,,,,stage4_sft,,5280,,logs/stage4_sft_train_latest.log,,660,,0.6887715660891395,49063,35682.36199850074,,45139.333355217845,,
,,,,,,,train,,,,2.0665588974952698,9.906753957476577e-06,0.9460689787537072,94.60689787537072,,,,,16.905906200408936,,,,stage4_sft,,5360,,logs/stage4_sft_train_latest.log,,670,,0.6884418918535192,51920,35834.77735475938,,45117.727824512236,,
,,,,,,,train,,,,2.1555378437042236,9.901664203302126e-06,0.946182133114235,94.6182133114235,,,,,16.905906200408936,,,,stage4_sft,,5440,,logs/stage4_sft_train_latest.log,,680,,0.6885242327861391,52910,36184.15171045652,,45123.12411987241,,
,,,,,,,train,,,,2.0804113149642944,9.896440738526199e-06,0.9466747148022738,94.66747148022738,,,,,16.905906200408936,,,,stage4_sft,,5520,,logs/stage4_sft_train_latest.log,,690,,0.688882677970181,53835,36265.746363865605,,45146.61518345378,,
,,,,,,,train,,,,2.157008409500122,9.89108372182346e-06,0.946035391747995,94.6035391747995,,,,,16.905906200408936,,,,stage4_sft,,5600,,logs/stage4_sft_train_latest.log,,700,,0.6884174510333745,51259,35302.39109771696,,45116.12607092323,,
,,,,,,,train,,,,2.060994505882263,9.885593315925532e-06,0.946481534071992,94.6481534071992,,,,,16.905906200408936,,,,stage4_sft,,5680,,logs/stage4_sft_train_latest.log,,710,,0.6887421029059821,52843,36073.41863338314,,45137.402456046446,,
,,,,,,,train,,,,2.1506210565567017,9.879969687616026e-06,0.94596442122755,94.596442122755,,,,,16.905906200408936,,,,stage4_sft,,5760,,logs/stage4_sft_train_latest.log,,720,,0.6883658067236484,53403,36052.95261740907,,45112.741509441024,,
,,,,,,,train,,,,2.0994138717651367,9.874213007725498e-06,0.9465278827956058,94.65278827956058,,,,,16.905906200408936,,,,stage4_sft,,5840,,logs/stage4_sft_train_latest.log,,730,,0.6887758302595751,54516,36488.51950624822,,45139.612811891515,,
,,,,,,,train,,,,2.0244369506835938,9.86832345112624e-06,0.9467672213646195,94.67672213646196,,,,,16.905906200408936,,,,stage4_sft,,5920,,logs/stage4_sft_train_latest.log,,740,,0.6889499937729611,52239,35979.72447479912,,45151.02679190478,,
,,,,,,,train,,,,2.0344940423965454,9.862301196726988e-06,0.9461564434882213,94.61564434882213,,,,,16.905906200408936,,,,stage4_sft,,6000,,logs/stage4_sft_train_latest.log,,750,,0.6885055387848229,54151,36682.12924482392,,45121.898989802154,,
,,,,,,,train,,,,2.0008329153060913,9.856146427467469e-06,0.9460770070689187,94.60770070689188,,,,,16.905906200408936,,,,stage4_sft,,6080,,logs/stage4_sft_train_latest.log,,760,,0.6884477339523902,52761,36258.063735430165,,45118.110692303846,,
,,,,,,,train,,,,2.150042176246643,9.84985933031285e-06,0.9461087489763076,94.61087489763077,,,,,16.905906200408936,,,,stage4_sft,,6160,,logs/stage4_sft_train_latest.log,,770,,0.6884708321188712,52733,35933.56468202988,,45119.62445374234,,
,,,,,,,train,,,,2.0866671800613403,9.84344009624807e-06,0.9460046018727244,94.60046018727243,,,,,16.905906200408936,,,,stage4_sft,,6240,,logs/stage4_sft_train_latest.log,,780,,0.6883950456480831,51096,35612.94741502598,,45114.65771159277,,
,,,,,,,train,,,,2.1122868061065674,9.836888920272018e-06,0.9460025523909016,94.60025523909016,,,,,16.905906200408936,,,,stage4_sft,,6320,,logs/stage4_sft_train_latest.log,,790,,0.6883935542672481,54087,35993.551896483616,,45114.55997245837,,
,,,,,,,train,,,,2.149932622909546,9.830206001391627e-06,0.9460644444463319,94.60644444463318,,,,,16.905906200408936,,,,stage4_sft,,6400,,logs/stage4_sft_train_latest.log,,800,,0.6884385922979711,52138,36480.98060060256,,45117.511584839835,,
,,,,,,,train,,,,1.9854316115379333,9.823391542615818e-06,0.9463897204271001,94.63897204271001,,,,,16.905906200408936,,,,stage4_sft,,6480,,logs/stage4_sft_train_latest.log,,810,,0.6886752913300751,50510,35484.40759095692,,45133.0238926078,,
,,,,,,,train,,,,2.0428714752197266,9.816445750949336e-06,0.9461202567202506,94.61202567202506,,,,,16.905906200408936,,,,stage4_sft,,6560,,logs/stage4_sft_train_latest.log,,820,,0.6884792061520433,52974,36676.80196597288,,45120.17325438031,,
,,,,,,,train,,,,2.0330750942230225,9.809368837386462e-06,0.9468629813535504,94.68629813535505,,,,,16.905906200408936,,,,stage4_sft,,6640,,logs/stage4_sft_train_latest.log,,830,,0.6890196770512673,52897,36230.17046264515,,45155.593555231855,,
,,,,,,,train,,,,2.0928045511245728,9.80216101690461e-06,0.9459740934588678,94.59740934588679,,,,,16.905906200408936,,,,stage4_sft,,6720,,logs/stage4_sft_train_latest.log,,840,,0.6883728450785426,52850,36421.11886026061,,45113.202775067366,,
,,,,,,,train,,,,2.1128727197647095,9.794822508457785e-06,0.9462149538739579,94.6214953873958,,,,,16.905906200408936,,,,stage4_sft,,6800,,logs/stage4_sft_train_latest.log,,850,,0.6885481160192045,52857,36119.44394126582,,45124.68933143459,,
,,,,,,,train,,,,2.089895009994507,9.787353534969936e-06,0.9464978379847266,94.64978379847267,,,,,16.905906200408936,,,,stage4_sft,,6880,,logs/stage4_sft_train_latest.log,,860,,0.6887539670477939,51126,35992.767059190206,,45138.17998444422,,
,,,,,,,train,,,,2.0025440454483032,9.779754323328192e-06,0.9463026631095066,94.63026631095066,,,,,16.905906200408936,,,,stage4_sft,,6960,,logs/stage4_sft_train_latest.log,,870,,0.6886119408706797,53278,36403.60797651665,,45128.87215690086,,
,,,,,,,train,,,,1.9914190173149109,9.77202510437596e-06,0.94624567977211,94.624567977211,,,,,16.905906200408936,,,,stage4_sft,,7040,,logs/stage4_sft_train_latest.log,,880,,0.6885704748491924,51954,36103.19599434034,,45126.154639716675,,
,,,,,,,train,,,,2.091951370239258,9.764166112905908e-06,0.9460470840411045,94.60470840411045,,,,,16.905906200408936,,,,stage4_sft,,7120,,logs/stage4_sft_train_latest.log,,890,,0.6884259593605357,54415,36164.11712674392,,45116.68367265207,,
,,,,,,,train,,,,2.080224394798279,9.756177587652857e-06,0.9457238434981998,94.57238434981998,,,,,16.905906200408936,,,,stage4_sft,,7200,,logs/stage4_sft_train_latest.log,,900,,0.6881907414896632,52648,36534.67008420324,,45101.26843426657,,
,,,,,,,train,,,,2.0172505974769592,9.7480597712865e-06,0.9461337526632626,94.61337526632626,,,,,16.905906200408936,,,,stage4_sft,,7280,,logs/stage4_sft_train_latest.log,,910,,0.6884890269714001,52652,35817.884290257425,,45120.81687159768,,
,,,,,,,train,,,,2.0027538537979126,9.739812910404045e-06,0.94607770586489,94.60777058648901,,,,,16.905906200408936,,,,stage4_sft,,7360,,logs/stage4_sft_train_latest.log,,920,,0.6884482424569827,52865,34904.73896151449,,45118.144017660816,,
,,,,,,,train,,,,2.0310691595077515,9.731437255522726e-06,0.9463683080934199,94.63683080934199,,,,,16.905906200408936,,,,stage4_sft,,7440,,logs/stage4_sft_train_latest.log,,930,,0.6886597098578581,54700,36553.50647148722,,45132.00274524459,,
,,,,,,,train,,,,2.0457711219787598,9.722933061072185e-06,0.9463672981016101,94.63672981016101,,,,,16.905906200408936,,,,stage4_sft,,7520,,logs/stage4_sft_train_latest.log,,940,,0.6886589749001669,51122,35578.877279242224,,45131.95457905734,,
,,,,,,,train,,,,2.0957329273223877,9.714300585386746e-06,0.9462136801437027,94.62136801437026,,,,,16.905906200408936,,,,stage4_sft,,7600,,logs/stage4_sft_train_latest.log,,950,,0.6885471891425324,53089,35966.40013429801,,45124.628587645006,,
,,,,,,,train,,,,1.9764612317085266,9.705540090697576e-06,0.9463718974663732,94.63718974663732,,,,,16.905906200408936,,,,stage4_sft,,7680,,logs/stage4_sft_train_latest.log,,960,,0.6886623217971162,53670,35885.91812391901,,45132.173921295805,,
,,,,,,,train,,,,1.993248164653778,9.696651843124699e-06,0.9465560952571519,94.65560952571519,,,,,16.905906200408936,,,,stage4_sft,,7760,,logs/stage4_sft_train_latest.log,,970,,0.6887963600949643,52093,35855.225645107355,,45140.95825518358,,
,,,,,,,train,,,,1.9612553119659424,9.687636112668933e-06,0.9462450583994969,94.62450583994969,,,,,16.905906200408936,,,,stage4_sft,,7840,,logs/stage4_sft_train_latest.log,,980,,0.6885700226845544,52875,34983.62628651601,,45126.125006654955,,
,,,,,,,train,,,,2.0651028156280518,9.678493173203682e-06,0.9457125005636128,94.57125005636128,,,,,16.905906200408936,,,,stage4_sft,,7920,,logs/stage4_sft_train_latest.log,,990,,0.6881824873860813,43406,35311.53806501344,,45100.72749333423,,
,,,,,,,train,,,,2.102894902229309,9.669223302466609e-06,0.9459933298325912,94.59933298325912,,,,,16.905906200408936,,,,stage4_sft,,8000,,logs/stage4_sft_train_latest.log,,1000,,0.6883868431334582,50838,36301.39178579978,,45114.12015159432,,
,,,,,,,eval,,,,1.9938997887074947,,,,,,,,,7.344118499255072,,,stage4_sft,,,,logs/stage4_sft_train_latest.log,,1000,,,87132.0,,,,,
,,,,,,,checkpoint,,,,,,,,,,,runs/l20-edu-135m-stage4-sft-anti-forgetting/step-001000,,,,,stage4_sft,,,,logs/stage4_sft_train_latest.log,,1000,,,,,,,,
,,,,,,,train,,,,1.9672062397003174,9.659826782051203e-06,0.8028942853415225,80.28942853415225,,,,,16.905906200408936,,,,stage4_sft,,8080,,logs/stage4_sft_train_latest.log,,1010,,0.5842555597658963,51024,30345.532667568932,,38289.77236481778,,
,,,,,,,train,,,,2.0887956619262695,9.650303897398232e-06,0.9460295534734343,94.60295534734342,,,,,16.905906200408936,,,,stage4_sft,,8160,,logs/stage4_sft_train_latest.log,,1020,,0.6884132025981399,52442,35879.75191281375,,45115.847645471695,,
,,,,,,,train,,,,2.0749282836914062,9.64065493778706e-06,0.946162034823722,94.6162034823722,,,,,16.905906200408936,,,,stage4_sft,,8240,,logs/stage4_sft_train_latest.log,,1030,,0.6885096075257674,46344,35602.625252275175,,45122.16563880869,,
,,,,,,,train,,,,2.013209879398346,9.630880196326874e-06,0.9457267452228468,94.57267452228469,,,,,16.905906200408936,,,,stage4_sft,,8320,,logs/stage4_sft_train_latest.log,,1040,,0.6881928530363374,51786,36167.90657203941,,45101.406816589406,,
,,,,,,,train,,,,2.0739307403564453,9.620979969947759e-06,0.9465064952953944,94.65064952953945,,,,,16.905906200408936,,,,stage4_sft,,8400,,logs/stage4_sft_train_latest.log,,1050,,0.6887602668583451,53459,35392.84170086298,,45138.592848828506,,
,,,,,,,train,,,,2.064744472503662,9.610954559391704e-06,0.9462245380274404,94.62245380274405,,,,,16.905906200408936,,,,stage4_sft,,8480,,logs/stage4_sft_train_latest.log,,1060,,0.6885550902810221,52207,35675.48519314935,,45125.146396657066,,
,,,,,,,train,,,,2.0267311930656433,9.60080426920345e-06,0.9462978624491257,94.62978624491257,,,,,16.905906200408936,,,,stage4_sft,,8560,,logs/stage4_sft_train_latest.log,,1070,,0.6886084474935698,51947,35463.05960253985,,45128.64321493859,,
,,,,,,,train,,,,2.1138668060302734,9.590529407721232e-06,0.9460012947587252,94.60012947587252,,,,,16.905906200408936,,,,stage4_sft,,8640,,logs/stage4_sft_train_latest.log,,1080,,0.6883926391049352,51785,35756.55929965245,,45114.49999638103,,
,,,,,,,train,,,,2.0349916219711304,9.580130287067437e-06,0.9465535148739894,94.65535148739895,,,,,16.905906200408936,,,,stage4_sft,,8720,,logs/stage4_sft_train_latest.log,,1090,,0.6887944823842412,49665,35922.83639868181,,45140.83519753363,,
,,,,,,,train,,,,2.057667553424835,9.5696072231391e-06,0.9466445051950411,94.6644505195041,,,,,16.905906200408936,,,,stage4_sft,,8800,,logs/stage4_sft_train_latest.log,,1100,,0.6888606948382715,48924,34847.05153943622,,45145.17449692096,,
,,,,,,,train,,,,1.9718512892723083,9.558960535598318e-06,0.9460616959318551,94.60616959318551,,,,,16.905906200408936,,,,stage4_sft,,8880,,logs/stage4_sft_train_latest.log,,1110,,0.6884365922403128,52098,35733.783225848005,,45117.38050906114,,
,,,,,,,train,,,,2.109596014022827,9.548190547862532e-06,0.9459223035278022,94.59223035278022,,,,,16.905906200408936,,,,stage4_sft,,8960,,logs/stage4_sft_train_latest.log,,1120,,0.6883351582302023,51880,36475.7060368083,,45110.73292977454,,
,,,,,,,train,,,,2.1264463663101196,9.537297587094719e-06,0.9461723323728608,94.61723323728609,,,,,16.905906200408936,,,,stage4_sft,,9040,,logs/stage4_sft_train_latest.log,,1130,,0.6885171009161751,49732,35654.16955384322,,45122.65672564245,,
,,,,,,,train,,,,2.0177358388900757,9.526281984193437e-06,0.9468894715790771,94.6889471579077,,,,,16.905906200408936,,,,stage4_sft,,9120,,logs/stage4_sft_train_latest.log,,1140,,0.6890389536382677,53538,36602.713871799875,,45156.856865637514,,
,,,,,,,train,,,,2.0304651260375977,9.515144073782773e-06,0.9462418738776631,94.62418738776631,,,,,16.905906200408936,,,,stage4_sft,,9200,,logs/stage4_sft_train_latest.log,,1150,,0.688567705350105,50528,36320.22503795467,,45125.97313782448,,
,,,,,,,train,,,,1.983300805091858,9.503884194202195e-06,0.9459561153761668,94.59561153761668,,,,,16.905906200408936,,,,stage4_sft,,9280,,logs/stage4_sft_train_latest.log,,1160,,0.6883597626653735,51058,35719.95178837396,,45112.345406037915,,
,,,,,,,train,,,,1.9832402467727661,9.492502687496253e-06,0.9463853228948949,94.63853228948949,,,,,16.905906200408936,,,,stage4_sft,,9360,,logs/stage4_sft_train_latest.log,,1170,,0.6886720913040105,51292,35501.04630672174,,45132.814175699634,,
,,,,,,,train,,,,1.9809996485710144,9.480999899404207e-06,0.9463730939300746,94.63730939300746,,,,,16.905906200408936,,,,stage4_sft,,9440,,logs/stage4_sft_train_latest.log,,1180,,0.6886631924479384,53410,35878.18159911043,,45132.23098026809,,
,,,,,,,train,,,,2.1279006004333496,9.46937617934951e-06,0.9463649518212651,94.63649518212651,,,,,16.905906200408936,,,,stage4_sft,,9520,,logs/stage4_sft_train_latest.log,,1190,,0.6886572675429702,51563,35876.495607098834,,45131.842685696094,,
,,,,,,,train,,,,2.07363760471344,9.4576318804292e-06,0.9457833867297696,94.57833867297695,,,,,16.905906200408936,,,,stage4_sft,,9600,,logs/stage4_sft_train_latest.log,,1200,,0.6882340703123068,54170,35826.29982373526,,45104.108031987336,,
,,,,,,,train,,,,1.9746073484420776,9.445767359403181e-06,0.9462532916528511,94.62532916528511,,,,,16.905906200408936,,,,stage4_sft,,9680,,logs/stage4_sft_train_latest.log,,1210,,0.6885760139142031,48228,35177.00739242933,,45126.51764788121,,
,,,,,,,train,,,,1.9840364456176758,9.433782976683366e-06,0.9464383912510906,94.64383912510907,,,,,16.905906200408936,,,,stage4_sft,,9760,,logs/stage4_sft_train_latest.log,,1220,,0.6887107084454214,51893,35976.04353492179,,45135.344988679135,,
,,,,,,,train,,,,1.9788354635238647,9.421679096322748e-06,0.9464084453591688,94.64084453591688,,,,,16.905906200408936,,,,stage4_sft,,9840,,logs/stage4_sft_train_latest.log,,1230,,0.6886889172156582,52323,36524.89220009932,,45133.916878645374,,
,,,,,,,train,,,,2.0494001507759094,9.409456086004336e-06,0.9463517289621584,94.63517289621583,,,,,16.905906200408936,,,,stage4_sft,,9920,,logs/stage4_sft_train_latest.log,,1240,,0.6886476454431618,52128,36003.39414570758,,45131.21209176305,,
,,,,,,,train,,,,2.0238306522369385,9.397114317029975e-06,0.9462492060771462,94.62492060771463,,,,,16.905906200408936,,,,stage4_sft,,10000,,logs/stage4_sft_train_latest.log,,1250,,0.6885730408947609,51202,35547.238949671584,,45126.32280807905,,
,,,,,,,train,,,,2.0247461795806885,9.384654164309083e-06,0.9460988255190715,94.60988255190715,,,,,16.905906200408936,,,,stage4_sft,,10080,,logs/stage4_sft_train_latest.log,,1260,,0.6884636109501967,53738,36209.88131064779,,45119.15120723209,,
,,,,,,,train,,,,2.065304756164551,9.372076006347252e-06,0.9460729230153336,94.60729230153336,,,,,16.905906200408936,,,,stage4_sft,,10160,,logs/stage4_sft_train_latest.log,,1270,,0.6884447620405744,48977,35817.577945732555,,45117.91592509108,,
,,,,,,,train,,,,1.958667278289795,9.359380225234752e-06,0.9459097760599555,94.59097760599555,,,,,16.905906200408936,,,,stage4_sft,,10240,,logs/stage4_sft_train_latest.log,,1280,,0.6883260421574231,51809,36123.83252065108,,45110.13549882888,,
,,,,,,,train,,,,2.088125705718994,9.346567206634927e-06,0.9458938028554761,94.5893802855476,,,,,16.905906200408936,,,,stage4_sft,,10320,,logs/stage4_sft_train_latest.log,,1290,,0.6883144186676377,49541,35629.4945792604,,45109.3737418023,,
,,,,,,,train,,,,2.0362191200256348,9.333637339772472e-06,0.9457709715723496,94.57709715723496,,,,,16.905906200408936,,,,stage4_sft,,10400,,logs/stage4_sft_train_latest.log,,1300,,0.6882250359663405,55324,35930.78385522711,,45103.515957090094,,
,,,,,,,train,,,,2.0062748789787292,9.320591017421623e-06,0.9459239800914254,94.59239800914254,,,,,16.905906200408936,,,,stage4_sft,,10480,,logs/stage4_sft_train_latest.log,,1310,,0.6883363782433921,51994,36190.24875707588,,45110.812884558945,,
,,,,,,,train,,,,1.9569170475006104,9.30742863589421e-06,0.9458046639637572,94.58046639637571,,,,,16.905906200408936,,,,stage4_sft,,10560,,logs/stage4_sft_train_latest.log,,1320,,0.688249553474263,48040,35286.34813175942,,45105.1227364893,,
,,,,,,,train,,,,1.94900244474411,9.29415059502763e-06,0.9463242899893602,94.63242899893602,,,,,16.905906200408936,,,,stage4_sft,,10640,,logs/stage4_sft_train_latest.log,,1330,,0.6886276784653115,52549,35432.992881593374,,45129.90353590265,,
,,,,,,,train,,,,2.140406370162964,9.280757298172696e-06,0.9462457263750889,94.62457263750889,,,,,16.905906200408936,,,,stage4_sft,,10720,,logs/stage4_sft_train_latest.log,,1340,,0.6885705087615642,52227,36146.23342923481,,45126.15686219787,,
,,,,,,,train,,,,1.9750689268112183,9.267249152181379e-06,0.946277883524891,94.62778835248909,,,,,16.905906200408936,,,,stage4_sft,,10800,,logs/stage4_sft_train_latest.log,,1350,,0.6885939090944612,51786,35441.99736048283,,45127.69042641461,,
,,,,,,,train,,,,1.994029700756073,9.253626567394466e-06,0.9463979717373847,94.63979717373847,,,,,16.905906200408936,,,,stage4_sft,,10880,,logs/stage4_sft_train_latest.log,,1360,,0.6886812956995134,51755,36235.6550545256,,45133.41739496331,,
,,,,,,,train,,,,2.062312602996826,9.239889957629073e-06,0.9459321611862131,94.59321611862131,,,,,16.905906200408936,,,,stage4_sft,,10960,,logs/stage4_sft_train_latest.log,,1370,,0.6883423315179416,52856,35477.71444029992,,45111.20303835982,,
,,,,,,,train,,,,1.9779349565505981,9.226039740166091e-06,0.9463626210907193,94.63626210907194,,,,,16.905906200408936,,,,stage4_sft,,11040,,logs/stage4_sft_train_latest.log,,1380,,0.6886555715011567,53106,35817.04513933231,,45131.73153389981,,
,,,,,,,train,,,,1.968418538570404,9.212076335737503e-06,0.9463852141225312,94.63852141225311,,,,,16.905906200408936,,,,stage4_sft,,11120,,logs/stage4_sft_train_latest.log,,1390,,0.6886720121517992,51615,35898.199375833196,,45132.80898838031,,
,,,,,,,train,,,,2.08298921585083,9.198000168513604e-06,0.9460216657062922,94.60216657062922,,,,,16.905906200408936,,,,stage4_sft,,11200,,logs/stage4_sft_train_latest.log,,1400,,0.6884074627742415,50527,36071.03655295215,,45115.47148037269,,
,,,,,,,train,,,,2.055194854736328,9.183811666090118e-06,0.9458678029232211,94.58678029232212,,,,,16.905906200408936,,,,stage4_sft,,11280,,logs/stage4_sft_train_latest.log,,1410,,0.6882954988605712,54090,36139.023997224176,,45108.13381332639,,
,,,,,,,train,,,,2.0260753631591797,9.169511259475202e-06,0.9463578353599865,94.63578353599866,,,,,16.905906200408936,,,,stage4_sft,,11360,,logs/stage4_sft_train_latest.log,,1420,,0.6886520889881544,52133,35632.64957967848,,45131.50330392769,,
,,,,,,,train,,,,2.0056446194648743,9.155099383076365e-06,0.9460963563343562,94.60963563343562,,,,,16.905906200408936,,,,stage4_sft,,11440,,logs/stage4_sft_train_latest.log,,1430,,0.6884618141571139,54093,36507.890773486266,,45119.03345260062,,
,,,,,,,train,,,,2.098184823989868,9.140576474687263e-06,0.94666176314937,94.666176314937,,,,,16.905906200408936,,,,stage4_sft,,11520,,logs/stage4_sft_train_latest.log,,1440,,0.6888732532235421,51809,35169.11508414681,,45145.997523258055,,
,,,,,,,train,,,,1.9731805324554443,9.125942975474403e-06,0.9465682823171588,94.65682823171588,,,,,16.905906200408936,,,,stage4_sft,,11600,,logs/stage4_sft_train_latest.log,,1450,,0.6888052284574576,50811,34963.6845159777,,45141.53945218794,,
,,,,,,,train,,,,2.1288429498672485,9.111199329963735e-06,0.9462726015241845,94.62726015241844,,,,,16.905906200408936,,,,stage4_sft,,11680,,logs/stage4_sft_train_latest.log,,1460,,0.6885900654523581,52471,35698.29932722042,,45127.43852948574,,
,,,,,,,train,,,,2.0937535762786865,9.096345986027162e-06,0.9463575867519203,94.63575867519202,,,,,16.905906200408936,,,,stage4_sft,,11760,,logs/stage4_sft_train_latest.log,,1470,,0.6886519080793505,52527,35598.27648877344,,45131.491447888315,,
,,,,,,,train,,,,2.0208839774131775,9.081383394868924e-06,0.9461570802758743,94.61570802758743,,,,,16.905906200408936,,,,stage4_sft,,11840,,logs/stage4_sft_train_latest.log,,1480,,0.6885060021667818,51067,35239.87155950261,,45121.92935800221,,
,,,,,,,train,,,,1.9723057746887207,9.066312011011894e-06,0.9457537771176457,94.57537771176457,,,,,16.905906200408936,,,,stage4_sft,,11920,,logs/stage4_sft_train_latest.log,,1490,,0.688212523788908,55126,36314.15320899314,,45102.69595902987,,
,,,,,,,train,,,,1.9857026934623718,9.051132292283772e-06,0.9459620614194267,94.59620614194267,,,,,16.905906200408936,,,,stage4_sft,,12000,,logs/stage4_sft_train_latest.log,,1500,,0.6883640895224662,52046,35764.98881727402,,45112.628970944344,,
,,,,,,,eval,,,,1.9812197983264923,,,,,,,,,7.2515830613925205,,,stage4_sft,,,,logs/stage4_sft_train_latest.log,,1500,,,87132.0,,,,,
,,,,,,,checkpoint,,,,,,,,,,,runs/l20-edu-135m-stage4-sft-anti-forgetting/step-001500,,,,,stage4_sft,,,,logs/stage4_sft_train_latest.log,,1500,,,,,,,,
,,,,,,,train,,,,1.9800931811332703,9.035844699803179e-06,0.8059941618848275,80.59941618848275,,,,,16.905906200408936,,,,stage4_sft,,12080,,logs/stage4_sft_train_latest.log,,1510,,0.586511298956073,54806,31365.86180348214,,38437.6044883852,,
,,,,,,,train,,,,2.069128632545471,9.020449697965645e-06,0.9457004596612881,94.57004596612882,,,,,16.905906200408936,,,,stage4_sft,,12160,,logs/stage4_sft_train_latest.log,,1520,,0.6881737253806015,52488,35135.46654040453,,45100.1532665431,,
,,,,,,,train,,,,1.8695335388183594,9.004947754429508e-06,0.9466040991669823,94.66040991669823,,,,,16.905906200408936,,,,stage4_sft,,12240,,logs/stage4_sft_train_latest.log,,1530,,0.6888312919056907,53839,36573.221911215885,,45143.247546331346,,
,,,,,,,train,,,,2.100099802017212,8.989339340101698e-06,0.946051183399546,94.6051183399546,,,,,16.905906200408936,,,,stage4_sft,,12320,,logs/stage4_sft_train_latest.log,,1540,,0.6884289424094934,53166,35839.95495630943,,45116.87916974856,,
,,,,,,,train,,,,1.9608904719352722,8.973624929123444e-06,0.9461882994533575,94.61882994533575,,,,,16.905906200408936,,,,stage4_sft,,12400,,logs/stage4_sft_train_latest.log,,1550,,0.6885287199496193,52052,36261.43388901869,,45123.41819061825,,
,,,,,,,train,,,,2.058470368385315,8.957804998855866e-06,0.9462283282486786,94.62283282486787,,,,,16.905906200408936,,,,stage4_sft,,12480,,logs/stage4_sft_train_latest.log,,1560,,0.6885578483749226,50474,35052.75866614637,,45125.32715109893,,
,,,,,,,train,,,,1.9821446537971497,8.941880029865469e-06,0.9462885875247965,94.62885875247964,,,,,16.905906200408936,,,,stage4_sft,,12560,,logs/stage4_sft_train_latest.log,,1570,,0.6886016982537201,51759,35908.03073764796,,45128.2008967558,,
,,,,,,,train,,,,2.010227918624878,8.92585050590955e-06,0.9463030359783706,94.63030359783706,,,,,16.905906200408936,,,,stage4_sft,,12640,,logs/stage4_sft_train_latest.log,,1580,,0.688612212202424,53860,35039.96355669913,,45128.88993889806,,
,,,,,,,train,,,,1.9986575841903687,8.909716913921509e-06,0.9462210585068068,94.62210585068068,,,,,16.905906200408936,,,,stage4_sft,,12720,,logs/stage4_sft_train_latest.log,,1590,,0.6885525582798452,52665,36385.389402949346,,45124.980459427934,,
,,,,,,,train,,,,2.0911471247673035,8.893479743996034e-06,0.9459842006085392,94.59842006085391,,,,,16.905906200408936,,,,stage4_sft,,12800,,logs/stage4_sft_train_latest.log,,1600,,0.6883801999177745,50513,36361.34356797672,,45113.68478181127,,
,,,,,,,train,,,,2.1271082162857056,8.877139489374248e-06,0.9462609657953632,94.62609657953632,,,,,16.905906200408936,,,,stage4_sft,,12880,,logs/stage4_sft_train_latest.log,,1610,,0.6885815982862817,54022,36547.15691064269,,45126.88362528976,,
,,,,,,,train,,,,2.016134738922119,8.860696646428693e-06,0.9462553266866124,94.62553266866124,,,,,16.905906200408936,,,,stage4_sft,,12960,,logs/stage4_sft_train_latest.log,,1620,,0.6885774947813746,52249,35015.33619137403,,45126.61469799217,,
,,,,,,,train,,,,2.0319979190826416,8.844151714648274e-06,0.9468708987113419,94.68708987113419,,,,,16.905906200408936,,,,stage4_sft,,13040,,logs/stage4_sft_train_latest.log,,1630,,0.6890254384078903,44935,35864.325289481414,,45155.9711314995,,
,,,,,,,train,,,,2.0738296508789062,8.827505196623074e-06,0.9469797641403561,94.69797641403561,,,,,16.905906200408936,,,,stage4_sft,,13120,,logs/stage4_sft_train_latest.log,,1640,,0.6891046583417335,52942,35279.88446172423,,45161.16288908385,,
,,,,,,,train,,,,1.9743751287460327,8.810757598029094e-06,0.9460230165547167,94.60230165547166,,,,,16.905906200408936,,,,stage4_sft,,13200,,logs/stage4_sft_train_latest.log,,1650,,0.688408445768786,51871,35771.836908328005,,45115.53590190316,,
,,,,,,,train,,,,2.08490788936615,8.793909427612878e-06,0.9464270933308028,94.64270933308028,,,,,16.905906200408936,,,,stage4_sft,,13280,,logs/stage4_sft_train_latest.log,,1660,,0.68870248709815,46152,36097.032326524044,,45134.806194464356,,
,,,,,,,train,,,,2.06830096244812,8.776961197176081e-06,0.9463450477520164,94.63450477520165,,,,,16.905906200408936,,,,stage4_sft,,13360,,logs/stage4_sft_train_latest.log,,1670,,0.6886427836148457,53681,35932.00316345541,,45130.893466982525,,
,,,,,,,train,,,,1.8815689086914062,8.759913421559902e-06,0.9461182222674152,94.61182222674151,,,,,16.905906200408936,,,,stage4_sft,,13440,,logs/stage4_sft_train_latest.log,,1680,,0.6884777257076038,51540,35420.04470670652,,45120.07623197352,,
,,,,,,,train,,,,1.9852240085601807,8.742766618629453e-06,0.9461886722321022,94.61886722321023,,,,,16.905906200408936,,,,stage4_sft,,13520,,logs/stage4_sft_train_latest.log,,1690,,0.6885289912157849,51735,35867.81615100037,,45123.43596831768,,
,,,,,,,train,,,,2.0277633666992188,8.725521309258031e-06,0.9456909016375348,94.56909016375347,,,,,16.905906200408936,,,,stage4_sft,,13600,,logs/stage4_sft_train_latest.log,,1700,,0.6881667701330426,50158,35176.33262212061,,45099.69744743908,,
,,,,,,,train,,,,2.0243430137634277,8.708178017311287e-06,0.9464890720361886,94.64890720361886,,,,,16.905906200408936,,,,stage4_sft,,13680,,logs/stage4_sft_train_latest.log,,1710,,0.6887475881829004,53087,36123.364630257944,,45137.76193915456,,
,,,,,,,train,,,,2.060613751411438,8.690737269631318e-06,0.9464214367017595,94.64214367017595,,,,,16.905906200408936,,,,stage4_sft,,13760,,logs/stage4_sft_train_latest.log,,1720,,0.6886983708439577,50717,34682.57447635337,,45134.53643162961,,
,,,,,,,train,,,,2.005983352661133,8.673199596020662e-06,0.9462172217436322,94.62172217436321,,,,,16.905906200408936,,,,stage4_sft,,13840,,logs/stage4_sft_train_latest.log,,1730,,0.6885497663179926,52851,35983.61078777829,,45124.79748541596,,
,,,,,,,train,,,,2.0691646337509155,8.655565529226199e-06,0.9461667253839195,94.61667253839195,,,,,16.905906200408936,,,,stage4_sft,,13920,,logs/stage4_sft_train_latest.log,,1740,,0.688513020784429,52701,36343.297504710245,,45122.38933012834,,
,,,,,,,train,,,,2.0480430126190186,8.63783560492298e-06,0.9462929841580526,94.62929841580527,,,,,16.905906200408936,,,,stage4_sft,,14000,,logs/stage4_sft_train_latest.log,,1750,,0.6886048976256313,48503,35423.282004147484,,45128.41057079337,,
,,,,,,,train,,,,2.173409581184387,8.62001036169794e-06,0.9461636190474618,94.61636190474619,,,,,16.905906200408936,,,,stage4_sft,,14080,,logs/stage4_sft_train_latest.log,,1760,,0.6885107603444445,53956,36433.717351918865,,45122.24118993351,,
,,,,,,,train,,,,1.9865641593933105,8.602090341033547e-06,0.9462689196938633,94.62689196938634,,,,,16.905906200408936,,,,stage4_sft,,14160,,logs/stage4_sft_train_latest.log,,1770,,0.6885873862330953,53716,36095.95736255473,,45127.26294417214,,
,,,,,,,train,,,,2.072083055973053,8.58407608729135e-06,0.946208336727318,94.62083367273179,,,,,16.905906200408936,,,,stage4_sft,,14240,,logs/stage4_sft_train_latest.log,,1780,,0.688543300809052,52317,35621.030269725416,,45124.37376182203,,
,,,,,,,train,,,,2.0174397230148315,8.56596814769544e-06,0.9459533830158197,94.59533830158196,,,,,16.905906200408936,,,,stage4_sft,,14320,,logs/stage4_sft_train_latest.log,,1790,,0.6883577743628618,51232,35703.12151865599,,45112.21510064451,,
,,,,,,,train,,,,1.978704571723938,8.547767072315835e-06,0.9467083472197849,94.6708347219785,,,,,16.905906200408936,,,,stage4_sft,,14400,,logs/stage4_sft_train_latest.log,,1800,,0.6889071518358916,54444,36351.150336633385,,45148.21910271699,,
,,,,,,,train,,,,1.9698536396026611,8.529473414051763e-06,0.9458908845829127,94.58908845829127,,,,,16.905906200408936,,,,stage4_sft,,14480,,logs/stage4_sft_train_latest.log,,1810,,0.6883122950792635,52073,36137.08380395641,,45109.23457031461,,
,,,,,,,train,,,,2.0487585067749023,8.511087728614863e-06,0.9463637243017468,94.63637243017467,,,,,16.905906200408936,,,,stage4_sft,,14560,,logs/stage4_sft_train_latest.log,,1820,,0.6886563742932404,51826,36511.39024919131,,45131.784145681806,,
,,,,,,,train,,,,1.9868701100349426,8.492610574512317e-06,0.9461530421247865,94.61530421247865,,,,,16.905906200408936,,,,stage4_sft,,14640,,logs/stage4_sft_train_latest.log,,1830,,0.6885030636576065,51280,36592.9050788063,,45121.7367798649,,
,,,,,,,train,,,,1.993019163608551,8.474042513029876e-06,0.9461225086057287,94.61225086057287,,,,,16.905906200408936,,,,stage4_sft,,14720,,logs/stage4_sft_train_latest.log,,1840,,0.6884808448193429,53922,35867.4423321309,,45120.28064608046,,
,,,,,,,train,,,,1.9061702489852905,8.455384108214807e-06,0.945930174114126,94.5930174114126,,,,,16.905906200408936,,,,stage4_sft,,14800,,logs/stage4_sft_train_latest.log,,1850,,0.6883408855518464,51475,35393.79999419039,,45111.1082755258,,
,,,,,,,train,,,,2.00425386428833,8.43663592685876e-06,0.9462283593161913,94.62283593161914,,,,,16.905906200408936,,,,stage4_sft,,14880,,logs/stage4_sft_train_latest.log,,1860,,0.688557870982341,51524,36405.294043004134,,45125.3286326987,,
,,,,,,,train,,,,2.0318866968154907,8.417798538480558e-06,0.9459923051149901,94.59923051149902,,,,,16.905906200408936,,,,stage4_sft,,14960,,logs/stage4_sft_train_latest.log,,1870,,0.6883860974600033,53293,36270.6504435091,,45114.07128313878,,
,,,,,,,train,,,,2.1242010593414307,8.39887251530889e-06,0.9462670554869052,94.62670554869051,,,,,16.905906200408936,,,,stage4_sft,,15040,,logs/stage4_sft_train_latest.log,,1880,,0.6885860296743308,55170,36093.4073416305,,45127.17404073694,,
,,,,,,,train,,,,2.0391098260879517,8.379858432264926e-06,0.9463761394876938,94.63761394876938,,,,,16.905906200408936,,,,stage4_sft,,15120,,logs/stage4_sft_train_latest.log,,1890,,0.6886654086599654,51620,36104.24818057081,,45132.37622193949,,
,,,,,,,train,,,,1.990888237953186,8.360756866944858e-06,0.9460451585971287,94.60451585971286,,,,,16.905906200408936,,,,stage4_sft,,15200,,logs/stage4_sft_train_latest.log,,1900,,0.6884245582404027,53728,35741.69505718105,,45116.59184884303,,
,,,,,,,train,,,,2.0206347703933716,8.34156839960235e-06,0.9462302389045028,94.62302389045027,,,,,16.905906200408936,,,,stage4_sft,,15280,,logs/stage4_sft_train_latest.log,,1910,,0.6885592387339131,51174,35642.924713441644,,45125.41826966573,,
,,,,,,,train,,,,2.033364713191986,8.322293613130917e-06,0.9462964331357038,94.62964331357038,,,,,16.905906200408936,,,,stage4_sft,,15360,,logs/stage4_sft_train_latest.log,,1920,,0.6886074074010836,52501,35834.16543078203,,45128.575051437416,,
,,,,,,,train,,,,1.9763108491897583,8.302933093046212e-06,0.9461080346046703,94.61080346046703,,,,,16.905906200408936,,,,stage4_sft,,15440,,logs/stage4_sft_train_latest.log,,1930,,0.6884703122800725,53475,36573.746093316746,,45119.59038558683,,
,,,,,,,train,,,,2.0154600739479065,8.283487427468244e-06,0.9461057983178244,94.61057983178243,,,,,16.905906200408936,,,,stage4_sft,,15520,,logs/stage4_sft_train_latest.log,,1940,,0.6884686849636912,50727,36086.98113166232,,45119.483737780465,,
,,,,,,,train,,,,2.017404556274414,8.263957207103506e-06,0.9459641417759734,94.59641417759734,,,,,16.905906200408936,,,,stage4_sft,,15600,,logs/stage4_sft_train_latest.log,,1950,,0.6883656033704296,52616,36370.27850999901,,45112.728182484476,,
,,,,,,,train,,,,1.9514575004577637,8.244343025227041e-06,0.9463069977282,94.63069977282001,,,,,16.905906200408936,,,,stage4_sft,,15680,,logs/stage4_sft_train_latest.log,,1960,,0.6886150951154132,53839,36005.342032261564,,45129.07887348372,,
,,,,,,,train,,,,1.9493671655654907,8.224645477664416e-06,0.9463190540807748,94.63190540807747,,,,,16.905906200408936,,,,stage4_sft,,15760,,logs/stage4_sft_train_latest.log,,1970,,0.6886238683638356,51810,35773.80337434075,,45129.65383709233,,
,,,,,,,train,,,,1.9841727018356323,8.204865162773613e-06,0.9460711061663257,94.60711061663257,,,,,16.905906200408936,,,,stage4_sft,,15840,,logs/stage4_sft_train_latest.log,,1980,,0.6884434399435642,51578,35417.454678304624,,45117.82928014142,,
,,,,,,,train,,,,1.988427758216858,8.185002681426868e-06,0.9458861036220968,94.58861036220968,,,,,16.905906200408936,,,,stage4_sft,,15920,,logs/stage4_sft_train_latest.log,,1990,,0.6883088160372667,50422,35897.02552838355,,45109.00656781831,,
,,,,,,,train,,,,2.0774824619293213,8.165058636992411e-06,0.9459478407197329,94.5947840719733,,,,,16.905906200408936,,,,stage4_sft,,16000,,logs/stage4_sft_train_latest.log,,2000,,0.6883537413072508,54428,36511.52147567094,,45111.95079031199,,
,,,,,,,eval,,,,1.9759935177862644,,,,,,,,,7.213783116549956,,,stage4_sft,,,,logs/stage4_sft_train_latest.log,,2000,,,87132.0,,,,,
,,,,,,,checkpoint,,,,,,,,,,,runs/l20-edu-135m-stage4-sft-anti-forgetting/step-002000,,,,,stage4_sft,,,,logs/stage4_sft_train_latest.log,,2000,,,,,,,,
,,,,,,,train,,,,2.0349565744400024,8.14503363531613e-06,0.8056780769641005,80.56780769641006,,,,,16.905906200408936,,,,stage4_sft,,16080,,logs/stage4_sft_train_latest.log,,2010,,0.5862812881368848,52294,30603.23833132844,,38422.530499338885,,
,,,,,,,train,,,,2.011029005050659,8.12492828470318e-06,0.9454172455390004,94.54172455390004,,,,,16.905906200408936,,,,stage4_sft,,16160,,logs/stage4_sft_train_latest.log,,2020,,0.6879676342069916,51319,34806.82809477827,,45086.6468753894,,
,,,,,,,train,,,,2.0075151920318604,8.104743195899498e-06,0.9459134550960234,94.59134550960235,,,,,16.905906200408936,,,,stage4_sft,,16240,,logs/stage4_sft_train_latest.log,,2030,,0.6883287193433446,52304,35823.44870237696,,45110.31095088543,,
,,,,,,,train,,,,2.0237401723861694,8.084478982073247e-06,0.9460651432237452,94.60651432237452,,,,,16.905906200408936,,,,stage4_sft,,16320,,logs/stage4_sft_train_latest.log,,2040,,0.6884391007890591,53172,36055.483337805235,,45117.54490931178,,
,,,,,,,train,,,,2.122071146965027,8.064136258796199e-06,0.9461624386449559,94.61624386449559,,,,,16.905906200408936,,,,stage4_sft,,16400,,logs/stage4_sft_train_latest.log,,2050,,0.688509901381142,52720,35344.036128489686,,45122.18489691452,,
,,,,,,,train,,,,2.1485246419906616,8.043715644025025e-06,0.9463101982248344,94.63101982248344,,,,,16.905906200408936,,,,stage4_sft,,16480,,logs/stage4_sft_train_latest.log,,2060,,0.6886174240745138,47388,35179.81151414913,,45129.231504147334,,
,,,,,,,train,,,,1.956667721271515,8.023217758082529e-06,0.9460884363948798,94.60884363948799,,,,,16.905906200408936,,,,stage4_sft,,16560,,logs/stage4_sft_train_latest.log,,2070,,0.6884560509218332,52195,36139.8807826958,,45118.65575321326,,
,,,,,,,train,,,,2.035042881965637,8.002643223638803e-06,0.9462552956173289,94.62552956173289,,,,,16.905906200408936,,,,stage4_sft,,16640,,logs/stage4_sft_train_latest.log,,2080,,0.6885774721726676,53851,36059.28734724382,,45126.613216307946,,
,,,,,,,train,,,,2.0346814393997192,7.981992665692316e-06,0.9462692925361363,94.62692925361364,,,,,16.905906200408936,,,,stage4_sft,,16720,,logs/stage4_sft_train_latest.log,,2090,,0.6885876575454897,51389,34835.30530139755,,45127.28072490121,,
,,,,,,,train,,,,2.0932483673095703,7.961266711550922e-06,0.9461869326004727,94.61869326004727,,,,,16.905906200408936,,,,stage4_sft,,16800,,logs/stage4_sft_train_latest.log,,2100,,0.6885277253088403,54150,35128.684545257034,,45123.35300584016,,
,,,,,,,train,,,,2.013494849205017,7.940465990812803e-06,0.946318634589122,94.6318634589122,,,,,16.905906200408936,,,,stage4_sft,,16880,,logs/stage4_sft_train_latest.log,,2110,,0.6886235631053043,50809,35619.9490122539,,45129.63383166922,,
,,,,,,,train,,,,1.932183861732483,7.919591135347354e-06,0.9464332007012598,94.64332007012598,,,,,16.905906200408936,,,,stage4_sft,,16960,,logs/stage4_sft_train_latest.log,,2120,,0.6887069313509119,50686,34788.377740556076,,45135.09745301336,,
,,,,,,,train,,,,2.0515257120132446,7.898642779275972e-06,0.946231807822778,94.6231807822778,,,,,16.905906200408936,,,,stage4_sft,,17040,,logs/stage4_sft_train_latest.log,,2130,,0.688560380415006,52222,35789.8537411351,,45125.49309087783,,
,,,,,,,train,,,,1.985546588897705,7.877621558952817e-06,0.946033792426255,94.6033792426255,,,,,16.905906200408936,,,,stage4_sft,,17120,,logs/stage4_sft_train_latest.log,,2140,,0.6884162872280821,51436,35879.98152381275,,45116.04979977959,,
,,,,,,,train,,,,2.126619815826416,7.856528112945452e-06,0.9462010983583485,94.62010983583485,,,,,16.905906200408936,,,,stage4_sft,,17200,,logs/stage4_sft_train_latest.log,,2150,,0.688538033543621,51605,36012.742476038715,,45124.028566314744,,
,,,,,,,train,,,,2.0388081073760986,7.83536308201547e-06,0.9463068889738404,94.63068889738405,,,,,16.905906200408936,,,,stage4_sft,,17280,,logs/stage4_sft_train_latest.log,,2160,,0.688615015976303,53542,36010.0893379568,,45129.073687022996,,
,,,,,,,train,,,,1.9826317429542542,7.814127109099015e-06,0.9458259266345647,94.58259266345647,,,,,16.905906200408936,,,,stage4_sft,,17360,,logs/stage4_sft_train_latest.log,,2170,,0.6882650260387856,53678,35846.563218665055,,45106.13674647785,,
,,,,,,,train,,,,2.0609097480773926,7.792820839287257e-06,0.9460840416621392,94.60840416621392,,,,,16.905906200408936,,,,stage4_sft,,17440,,logs/stage4_sft_train_latest.log,,2180,,0.6884528529329019,51793,35580.551499992944,,45118.44616981066,,
,,,,,,,train,,,,1.9818368554115295,7.771444919806798e-06,0.9459533830158197,94.59533830158196,,,,,16.905906200408936,,,,stage4_sft,,17520,,logs/stage4_sft_train_latest.log,,2190,,0.6883577743628618,49521,35876.58767779543,,45112.21510064451,,
,,,,,,,train,,,,2.0829005241394043,7.75e-06,0.9468351860986405,94.68351860986405,,,,,16.905906200408936,,,,stage4_sft,,17600,,logs/stage4_sft_train_latest.log,,2200,,0.6889994508116332,53963,35756.86669888116,,45154.26800839119,,
,,,,,,,train,,,,1.9663469195365906,7.728486731305277e-06,0.9465736608898807,94.65736608898807,,,,,16.905906200408936,,,,stage4_sft,,17680,,logs/stage4_sft_train_latest.log,,2210,,0.6888091423737398,53411,36214.89835035598,,45141.79595460541,,
,,,,,,,train,,,,1.997764527797699,7.706905767237288e-06,0.9462194430237831,94.62194430237831,,,,,16.905906200408936,,,,stage4_sft,,17760,,logs/stage4_sft_train_latest.log,,2220,,0.6885513827142002,51009,35764.529355526174,,45124.90341755783,,
,,,,,,,train,,,,2.06081485748291,7.685257763367098e-06,0.946713043198203,94.67130431982031,,,,,16.905906200408936,,,,stage4_sft,,17840,,logs/stage4_sft_train_latest.log,,2230,,0.6889105690373207,54137,35553.50332004876,,45148.44305242985,,
,,,,,,,train,,,,2.1006656885147095,7.663543377302257e-06,0.9455964334478997,94.55964334478996,,,,,16.905906200408936,,,,stage4_sft,,17920,,logs/stage4_sft_train_latest.log,,2240,,0.6880980268800104,53507,36153.771289118755,,45095.19228960836,,
,,,,,,,train,,,,2.0270026326179504,7.641763268666832e-06,0.9462944911406905,94.62944911406905,,,,,16.905906200408936,,,,stage4_sft,,18000,,logs/stage4_sft_train_latest.log,,2250,,0.6886059942369793,55338,36366.866349441625,,45128.48243831468,,
,,,,,,,train,,,,1.982306182384491,7.6199180990813535e-06,0.9462825441627193,94.62825441627193,,,,,16.905906200408936,,,,stage4_sft,,18080,,logs/stage4_sft_train_latest.log,,2260,,0.6885973005790103,52072,36589.58160248652,,45127.912690746016,,
,,,,,,,train,,,,2.006478428840637,7.598008532142731e-06,0.9461370762342038,94.61370762342038,,,,,16.905906200408936,,,,stage4_sft,,18160,,logs/stage4_sft_train_latest.log,,2270,,0.6884914454900471,53020,35834.60275486598,,45120.97537163573,,
,,,,,,,train,,,,2.051152467727661,7.576035233404097e-06,0.9462225963275026,94.62225963275026,,,,,16.905906200408936,,,,stage4_sft,,18240,,logs/stage4_sft_train_latest.log,,2280,,0.6885536773316404,52852,36009.98021709013,,45125.053797606386,,
,,,,,,,train,,,,2.0643439888954163,7.553998870354571e-06,0.9463927971700447,94.63927971700447,,,,,16.905906200408936,,,,stage4_sft,,18320,,logs/stage4_sft_train_latest.log,,2290,,0.6886775302352512,52276,34451.78212754868,,45133.170621497426,,
,,,,,,,train,,,,2.128868579864502,7.531900112399004e-06,0.9466832354106501,94.668323541065,,,,,16.905906200408936,,,,stage4_sft,,18400,,logs/stage4_sft_train_latest.log,,2300,,0.6888888783042815,51738,35460.62389960072,,45147.02152854939,,
,,,,,,,train,,,,1.885349452495575,7.50973963083763e-06,0.9463268380489188,94.63268380489188,,,,,16.905906200408936,,,,stage4_sft,,18480,,logs/stage4_sft_train_latest.log,,2310,,0.688629532654575,50666,35368.28824895204,,45130.02505205023,,
,,,,,,,train,,,,1.9270691871643066,7.487518098845684e-06,0.9467120946690063,94.67120946690063,,,,,16.905906200408936,,,,stage4_sft,,18560,,logs/stage4_sft_train_latest.log,,2320,,0.6889098788051607,54773,36089.7840389902,,45148.397817375015,,
,,,,,,,train,,,,2.0467833280563354,7.4652361914529405e-06,0.9464273575156799,94.64273575156798,,,,,16.905906200408936,,,,stage4_sft,,18640,,logs/stage4_sft_train_latest.log,,2330,,0.6887026793419935,51579,35585.88727401221,,45134.818793356884,,
,,,,,,,train,,,,1.9933804273605347,7.442894585523218e-06,0.946594678326592,94.6594678326592,,,,,16.905906200408936,,,,stage4_sft,,18720,,logs/stage4_sft_train_latest.log,,2340,,0.6888244364846519,44811,34594.829673568674,,45142.798269458144,,
,,,,,,,train,,,,2.0332250595092773,7.420493959733817e-06,0.9462780388787455,94.62780388787455,,,,,16.905906200408936,,,,stage4_sft,,18800,,logs/stage4_sft_train_latest.log,,2350,,0.6885940221434079,52897,36764.7234362587,,45127.69783519038,,
,,,,,,,train,,,,1.9867297410964966,7.398034994554895e-06,0.9460120701354129,94.60120701354128,,,,,16.905906200408936,,,,stage4_sft,,18880,,logs/stage4_sft_train_latest.log,,2360,,0.6884004802041351,52227,35738.10440965361,,45115.0138706582,,
,,,,,,,train,,,,1.9995726943016052,7.375518372228807e-06,0.9464684322879768,94.64684322879768,,,,,16.905906200408936,,,,stage4_sft,,18960,,logs/stage4_sft_train_latest.log,,2370,,0.6887325689109177,41094,34630.64441020809,,45136.777636145904,,
,,,,,,,train,,,,2.061279058456421,7.352944776749374e-06,0.946343214320148,94.6343214320148,,,,,16.905906200408936,,,,stage4_sft,,19040,,logs/stage4_sft_train_latest.log,,2380,,0.688641449450707,53092,35670.18093450278,,45130.80603120154,,
,,,,,,,train,,,,1.9618290066719055,7.330314893841102e-06,0.9460008910750316,94.60008910750317,,,,,16.905906200408936,,,,stage4_sft,,19120,,logs/stage4_sft_train_latest.log,,2390,,0.6883923453496469,52728,36425.59256183122,,45114.48074483446,,
,,,,,,,train,,,,2.023405909538269,7.307629410938364e-06,0.9463488389387517,94.63488389387517,,,,,16.905906200408936,,,,stage4_sft,,19200,,logs/stage4_sft_train_latest.log,,2400,,0.6886455424113256,54538,36254.639819449374,,45131.07426746863,,
,,,,,,,train,,,,2.0007318258285522,7.284889017164504e-06,0.946246705038706,94.6246705038706,,,,,16.905906200408936,,,,stage4_sft,,19280,,logs/stage4_sft_train_latest.log,,2410,,0.6885712209221435,53630,36242.73964187074,,45126.2035343536,,
,,,,,,,train,,,,1.9810408353805542,7.262094403310912e-06,0.9452910497983416,94.52910497983416,,,,,16.905906200408936,,,,stage4_sft,,19360,,logs/stage4_sft_train_latest.log,,2420,,0.6878758032344154,54003,35303.64348665893,,45080.62864077065,,
,,,,,,,train,,,,2.016972064971924,7.239246261816035e-06,0.9457546306182496,94.57546306182496,,,,,16.905906200408936,,,,stage4_sft,,19440,,logs/stage4_sft_train_latest.log,,2430,,0.6882131448700168,54186,35837.942484646774,,45102.73666220142,,
,,,,,,,train,,,,1.9761393666267395,7.216345286744349e-06,0.9458907448788267,94.58907448788267,,,,,16.905906200408936,,,,stage4_sft,,19520,,logs/stage4_sft_train_latest.log,,2440,,0.6883121934184466,51840,36353.13966417591,,45109.22790787132,,
,,,,,,,train,,,,2.0103297233581543,7.193392173765261e-06,0.9453857981113191,94.53857981113191,,,,,16.905906200408936,,,,stage4_sft,,19600,,logs/stage4_sft_train_latest.log,,2450,,0.6879447503295015,53528,35821.48953308224,,45085.14715759421,,
,,,,,,,train,,,,2.07296884059906,7.1703876201319935e-06,0.9461514113427721,94.61514113427721,,,,,16.905906200408936,,,,stage4_sft,,19680,,logs/stage4_sft_train_latest.log,,2460,,0.6885018769590883,56021,35219.5561637775,,45121.65900839081,,
,,,,,,,train,,,,2.0118001103401184,7.147332324660396e-06,0.946430698690091,94.6430698690091,,,,,16.905906200408936,,,,stage4_sft,,19760,,logs/stage4_sft_train_latest.log,,2470,,0.6887051106704528,53491,36139.18084783241,,45134.978132898796,,
,,,,,,,train,,,,1.9962077736854553,7.124226987707717e-06,0.9461077861278321,94.61077861278321,,,,,16.905906200408936,,,,stage4_sft,,19840,,logs/stage4_sft_train_latest.log,,2480,,0.6884701314667614,53894,36320.654867607875,,45119.578535805675,,
,,,,,,,train,,,,1.9525850415229797,7.101072311151325e-06,0.9462953300815583,94.62953300815583,,,,,16.905906200408936,,,,stage4_sft,,19920,,logs/stage4_sft_train_latest.log,,2490,,0.6886066047231607,52148,35732.76076833142,,45128.52244713706,,
,,,,,,,train,,,,2.1155606508255005,7.0778689983673955e-06,0.9460814793809729,94.60814793809729,,,,,16.905906200408936,,,,stage4_sft,,20000,,logs/stage4_sft_train_latest.log,,2500,,0.6884509883947624,52755,36210.594326797,,45118.32397543915,,
,,,,,,,eval,,,,1.9739330559968948,,,,,,,,,7.198934694637748,,,stage4_sft,,,,logs/stage4_sft_train_latest.log,,2500,,,87132.0,,,,,
,,,,,,,checkpoint,,,,,,,,,,,runs/l20-edu-135m-stage4-sft-anti-forgetting/step-002500,,,,,stage4_sft,,,,logs/stage4_sft_train_latest.log,,2500,,,,,,,,
,,,,,,,train,,,,1.9814775586128235,7.05461775420954e-06,0.8050571412194181,80.5057141219418,,,,,16.905906200408936,,,,stage4_sft,,20080,,logs/stage4_sft_train_latest.log,,2510,,0.5858294414022506,53451,30474.554627024372,,38392.91827173789,,
,,,,,,,train,,,,2.0468050241470337,7.031319284987395e-06,0.945651119990911,94.5651119990911,,,,,16.905906200408936,,,,stage4_sft,,20160,,logs/stage4_sft_train_latest.log,,2520,,0.6881378215545797,52852,35412.673317713154,,45097.800273400935,,
,,,,,,,train,,,,2.055664837360382,7.0079742984451635e-06,0.945315064551388,94.5315064551388,,,,,16.905906200408936,,,,stage4_sft,,20240,,logs/stage4_sft_train_latest.log,,2530,,0.6878932784528096,53266,36136.34091435515,,45081.77389668333,,
,,,,,,,train,,,,1.9703282117843628,6.984583503740123e-06,0.94529163891261,94.529163891261,,,,,16.905906200408936,,,,stage4_sft,,20320,,logs/stage4_sft_train_latest.log,,2540,,0.6878762319250824,52915,36035.08428562737,,45080.6567354422,,
,,,,,,,train,,,,1.9600467681884766,6.961147611421076e-06,0.9466123231231912,94.66123231231911,,,,,16.905906200408936,,,,stage4_sft,,20400,,logs/stage4_sft_train_latest.log,,2550,,0.6888372763699298,53394,35826.22009281714,,45143.639744179716,,
,,,,,,,train,,,,1.9530161023139954,6.937667333406767e-06,0.9467641732893828,94.67641732893827,,,,,16.905906200408936,,,,stage4_sft,,20480,,logs/stage4_sft_train_latest.log,,2560,,0.6889477757288971,49955,35571.13150343626,,45150.881430169,,
,,,,,,,train,,,,1.9857454895973206,6.914143382964259e-06,0.9468153866689073,94.68153866689073,,,,,16.905906200408936,,,,stage4_sft,,20560,,logs/stage4_sft_train_latest.log,,2570,,0.6889850430283011,53647,35676.74790407428,,45153.32377990274,,
,,,,,,,train,,,,2.0310537815093994,6.890576474687264e-06,0.9461031427409253,94.61031427409253,,,,,16.905906200408936,,,,stage4_sft,,20640,,logs/stage4_sft_train_latest.log,,2580,,0.68846675253548,51359,35644.058025694656,,45119.357094165214,,
,,,,,,,train,,,,2.094531297683716,6.866967324474436e-06,0.9458168937627222,94.58168937627221,,,,,16.905906200408936,,,,stage4_sft,,20720,,logs/stage4_sft_train_latest.log,,2590,,0.6882584529373312,47558,35193.88951341456,,45105.70597170094,,
,,,,,,,train,,,,1.9866160154342651,6.843316649507627e-06,0.9462346194616146,94.62346194616146,,,,,16.905906200408936,,,,stage4_sft,,20800,,logs/stage4_sft_train_latest.log,,2600,,0.6885624264074266,52529,36513.9146224447,,45125.62717703711,,
,,,,,,,train,,,,2.0912437438964844,6.819625168230093e-06,0.9454834656517632,94.54834656517632,,,,,16.905906200408936,,,,stage4_sft,,20880,,logs/stage4_sft_train_latest.log,,2610,,0.6880158217078324,48946,36058.083596721444,,45089.8048914445,,
,,,,,,,train,,,,2.0070137977600098,6.795893600324678e-06,0.9455675025587066,94.55675025587065,,,,,16.905906200408936,,,,stage4_sft,,20960,,logs/stage4_sft_train_latest.log,,2620,,0.6880769742543178,53648,36261.72535089997,,45093.81258473097,,
,,,,,,,train,,,,2.137245774269104,6.772122666691951e-06,0.945385208879683,94.5385208879683,,,,,16.905906200408936,,,,stage4_sft,,21040,,logs/stage4_sft_train_latest.log,,2630,,0.6879443215534278,52501,35546.49586125855,,45085.11905732544,,
,,,,,,,train,,,,2.012558102607727,6.748313089428301e-06,0.9457408661691463,94.57408661691463,,,,,16.905906200408936,,,,stage4_sft,,21120,,logs/stage4_sft_train_latest.log,,2640,,0.688203128662326,51724,36130.388973520654,,45102.0802400142,,
,,,,,,,train,,,,2.1431857347488403,6.724465591804008e-06,0.9451863541507295,94.51863541507295,,,,,16.905906200408936,,,,stage4_sft,,21200,,logs/stage4_sft_train_latest.log,,2650,,0.6877996175953874,50672,35322.70594119048,,45075.63573873131,,
,,,,,,,train,,,,2.050675868988037,6.700580898241268e-06,0.9458953085669792,94.58953085669792,,,,,16.905906200408936,,,,stage4_sft,,21280,,logs/stage4_sft_train_latest.log,,2660,,0.6883155143539978,53269,36316.28368438272,,45109.4455487036,,
,,,,,,,train,,,,2.02395498752594,6.676659734292189e-06,0.9458506980756601,94.58506980756601,,,,,16.905906200408936,,,,stage4_sft,,21360,,logs/stage4_sft_train_latest.log,,2670,,0.688283051889072,54411,35656.64115972375,,45107.318088602224,,
,,,,,,,train,,,,1.9379470348358154,6.6527028266167515e-06,0.9456235354631698,94.56235354631698,,,,,16.905906200408936,,,,stage4_sft,,21440,,logs/stage4_sft_train_latest.log,,2680,,0.688117748658321,53352,35925.73310437768,,45096.484776071724,,
,,,,,,,train,,,,2.025533139705658,6.628710902960731e-06,0.9456401821762858,94.56401821762857,,,,,16.905906200408936,,,,stage4_sft,,21520,,logs/stage4_sft_train_latest.log,,2690,,0.6881298622514397,51410,35907.44196811483,,45097.27865251035,,
,,,,,,,train,,,,1.9291703701019287,6.604684692133597e-06,0.9454793401934699,94.547934019347,,,,,16.905906200408936,,,,stage4_sft,,21600,,logs/stage4_sft_train_latest.log,,2700,,0.6880128196663576,52405,35554.851289590166,,45089.608149654414,,
,,,,,,,train,,,,1.9921197295188904,6.580624923986364e-06,0.9455959835706569,94.55959835706568,,,,,16.905906200408936,,,,stage4_sft,,21680,,logs/stage4_sft_train_latest.log,,2710,,0.6880976995102868,51638,35685.29717476308,,45095.17083510615,,
,,,,,,,train,,,,1.9629969596862793,6.556532329389435e-06,0.9458388554265912,94.58388554265912,,,,,16.905906200408936,,,,stage4_sft,,21760,,logs/stage4_sft_train_latest.log,,2720,,0.6882744341498662,52346,36103.84840799172,,45106.75331644563,,
,,,,,,,train,,,,2.078493118286133,6.532407640210383e-06,0.9456337282086249,94.5633728208625,,,,,16.905906200408936,,,,stage4_sft,,21840,,logs/stage4_sft_train_latest.log,,2730,,0.6881251657844735,51415,36329.224065008384,,45096.97086485125,,
,,,,,,,train,,,,1.985956609249115,6.508251589291732e-06,0.9453877053661245,94.53877053661245,,,,,16.905906200408936,,,,stage4_sft,,21920,,logs/stage4_sft_train_latest.log,,2740,,0.6879461382136157,51846,36863.043459266024,,45085.23811396752,,
,,,,,,,train,,,,2.024681031703949,6.484064910428692e-06,0.945666386810541,94.5666386810541,,,,,16.905906200408936,,,,stage4_sft,,22000,,logs/stage4_sft_train_latest.log,,2750,,0.6881489310174463,54029,36158.30387606,,45098.52834315936,,
,,,,,,,train,,,,2.088101625442505,6.459848338346861e-06,0.9459615956692147,94.59615956692147,,,,,16.905906200408936,,,,stage4_sft,,22080,,logs/stage4_sft_train_latest.log,,2760,,0.6883637506021926,54407,35071.65123855629,,45112.60675946529,,
,,,,,,,train,,,,1.9503180384635925,6.4356026086799176e-06,0.9457675884984639,94.57675884984639,,,,,16.905906200408936,,,,stage4_sft,,22160,,logs/stage4_sft_train_latest.log,,2770,,0.6882225741481873,55373,35977.86739745772,,45103.354619375605,,
,,,,,,,train,,,,1.995692491531372,6.411328457947264e-06,0.9454117095235233,94.54117095235233,,,,,16.905906200408936,,,,stage4_sft,,22240,,logs/stage4_sft_train_latest.log,,2780,,0.6879636057216971,51725,36527.42764579351,,45086.38286457714,,
,,,,,,,train,,,,1.9393153190612793,6.387026623531661e-06,0.9457397954452564,94.57397954452564,,,,,16.905906200408936,,,,stage4_sft,,22320,,logs/stage4_sft_train_latest.log,,2790,,0.6882023495107029,54136,35856.30589279694,,45102.029177533426,,
,,,,,,,train,,,,2.003761053085327,6.362697843656823e-06,0.945752225302313,94.5752225302313,,,,,16.905906200408936,,,,stage4_sft,,22400,,logs/stage4_sft_train_latest.log,,2800,,0.6882113945534002,52219,35846.1786967084,,45102.621953451635,,
,,,,,,,train,,,,2.015321433544159,6.338342857364994e-06,0.9455524095589083,94.55524095589082,,,,,16.905906200408936,,,,stage4_sft,,22480,,logs/stage4_sft_train_latest.log,,2810,,0.6880659912778454,49907,35902.18251929193,,45093.092804384876,,
,,,,,,,train,,,,1.9830875992774963,6.313962404494496e-06,0.9456953547836544,94.56953547836544,,,,,16.905906200408936,,,,stage4_sft,,22560,,logs/stage4_sft_train_latest.log,,2820,,0.6881700106286176,52324,35738.66434497493,,45099.90981655708,,
,,,,,,,train,,,,2.052616834640503,6.289557225657258e-06,0.9457073955559856,94.57073955559856,,,,,16.905906200408936,,,,stage4_sft,,22640,,logs/stage4_sft_train_latest.log,,2830,,0.6881787725395028,48982,35358.969422465925,,45100.48403714885,,
,,,,,,,train,,,,2.109882354736328,6.265128062216319e-06,0.9454336368669485,94.54336368669485,,,,,16.905906200408936,,,,stage4_sft,,22720,,logs/stage4_sft_train_latest.log,,2840,,0.6879795619596988,52698,35132.089119209195,,45087.42857259082,,
,,,,,,,train,,,,2.042943239212036,6.240675656263303e-06,0.9459136413770918,94.59136413770918,,,,,16.905906200408936,,,,stage4_sft,,22800,,logs/stage4_sft_train_latest.log,,2850,,0.6883288548976161,52456,35780.572869516895,,45110.31983457017,,
,,,,,,,train,,,,2.00913405418396,6.216200750595878e-06,0.9454986960389061,94.54986960389061,,,,,16.905906200408936,,,,stage4_sft,,22880,,logs/stage4_sft_train_latest.log,,2860,,0.6880269046592596,53130,35330.80077846718,,45090.53122374924,,
,,,,,,,train,,,,1.9224294424057007,6.191704088695192e-06,0.9456285930232519,94.56285930232518,,,,,16.905906200408936,,,,stage4_sft,,22960,,logs/stage4_sft_train_latest.log,,2870,,0.6881214289779481,51296,36294.207837869995,,45096.72596949881,,
,,,,,,,train,,,,2.0111597776412964,6.167186414703289e-06,0.9452213999632486,94.52213999632487,,,,,16.905906200408936,,,,stage4_sft,,23040,,logs/stage4_sft_train_latest.log,,2880,,0.6878251199699649,52336,36031.65012711461,,45077.30706235162,,
,,,,,,,train,,,,2.019399642944336,6.1426484734005045e-06,0.9459434162442646,94.59434162442646,,,,,16.905906200408936,,,,stage4_sft,,23120,,logs/stage4_sft_train_latest.log,,2890,,0.6883505216749298,53294,35848.813323465176,,45111.7397884882,,
,,,,,,,train,,,,2.022374153137207,6.118091010182837e-06,0.9455349283412361,94.5534928341236,,,,,16.905906200408936,,,,stage4_sft,,23200,,logs/stage4_sft_train_latest.log,,2900,,0.6880532704267907,49804,35606.61913393233,,45092.25913069015,,
,,,,,,,train,,,,2.013760209083557,6.093514771039311e-06,0.9454846598700934,94.54846598700935,,,,,16.905906200408936,,,,stage4_sft,,23280,,logs/stage4_sft_train_latest.log,,2910,,0.6880166907247276,51879,35359.723398099435,,45089.86184333575,,
,,,,,,,train,,,,2.018996477127075,6.068920502529309e-06,0.9455830614174255,94.55830614174255,,,,,16.905906200408936,,,,stage4_sft,,23360,,logs/stage4_sft_train_latest.log,,2920,,0.6880882962301695,53072,36374.480412445075,,45094.55458174039,,
,,,,,,,train,,,,2.0971267223358154,6.044308951759899e-06,0.9455620888784899,94.556208887849,,,,,16.905906200408936,,,,stage4_sft,,23440,,logs/stage4_sft_train_latest.log,,2930,,0.6880730347907755,50198,36369.68282184646,,45093.554408048265,,
,,,,,,,train,,,,1.9756788611412048,6.019680866363139e-06,0.9456878604886754,94.56878604886754,,,,,16.905906200408936,,,,stage4_sft,,23520,,logs/stage4_sft_train_latest.log,,2940,,0.6881645571292118,53360,36259.25288222674,,45099.55241602002,,
,,,,,,,train,,,,2.060106933116913,5.995036994473358e-06,0.9455196967867975,94.55196967867975,,,,,16.905906200408936,,,,stage4_sft,,23600,,logs/stage4_sft_train_latest.log,,2950,,0.6880421866259379,50497,34909.26522705887,,45091.53274271746,,
,,,,,,,train,,,,1.9680678844451904,5.970378084704441e-06,0.9453733778841111,94.53733778841111,,,,,16.905906200408936,,,,stage4_sft,,23680,,logs/stage4_sft_train_latest.log,,2960,,0.6879357122943178,54173,36166.50023459302,,45084.55484092041,,
,,,,,,,train,,,,1.9623497128486633,5.9457048861270836e-06,0.9455268626912002,94.55268626912002,,,,,16.905906200408936,,,,stage4_sft,,23760,,logs/stage4_sft_train_latest.log,,2970,,0.6880474011598615,48599,36092.764913162624,,45091.874482412684,,
,,,,,,,train,,,,1.97191321849823,5.921018148246031e-06,0.9456447589615482,94.56447589615482,,,,,16.905906200408936,,,,stage4_sft,,23840,,logs/stage4_sft_train_latest.log,,2980,,0.6881331927175848,52600,35992.393765177636,,45097.496917939636,,
,,,,,,,train,,,,2.0300793647766113,5.896318620977322e-06,0.9457977732011081,94.57977732011081,,,,,16.905906200408936,,,,stage4_sft,,23920,,logs/stage4_sft_train_latest.log,,2990,,0.688244539157357,54007,35820.306460529886,,45104.794118216545,,
,,,,,,,train,,,,2.0794073343276978,5.871607054625497e-06,0.945605275949564,94.5605275949564,,,,,16.905906200408936,,,,stage4_sft,,24000,,logs/stage4_sft_train_latest.log,,3000,,0.6881044614516022,53064,36329.438388583374,,45095.6139856922,,
,,,,,,,eval,,,,1.9727138578891754,,,,,,,,,7.190163115313445,,,stage4_sft,,,,logs/stage4_sft_train_latest.log,,3000,,,87132.0,,,,,
,,,,,,,checkpoint,,,,,,,,,,,runs/l20-edu-135m-stage4-sft-anti-forgetting/step-003000,,,,,stage4_sft,,,,logs/stage4_sft_train_latest.log,,3000,,,,,,,,
,,,,,,,train,,,,2.0202053785324097,5.846884199860814e-06,0.8042804503909702,80.42804503909701,,,,,16.905906200408936,,,,stage4_sft,,24080,,logs/stage4_sft_train_latest.log,,3010,,0.5852642537517408,49277,30662.34541260595,,38355.87813387409,,
,,,,,,,train,,,,2.131717562675476,5.822150807696443e-06,0.9453613146050625,94.53613146050624,,,,,16.905906200408936,,,,stage4_sft,,24160,,logs/stage4_sft_train_latest.log,,3020,,0.6879269340055918,51669,36156.889309786704,,45083.979546990464,,
,,,,,,,train,,,,2.05365788936615,5.797407629465648e-06,0.9452751749956003,94.52751749956003,,,,,16.905906200408936,,,,stage4_sft,,24240,,logs/stage4_sft_train_latest.log,,3030,,0.6878642513502744,54790,35826.033803076345,,45079.87157649158,,
,,,,,,,train,,,,2.007532477378845,5.772655416798972e-06,0.946382603593309,94.6382603593309,,,,,16.905906200408936,,,,stage4_sft,,24320,,logs/stage4_sft_train_latest.log,,3040,,0.6886701125041869,51929,35708.853806555846,,45132.68449307439,,
,,,,,,,train,,,,1.92998468875885,5.747894921601396e-06,0.9464108229346776,94.64108229346776,,,,,16.905906200408936,,,,stage4_sft,,24400,,logs/stage4_sft_train_latest.log,,3050,,0.688690647345932,53849,36476.29352948308,,45134.030264463,,
,,,,,,,train,,,,2.027915596961975,5.723126896029501e-06,0.9465382971172664,94.65382971172664,,,,,16.905906200408936,,,,stage4_sft,,24480,,logs/stage4_sft_train_latest.log,,3060,,0.6887834086238037,52295,35718.31009934545,,45140.1094675696,,
,,,,,,,train,,,,1.9379301071166992,5.698352092468625e-06,0.9458813382319757,94.58813382319758,,,,,16.905906200408936,,,,stage4_sft,,24560,,logs/stage4_sft_train_latest.log,,3070,,0.6883053483258588,51731,36255.31410397246,,45108.77930788348,,
,,,,,,,train,,,,2.0248745679855347,5.6735712635099975e-06,0.9462451360710288,94.62451360710288,,,,,16.905906200408936,,,,stage4_sft,,24640,,logs/stage4_sft_train_latest.log,,3080,,0.6885700792051016,54374,36674.481844606285,,45126.12871078554,,
,,,,,,,train,,,,1.9625893831253052,5.648785161927888e-06,0.9462268370104698,94.62268370104698,,,,,16.905906200408936,,,,stage4_sft,,24720,,logs/stage4_sft_train_latest.log,,3090,,0.6885567632205876,51634,36143.7904706514,,45125.25603442443,,
,,,,,,,train,,,,1.9674001932144165,5.62399454065673e-06,0.9463646255182976,94.63646255182977,,,,,16.905906200408936,,,,stage4_sft,,24800,,logs/stage4_sft_train_latest.log,,3100,,0.6886570300966134,47288,35526.92092854516,,45131.827124411655,,
,,,,,,,train,,,,2.025423049926758,5.599200152768256e-06,0.946097800572908,94.6097800572908,,,,,16.905906200408936,,,,stage4_sft,,24880,,logs/stage4_sft_train_latest.log,,3110,,0.68846286511042,55114,36915.17228836119,,45119.102327876484,,
,,,,,,,train,,,,2.0716336965560913,5.574402751448614e-06,0.9461512249680427,94.61512249680428,,,,,16.905906200408936,,,,stage4_sft,,24960,,logs/stage4_sft_train_latest.log,,3120,,0.688501741336661,51287,35949.843023197216,,45121.650120239414,,
,,,,,,,train,,,,2.1411430835723877,5.549603089975497e-06,0.9462836005803429,94.62836005803429,,,,,16.905906200408936,,,,stage4_sft,,25040,,logs/stage4_sft_train_latest.log,,3130,,0.6885980693201524,53589,35901.230960723995,,45127.96307096551,,
,,,,,,,train,,,,2.0477495789527893,5.524801921695253e-06,0.9465192095503818,94.65192095503818,,,,,16.905906200408936,,,,stage4_sft,,25120,,logs/stage4_sft_train_latest.log,,3140,,0.6887695188536579,52775,34344.8032881188,,45139.19918759332,,
,,,,,,,train,,,,1.9238056540489197,5.500000000000001e-06,0.9461437855700534,94.61437855700534,,,,,16.905906200408936,,,,stage4_sft,,25200,,logs/stage4_sft_train_latest.log,,3150,,0.6884963277850691,52248,36472.06021992236,,45121.29533772229,,
,,,,,,,train,,,,2.033313035964966,5.475198078304749e-06,0.9466140798658187,94.66140798658186,,,,,16.905906200408936,,,,stage4_sft,,25280,,logs/stage4_sft_train_latest.log,,3160,,0.6888385547283212,51070,36337.33590360651,,45143.72352267526,,
,,,,,,,train,,,,2.0136274099349976,5.450396910024505e-06,0.9462821247034346,94.62821247034347,,,,,16.905906200408936,,,,stage4_sft,,25360,,logs/stage4_sft_train_latest.log,,3170,,0.6885969953440327,52684,36465.82450333534,,45127.89268686653,,
,,,,,,,train,,,,2.081524610519409,5.4255972485513875e-06,0.9468508800291224,94.68508800291224,,,,,16.905906200408936,,,,stage4_sft,,25440,,logs/stage4_sft_train_latest.log,,3180,,0.6890108710774218,51172,35052.73905519275,,45155.01644692991,,
,,,,,,,train,,,,2.046395182609558,5.400799847231746e-06,0.9464903775927016,94.64903775927016,,,,,16.905906200408936,,,,stage4_sft,,25520,,logs/stage4_sft_train_latest.log,,3190,,0.6887485382191196,50592,36348.290855391104,,45137.824200728224,,
,,,,,,,train,,,,2.0595216751098633,5.376005459343272e-06,0.9466252423297222,94.66252423297222,,,,,16.905906200408936,,,,stage4_sft,,25600,,logs/stage4_sft_train_latest.log,,3200,,0.688846677505772,48652,35217.1486181471,,45144.255857018274,,
,,,,,,,train,,,,2.003800630569458,5.351214838072113e-06,0.9461851619105616,94.61851619105616,,,,,16.905906200408936,,,,stage4_sft,,25680,,logs/stage4_sft_train_latest.log,,3210,,0.6885264368011949,52812,35820.381316651125,,45123.268562203106,,
,,,,,,,train,,,,1.9781129360198975,5.326428736490002e-06,0.9465964039120416,94.65964039120416,,,,,16.905906200408936,,,,stage4_sft,,25760,,logs/stage4_sft_train_latest.log,,3220,,0.6888256921703768,52936,36168.51503163606,,45142.880562077815,,
,,,,,,,train,,,,2.069399833679199,5.301647907531376e-06,0.9463117207987936,94.63117207987935,,,,,16.905906200408936,,,,stage4_sft,,25840,,logs/stage4_sft_train_latest.log,,3230,,0.6886185320314603,49762,36059.37170612101,,45129.30411521378,,
,,,,,,,train,,,,1.9161171913146973,5.2768731039705005e-06,0.9455781904933385,94.55781904933384,,,,,16.905906200408936,,,,stage4_sft,,25920,,logs/stage4_sft_train_latest.log,,3240,,0.6880847517230894,51164,35460.17244614872,,45094.322288924384,,
,,,,,,,train,,,,2.0592156648635864,5.252105078398605e-06,0.9451541471552057,94.51541471552058,,,,,16.905906200408936,,,,stage4_sft,,26000,,logs/stage4_sft_train_latest.log,,3250,,0.6877761809904177,51867,35904.04875386088,,45074.099797388015,,
,,,,,,,train,,,,2.0995075702667236,5.227344583201031e-06,0.9459075717566969,94.5907571756697,,,,,16.905906200408936,,,,stage4_sft,,26080,,logs/stage4_sft_train_latest.log,,3260,,0.6883244381150756,53658,35338.7143177156,,45110.030376309594,,
,,,,,,,train,,,,2.0048089027404785,5.202592370534354e-06,0.9463523504748746,94.63523504748747,,,,,16.905906200408936,,,,stage4_sft,,26160,,logs/stage4_sft_train_latest.log,,3270,,0.688648097709751,51549,36199.269309781455,,45131.24173150624,,
,,,,,,,train,,,,2.0451897382736206,5.17784919230356e-06,0.945715479803258,94.5715479803258,,,,,16.905906200408936,,,,stage4_sft,,26240,,logs/stage4_sft_train_latest.log,,3280,,0.6881846553393951,53252,35444.67539939341,,45100.8695723226,,
,,,,,,,train,,,,2.103506922721863,5.153115800139188e-06,0.9462171440766827,94.62171440766826,,,,,16.905906200408936,,,,stage4_sft,,26320,,logs/stage4_sft_train_latest.log,,3290,,0.6885497098007799,54283,36268.2542842204,,45124.79378150391,,
,,,,,,,train,,,,1.9985276460647583,5.1283929453745055e-06,0.9464702351216691,94.64702351216691,,,,,16.905906200408936,,,,stage4_sft,,26400,,logs/stage4_sft_train_latest.log,,3300,,0.6887338808091679,53255,35429.71054980905,,45136.863612709625,,
,,,,,,,train,,,,1.9960123896598816,5.103681379022681e-06,0.9462704421349946,94.62704421349946,,,,,16.905906200408936,,,,stage4_sft,,26480,,logs/stage4_sft_train_latest.log,,3310,,0.6885884940933847,47581,35116.08515097916,,45127.33554890406,,
,,,,,,,train,,,,2.082319498062134,5.0789818517539715e-06,0.946285884314737,94.6285884314737,,,,,16.905906200408936,,,,stage4_sft,,26560,,logs/stage4_sft_train_latest.log,,3320,,0.6885997311634875,52315,36118.226519067895,,45128.07198153032,,
,,,,,,,train,,,,2.0037556886672974,5.054295113872918e-06,0.9460733112318385,94.60733112318384,,,,,16.905906200408936,,,,stage4_sft,,26640,,logs/stage4_sft_train_latest.log,,3330,,0.688445044540594,50456,35637.357730643846,,45117.934439012366,,
,,,,,,,train,,,,1.9326603412628174,5.02962191529556e-06,0.9459649801311985,94.59649801311984,,,,,16.905906200408936,,,,stage4_sft,,26720,,logs/stage4_sft_train_latest.log,,3340,,0.6883662134304465,50056,35285.17024409529,,45112.76816337774,,
,,,,,,,train,,,,2.0949652194976807,5.004963005526644e-06,0.9466943995055859,94.66943995055858,,,,,16.905906200408936,,,,stage4_sft,,26800,,logs/stage4_sft_train_latest.log,,3350,,0.6888970022686128,53664,34800.25207690102,,45147.55394067581,,
,,,,,,,train,,,,2.0414852499961853,4.980319133636863e-06,0.9462131675459092,94.62131675459092,,,,,16.905906200408936,,,,stage4_sft,,26880,,logs/stage4_sft_train_latest.log,,3360,,0.6885468161318931,53536,36478.45291716995,,45124.60414201974,,
,,,,,,,train,,,,1.973872721195221,4.955691048240102e-06,0.9458508998533777,94.58508998533776,,,,,16.905906200408936,,,,stage4_sft,,26960,,logs/stage4_sft_train_latest.log,,3370,,0.6882831987200502,51016,35433.920323226135,,45107.32771131721,,
,,,,,,,train,,,,2.028763771057129,4.9310794974706926e-06,0.9458098476216553,94.58098476216553,,,,,16.905906200408936,,,,stage4_sft,,27040,,logs/stage4_sft_train_latest.log,,3380,,0.6882533255536042,52195,35899.362286208554,,45105.369943481004,,
,,,,,,,train,,,,1.9689381122589111,4.90648522896069e-06,0.9465870609524952,94.65870609524953,,,,,16.905906200408936,,,,stage4_sft,,27120,,logs/stage4_sft_train_latest.log,,3390,,0.6888188934221988,54476,35888.35981185801,,45142.43499931722,,
,,,,,,,train,,,,2.060349702835083,4.881908989817163e-06,0.9472858975389922,94.72858975389921,,,,,16.905906200408936,,,,stage4_sft,,27200,,logs/stage4_sft_train_latest.log,,3400,,0.6893274275698232,50611,36324.59132499114,,45175.762293215936,,
,,,,,,,train,,,,1.9468547105789185,4.857351526599496e-06,0.9467615606690866,94.67615606690866,,,,,16.905906200408936,,,,stage4_sft,,27280,,logs/stage4_sft_train_latest.log,,3410,,0.688945874559638,54426,35989.56796277111,,45150.75683514043,,
,,,,,,,train,,,,1.9270381927490234,4.832813585296711e-06,0.9462971788639069,94.62971788639068,,,,,16.905906200408936,,,,stage4_sft,,27360,,logs/stage4_sft_train_latest.log,,3420,,0.6886079500576409,51770,36617.967238625155,,45128.61061497755,,
,,,,,,,train,,,,2.0642242431640625,4.8082959113048085e-06,0.9464319574642429,94.6431957464243,,,,,16.905906200408936,,,,stage4_sft,,27440,,logs/stage4_sft_train_latest.log,,3430,,0.6887060266637662,54512,36040.39959893088,,45135.038163436584,,
,,,,,,,train,,,,2.0917441844940186,4.783799249404123e-06,0.9461254748988217,94.61254748988218,,,,,16.905906200408936,,,,stage4_sft,,27520,,logs/stage4_sft_train_latest.log,,3440,,0.6884830033516219,50885,36345.63738163514,,45120.422107651895,,
,,,,,,,train,,,,2.046266198158264,4.759324343736698e-06,0.9466336065768802,94.66336065768802,,,,,16.905906200408936,,,,stage4_sft,,27600,,logs/stage4_sft_train_latest.log,,3450,,0.6888527640578804,49558,35324.50751144092,,45144.65474529725,,
,,,,,,,train,,,,2.047021746635437,4.734871937783683e-06,0.9459996489735205,94.59996489735205,,,,,16.905906200408936,,,,stage4_sft,,27680,,logs/stage4_sft_train_latest.log,,3460,,0.6883914414887938,53800,35948.21410940971,,45114.42150940959,,
,,,,,,,train,,,,2.0326563119888306,4.710442774342744e-06,0.9459228779054112,94.59228779054112,,,,,16.905906200408936,,,,stage4_sft,,27760,,logs/stage4_sft_train_latest.log,,3470,,0.688335576197197,53693,35724.96057242262,,45110.7603216595,,
,,,,,,,train,,,,2.0414300560951233,4.686037595505507e-06,0.9461642713764262,94.61642713764262,,,,,16.905906200408936,,,,stage4_sft,,27840,,logs/stage4_sft_train_latest.log,,3480,,0.6885112350356101,52281,35848.232516734584,,45122.27229929374,,
,,,,,,,train,,,,2.0283238887786865,4.661657142635009e-06,0.9456073702504966,94.56073702504966,,,,,16.905906200408936,,,,stage4_sft,,27920,,logs/stage4_sft_train_latest.log,,3490,,0.6881059854467109,51168,35593.45187740638,,45095.71386223564,,
,,,,,,,train,,,,1.9683958292007446,4.637302156343178e-06,0.9463431210949886,94.63431210949886,,,,,16.905906200408936,,,,stage4_sft,,28000,,logs/stage4_sft_train_latest.log,,3500,,0.6886413816119906,54235,36323.14717864422,,45130.80158532342,,
,,,,,,,eval,,,,1.9725092090666294,,,,,,,,,7.188691807453828,,,stage4_sft,,,,logs/stage4_sft_train_latest.log,,3500,,,87132.0,,,,,
,,,,,,,checkpoint,,,,,,,,,,,runs/l20-edu-135m-stage4-sft-anti-forgetting/step-003500,,,,,stage4_sft,,,,logs/stage4_sft_train_latest.log,,3500,,,,,,,,
,,,,,,,train,,,,2.113994598388672,4.6129733764683395e-06,0.8040724230507598,80.40724230507598,,,,,16.905906200408936,,,,stage4_sft,,28080,,logs/stage4_sft_train_latest.log,,3510,,0.5851128750057213,52791,30419.257724809944,,38345.95737637495,,
,,,,,,,train,,,,2.0102723240852356,4.588671542052737e-06,0.9451300165954971,94.51300165954972,,,,,16.905906200408936,,,,stage4_sft,,28160,,logs/stage4_sft_train_latest.log,,3520,,0.6877586215010459,54750,36021.28902525513,,45072.94901869255,,
,,,,,,,train,,,,2.1991872787475586,4.564397391320085e-06,0.9456997148732753,94.56997148732754,,,,,16.905906200408936,,,,stage4_sft,,28240,,logs/stage4_sft_train_latest.log,,3530,,0.6881731834082084,51911,36300.516068917925,,45100.11774784035,,
,,,,,,,train,,,,1.9898383617401123,4.54015166165314e-06,0.9461514113427721,94.61514113427721,,,,,16.905906200408936,,,,stage4_sft,,28320,,logs/stage4_sft_train_latest.log,,3540,,0.6885018769590883,51946,36278.88515166676,,45121.65900839081,,
,,,,,,,train,,,,1.9384939670562744,4.515935089571309e-06,0.9461708413111436,94.61708413111435,,,,,16.905906200408936,,,,stage4_sft,,28400,,logs/stage4_sft_train_latest.log,,3550,,0.6885160158902707,52368,35997.26974918148,,45122.58561738478,,
,,,,,,,train,,,,2.082621693611145,4.491748410708268e-06,0.9467435681935188,94.67435681935189,,,,,16.905906200408936,,,,stage4_sft,,28480,,logs/stage4_sft_train_latest.log,,3560,,0.6889327816729699,49348,35395.16173745584,,45149.898779719755,,
,,,,,,,train,,,,2.1248884201049805,4.467592359789619e-06,0.946314424156467,94.6314424156467,,,,,16.905906200408936,,,,stage4_sft,,28560,,logs/stage4_sft_train_latest.log,,3570,,0.6886204992291096,50780,36053.13940943957,,45129.43303747893,,
,,,,,,,train,,,,1.9906675815582275,4.4434676706105665e-06,0.9468864849381189,94.68864849381188,,,,,16.905906200408936,,,,stage4_sft,,28640,,logs/stage4_sft_train_latest.log,,3580,,0.6890367802991162,51362,35564.909029851005,,45156.71443368288,,
,,,,,,,train,,,,2.0425450801849365,4.419375076013637e-06,0.9460219296648766,94.60219296648766,,,,,16.905906200408936,,,,stage4_sft,,28720,,logs/stage4_sft_train_latest.log,,3590,,0.6884076548534146,51726,35587.30255841275,,45115.48406847338,,
,,,,,,,train,,,,1.9884880185127258,4.395315307866404e-06,0.9460392736193693,94.60392736193694,,,,,16.905906200408936,,,,stage4_sft,,28800,,logs/stage4_sft_train_latest.log,,3600,,0.6884202758198678,53793,36649.4302238223,,45116.31119613085,,
,,,,,,,train,,,,2.0865918397903442,4.371289097039268e-06,0.946532592527614,94.6532592527614,,,,,16.905906200408936,,,,stage4_sft,,28880,,logs/stage4_sft_train_latest.log,,3610,,0.6887792574693099,52553,35439.34586701392,,45139.837417508694,,
,,,,,,,train,,,,2.0314342975616455,4.347297173383248e-06,0.9465239658264673,94.65239658264673,,,,,16.905906200408936,,,,stage4_sft,,28960,,logs/stage4_sft_train_latest.log,,3620,,0.6887729799329025,53102,35225.77875811245,,45139.4260128827,,
,,,,,,,train,,,,2.121160387992859,4.323340265707812e-06,0.9461300563828181,94.6130056382818,,,,,16.905906200408936,,,,stage4_sft,,29040,,logs/stage4_sft_train_latest.log,,3630,,0.6884863372369736,51507,34991.14766329588,,45120.6405971623,,
,,,,,,,train,,,,2.1047574281692505,4.299419101758733e-06,0.9461997780669381,94.61997780669381,,,,,16.905906200408936,,,,stage4_sft,,29120,,logs/stage4_sft_train_latest.log,,3640,,0.6885370727850116,53586,36151.98327511343,,45123.96560203852,,
,,,,,,,train,,,,1.9532667398452759,4.275534408195992e-06,0.9462215866466844,94.62215866466845,,,,,16.905906200408936,,,,stage4_sft,,29200,,logs/stage4_sft_train_latest.log,,3650,,0.6885529426002537,51671,36167.551560669264,,45125.005646250225,,
,,,,,,,train,,,,2.0799965262413025,4.2516869105717e-06,0.9463916317347576,94.63916317347577,,,,,16.905906200408936,,,,stage4_sft,,29280,,logs/stage4_sft_train_latest.log,,3660,,0.6886766821633961,53067,35481.44907707676,,45133.115042260324,,
,,,,,,,train,,,,2.01498019695282,4.227877333308051e-06,0.9459696221620221,94.5969622162022,,,,,16.905906200408936,,,,stage4_sft,,29360,,logs/stage4_sft_train_latest.log,,3670,,0.6883695913749242,54342,36066.2986965795,,45112.98954034703,,
,,,,,,,train,,,,2.0062180161476135,4.204106399675324e-06,0.9470333971118285,94.70333971118285,,,,,16.905906200408936,,,,stage4_sft,,29440,,logs/stage4_sft_train_latest.log,,3680,,0.6891436863462188,54277,35956.82989316895,,45163.720628385796,,
,,,,,,,train,,,,2.0581825971603394,4.18037483176991e-06,0.9463813760279983,94.63813760279983,,,,,16.905906200408936,,,,stage4_sft,,29520,,logs/stage4_sft_train_latest.log,,3690,,0.6886692192211348,52298,36002.80037781786,,45132.62595087629,,
,,,,,,,train,,,,2.0884547233581543,4.156683350492376e-06,0.946136377350525,94.6136377350525,,,,,16.905906200408936,,,,stage4_sft,,29600,,logs/stage4_sft_train_latest.log,,3700,,0.6884909369216311,54124,36501.861700961505,,45120.942042096016,,
,,,,,,,train,,,,1.9961109161376953,4.1330326755255654e-06,0.9458422700525149,94.58422700525149,,,,,16.905906200408936,,,,stage4_sft,,29680,,logs/stage4_sft_train_latest.log,,3710,,0.6882769189280206,49180,35137.913265113304,,45106.916158866756,,
,,,,,,,train,,,,2.047869563102722,4.109423525312738e-06,0.9461507590315402,94.61507590315402,,,,,16.905906200408936,,,,stage4_sft,,29760,,logs/stage4_sft_train_latest.log,,3720,,0.6885014022808263,53322,35922.69836428257,,45121.627899876235,,
,,,,,,,train,,,,2.086074471473694,4.085856617035743e-06,0.9460980335150229,94.60980335150228,,,,,16.905906200408936,,,,stage4_sft,,29840,,logs/stage4_sft_train_latest.log,,3730,,0.6884630346193182,52187,35757.737323575464,,45119.11343681164,,
,,,,,,,train,,,,2.0543954372406006,4.062332666593234e-06,0.946340231124156,94.6340231124156,,,,,16.905906200408936,,,,stage4_sft,,29920,,logs/stage4_sft_train_latest.log,,3740,,0.6886392786184119,50593,35922.93683305732,,45130.66376353624,,
,,,,,,,train,,,,1.9635403752326965,4.038852388578925e-06,0.9461509609373014,94.61509609373014,,,,,16.905906200408936,,,,stage4_sft,,30000,,logs/stage4_sft_train_latest.log,,3750,,0.6885015492049803,52917,36080.85483593208,,45121.63752869759,,
,,,,,,,train,,,,1.9544557332992554,4.015416496259878e-06,0.9461619105711041,94.61619105711041,,,,,16.905906200408936,,,,stage4_sft,,30080,,logs/stage4_sft_train_latest.log,,3760,,0.6885095171087795,53922,36388.485339667815,,45122.15971324097,,
,,,,,,,train,,,,2.0088666677474976,3.992025701554838e-06,0.946685505525619,94.6685505525619,,,,,16.905906200408936,,,,stage4_sft,,30160,,logs/stage4_sft_train_latest.log,,3770,,0.6888905302369407,54412,36185.62843796788,,45147.129789608145,,
,,,,,,,train,,,,1.9813308119773865,3.968680715012606e-06,0.9462760192826142,94.62760192826141,,,,,16.905906200408936,,,,stage4_sft,,30240,,logs/stage4_sft_train_latest.log,,3780,,0.6885925525099957,52916,36912.62351059558,,45127.60152129508,,
,,,,,,,train,,,,2.137998580932617,3.945382245790462e-06,0.9463219905327572,94.63219905327573,,,,,16.905906200408936,,,,stage4_sft,,30320,,logs/stage4_sft_train_latest.log,,3790,,0.6886260051811328,51110,36367.99203602806,,45129.79387555072,,
,,,,,,,train,,,,1.9637032747268677,3.922131001632607e-06,0.9462369340276711,94.6236934027671,,,,,16.905906200408936,,,,stage4_sft,,30400,,logs/stage4_sft_train_latest.log,,3800,,0.6885641106865548,52578,36511.11196915456,,45125.73755795405,,
,,,,,,,train,,,,2.124748468399048,3.898927688848676e-06,0.9460720534115192,94.60720534115192,,,,,16.905906200408936,,,,stage4_sft,,30480,,logs/stage4_sft_train_latest.log,,3810,,0.6884441292413719,52488,35576.17651150298,,45117.87445396255,,
,,,,,,,train,,,,2.046783208847046,3.875773012292286e-06,0.9462059601690717,94.62059601690717,,,,,16.905906200408936,,,,stage4_sft,,30560,,logs/stage4_sft_train_latest.log,,3820,,0.6885415714190266,52720,35806.64046344649,,45124.26042451733,,
,,,,,,,train,,,,1.976340651512146,3.8526676753396044e-06,0.9461497029105005,94.61497029105004,,,,,16.905906200408936,,,,stage4_sft,,30640,,logs/stage4_sft_train_latest.log,,3830,,0.6885006337555043,50890,36134.71646151689,,45121.57753380073,,
,,,,,,,train,,,,2.0471707582473755,3.829612379868006e-06,0.9462139597427331,94.62139597427331,,,,,16.905906200408936,,,,stage4_sft,,30720,,logs/stage4_sft_train_latest.log,,3840,,0.6885473926030515,46361,35617.11066983139,,45124.641921633585,,
,,,,,,,train,,,,2.0459011793136597,3.8066078262347407e-06,0.9461500601276471,94.61500601276471,,,,,16.905906200408936,,,,stage4_sft,,30800,,logs/stage4_sft_train_latest.log,,3850,,0.6885008936977006,55589,36467.41373594989,,45121.59456937251,,
,,,,,,,train,,,,1.9451696276664734,3.7836547132556534e-06,0.9463967441322054,94.63967441322055,,,,,16.905906200408936,,,,stage4_sft,,30880,,logs/stage4_sft_train_latest.log,,3860,,0.6886804023874494,52806,35557.94653606879,,45133.358850863886,,
,,,,,,,train,,,,1.9907824993133545,3.7607537381839664e-06,0.9462437224511422,94.62437224511422,,,,,16.905906200408936,,,,stage4_sft,,30960,,logs/stage4_sft_train_latest.log,,3870,,0.6885690505325935,51203,35467.70979459852,,45126.06129570405,,
,,,,,,,train,,,,2.0424920320510864,3.73790559668909e-06,0.9461746311022153,94.61746311022154,,,,,16.905906200408936,,,,stage4_sft,,31040,,logs/stage4_sft_train_latest.log,,3880,,0.6885187736711447,47890,35118.51971799304,,45122.76635131214,,
,,,,,,,train,,,,2.0243030190467834,3.715110982835498e-06,0.9464589675237707,94.64589675237707,,,,,16.905906200408936,,,,stage4_sft,,31120,,logs/stage4_sft_train_latest.log,,3890,,0.6887256815270986,50691,35658.63441592923,,45136.32626455993,,
,,,,,,,train,,,,2.0120655298233032,3.692370589061639e-06,0.9460813706784424,94.60813706784424,,,,,16.905906200408936,,,,stage4_sft,,31200,,logs/stage4_sft_train_latest.log,,3900,,0.6884509092933677,52633,35816.17664035095,,45118.31879145015,,
,,,,,,,train,,,,2.1063867807388306,3.6696851061589e-06,0.9460491958273801,94.604919582738,,,,,16.905906200408936,,,,stage4_sft,,31280,,logs/stage4_sft_train_latest.log,,3910,,0.6884274960794975,52330,36174.042366243666,,45116.78438306595,,
,,,,,,,train,,,,2.0270227193832397,3.6470552232506282e-06,0.9461081277835185,94.61081277835184,,,,,16.905906200408936,,,,stage4_sft,,31360,,logs/stage4_sft_train_latest.log,,3920,,0.6884703800850887,46414,35259.735127905784,,45119.59482925637,,
,,,,,,,train,,,,2.0354910492897034,3.624481627771195e-06,0.9460719136539123,94.60719136539123,,,,,16.905906200408936,,,,stage4_sft,,31440,,logs/stage4_sft_train_latest.log,,3930,,0.6884440275416085,50581,36472.5942243076,,45117.867788966854,,
,,,,,,,train,,,,2.105998992919922,3.601965005445106e-06,0.9469063495656496,94.69063495656496,,,,,16.905906200408936,,,,stage4_sft,,31520,,logs/stage4_sft_train_latest.log,,3940,,0.6890512355260239,54207,35827.839137287585,,45157.6617714335,,
,,,,,,,train,,,,2.050702452659607,3.579506040266184e-06,0.9462227516632044,94.62227516632043,,,,,16.905906200408936,,,,stage4_sft,,31600,,logs/stage4_sft_train_latest.log,,3950,,0.6885537903673775,52260,36491.491794237016,,45125.06120551645,,
,,,,,,,train,,,,1.9741215109825134,3.5571054144767823e-06,0.946055608883196,94.6055608883196,,,,,16.905906200408936,,,,stage4_sft,,31680,,logs/stage4_sft_train_latest.log,,3960,,0.6884321627754548,50567,35646.05358348517,,45117.09021965221,,
,,,,,,,train,,,,2.015146851539612,3.5347638085470626e-06,0.9463184947586537,94.63184947586537,,,,,16.905906200408936,,,,stage4_sft,,31760,,logs/stage4_sft_train_latest.log,,3970,,0.6886234613525206,51214,35347.59316999397,,45129.62716319879,,
,,,,,,,train,,,,1.9627811312675476,3.5124819011543177e-06,0.9463811429463369,94.6381142946337,,,,,16.905906200408936,,,,stage4_sft,,31840,,logs/stage4_sft_train_latest.log,,3980,,0.6886690496106904,56036,36203.26307112904,,45132.61483528621,,
,,,,,,,train,,,,1.959112823009491,3.4902603691623715e-06,0.9474604214166097,94.74604214166096,,,,,16.905906200408936,,,,stage4_sft,,31920,,logs/stage4_sft_train_latest.log,,3990,,0.6894544262889217,53961,36204.63083328385,,45184.085281270774,,
,,,,,,,train,,,,2.0096845626831055,3.468099887600999e-06,0.947350090807667,94.7350090807667,,,,,16.905906200408936,,,,stage4_sft,,32000,,logs/stage4_sft_train_latest.log,,4000,,0.6893741401630096,53152,36257.49502704546,,45178.823649722995,,
,,,,,,,eval,,,,1.972281165421009,,,,,,,,,7.187052658872628,,,stage4_sft,,,,logs/stage4_sft_train_latest.log,,4000,,,87132.0,,,,,
,,,,,,,checkpoint,,,,,,,,,,,runs/l20-edu-135m-stage4-sft-anti-forgetting/step-004000,,,,,stage4_sft,,,,logs/stage4_sft_train_latest.log,,4000,,,,,,,,
,,,,,,,train,,,,1.962098479270935,3.446001129645431e-06,0.8035908313483546,80.35908313483546,,,,,16.905906200408936,,,,stage4_sft,,32080,,logs/stage4_sft_train_latest.log,,4010,,0.5847624270889726,50121,30461.268923190637,,38322.99042170291,,
,,,,,,,train,,,,2.0522561073303223,3.423964766595906e-06,0.9472506829047486,94.72506829047485,,,,,16.905906200408936,,,,stage4_sft,,32160,,logs/stage4_sft_train_latest.log,,4020,,0.6893018023459082,50298,35339.81410447237,,45174.08291854144,,
,,,,,,,train,,,,2.1318119764328003,3.4019914678572696e-06,0.9467146448173904,94.67146448173904,,,,,16.905906200408936,,,,stage4_sft,,32240,,logs/stage4_sft_train_latest.log,,4030,,0.6889117345144351,52664,36645.2130028529,,45148.51943313802,,
,,,,,,,train,,,,2.0484530925750732,3.380081900918648e-06,0.9466860497328798,94.66860497328798,,,,,16.905906200408936,,,,stage4_sft,,32320,,logs/stage4_sft_train_latest.log,,4040,,0.6888909262493718,52828,34711.973770038596,,45147.15574267883,,
,,,,,,,train,,,,2.1100322008132935,3.3582367313331692e-06,0.9463773204234732,94.63773204234732,,,,,16.905906200408936,,,,stage4_sft,,32400,,logs/stage4_sft_train_latest.log,,4050,,0.6886662680113239,53315,35995.07076316228,,45132.432540390124,,
,,,,,,,train,,,,2.119187355041504,3.3364566226977414e-06,0.9462850609262358,94.62850609262358,,,,,16.905906200408936,,,,stage4_sft,,32480,,logs/stage4_sft_train_latest.log,,4060,,0.6885991319945577,49891,35870.643703686896,,45128.03271439533,,
,,,,,,,train,,,,2.0138914585113525,3.314742236632905e-06,0.9472504960966944,94.72504960966944,,,,,16.905906200408936,,,,stage4_sft,,32560,,logs/stage4_sft_train_latest.log,,4070,,0.6893016664081562,47444,35315.957297422035,,45174.07400972492,,
,,,,,,,train,,,,1.9433962106704712,3.293094232762715e-06,0.9472437243544745,94.72437243544745,,,,,16.905906200408936,,,,stage4_sft,,32640,,logs/stage4_sft_train_latest.log,,4080,,0.6892967387008434,53923,35385.32379990328,,45173.75106749847,,
,,,,,,,train,,,,2.0077484846115112,3.2715132686947256e-06,0.9466322384371223,94.66322384371223,,,,,16.905906200408936,,,,stage4_sft,,32720,,logs/stage4_sft_train_latest.log,,4090,,0.688851768480661,52838,34210.858689116154,,45144.5894991486,,
,,,,,,,train,,,,2.0673840045928955,3.2500000000000015e-06,0.9465375976407221,94.6537597640722,,,,,16.905906200408936,,,,stage4_sft,,32800,,logs/stage4_sft_train_latest.log,,4100,,0.6887828996239672,53209,35880.147685501666,,45140.076109756315,,
,,,,,,,train,,,,2.0076555013656616,3.228555080193205e-06,0.9468027733241888,94.68027733241888,,,,,16.905906200408936,,,,stage4_sft,,32880,,logs/stage4_sft_train_latest.log,,4110,,0.6889758644640573,51729,35662.49310604275,,45152.72225351646,,
,,,,,,,train,,,,2.036560833454132,3.207179160712744e-06,0.9465098836575927,94.65098836575928,,,,,16.905906200408936,,,,stage4_sft,,32960,,logs/stage4_sft_train_latest.log,,4120,,0.6887627325247335,52771,35404.26411114912,,45138.754438740936,,
,,,,,,,train,,,,1.971540927886963,3.1858728909009872e-06,0.945872273257582,94.5872273257582,,,,,16.905906200408936,,,,stage4_sft,,33040,,logs/stage4_sft_train_latest.log,,4130,,0.6882987518638022,52472,36360.27635558278,,45108.34700214614,,
,,,,,,,train,,,,1.9822146892547607,3.1646369179845336e-06,0.9463725034670907,94.63725034670907,,,,,16.905906200408936,,,,stage4_sft,,33120,,logs/stage4_sft_train_latest.log,,4140,,0.6886627627758289,52040,35797.034740468975,,45132.202821276725,,
,,,,,,,train,,,,1.9616094827651978,3.14347188705455e-06,0.9463735445470584,94.63735445470583,,,,,16.905906200408936,,,,stage4_sft,,33200,,logs/stage4_sft_train_latest.log,,4150,,0.6886635203559617,53830,36512.73325021698,,45132.252470048305,,
,,,,,,,train,,,,1.9832879304885864,3.1223784410471857e-06,0.9462769203321307,94.62769203321308,,,,,16.905906200408936,,,,stage4_sft,,33280,,logs/stage4_sft_train_latest.log,,4160,,0.6885932081918199,49854,36094.33449039472,,45127.64449205911,,
,,,,,,,train,,,,2.1544742584228516,3.1013572207240293e-06,0.9465522868652564,94.65522868652563,,,,,16.905906200408936,,,,stage4_sft,,33360,,logs/stage4_sft_train_latest.log,,4170,,0.6887935887785166,52060,36021.769432991205,,45140.776634188864,,
,,,,,,,train,,,,1.9533112049102783,3.0804088646526488e-06,0.9466557927588459,94.6655792758846,,,,,16.905906200408936,,,,stage4_sft,,33440,,logs/stage4_sft_train_latest.log,,4180,,0.6888689086492671,50044,35897.99213307628,,45145.71279723837,,
,,,,,,,train,,,,2.058138370513916,3.059534009187198e-06,0.9465346753943403,94.65346753943403,,,,,16.905906200408936,,,,stage4_sft,,33520,,logs/stage4_sft_train_latest.log,,4190,,0.6887807731438979,49851,35932.59088568012,,45139.93674875849,,
,,,,,,,train,,,,2.0432544946670532,3.0387332884490806e-06,0.9462990587256349,94.6299058725635,,,,,16.905906200408936,,,,stage4_sft,,33600,,logs/stage4_sft_train_latest.log,,4200,,0.6886093180081746,53350,35971.09152758842,,45128.70026498373,,
,,,,,,,train,,,,1.9573392868041992,3.018007334307684e-06,0.9459697153136086,94.59697153136086,,,,,16.905906200408936,,,,stage4_sft,,33680,,logs/stage4_sft_train_latest.log,,4210,,0.6883696591601025,51954,36114.14393941421,,45112.99398271648,,
,,,,,,,train,,,,1.9805971384048462,2.9973567763611975e-06,0.9465385458202871,94.65385458202871,,,,,16.905906200408936,,,,stage4_sft,,33760,,logs/stage4_sft_train_latest.log,,4220,,0.6887835896017047,53782,36578.33467431125,,45140.12132813732,,
,,,,,,,train,,,,2.099074602127075,2.9767822419174734e-06,0.9465317220785637,94.65317220785637,,,,,16.905906200408936,,,,stage4_sft,,33840,,logs/stage4_sft_train_latest.log,,4230,,0.6887786240550405,47969,35602.4160545058,,45139.79590607114,,
,,,,,,,train,,,,2.0057807564735413,2.9562843559749765e-06,0.9463611915816644,94.63611915816644,,,,,16.905906200408936,,,,stage4_sft,,33920,,logs/stage4_sft_train_latest.log,,4240,,0.688654531266311,52144,35534.849275154156,,45131.66336106896,,
,,,,,,,train,,,,2.090558648109436,2.9358637412038027e-06,0.9458549043828082,94.58549043828081,,,,,16.905906200408936,,,,stage4_sft,,34000,,logs/stage4_sft_train_latest.log,,4250,,0.6882861127631899,51941,35583.8414009667,,45107.51868604841,,
,,,,,,,train,,,,2.090685725212097,2.9155210179267546e-06,0.946263140676202,94.6263140676202,,,,,16.905906200408936,,,,stage4_sft,,34080,,logs/stage4_sft_train_latest.log,,4260,,0.6885831809183232,51965,36257.62282452667,,45126.98734466323,,
,,,,,,,train,,,,2.0443854331970215,2.8952568041005047e-06,0.9466036016921732,94.66036016921731,,,,,16.905906200408936,,,,stage4_sft,,34160,,logs/stage4_sft_train_latest.log,,4270,,0.6888309298998471,51616,36320.81503794512,,45143.22382191638,,
,,,,,,,train,,,,2.0304737091064453,2.8750717152968226e-06,0.9463830542193485,94.63830542193486,,,,,16.905906200408936,,,,stage4_sft,,34240,,logs/stage4_sft_train_latest.log,,4280,,0.6886704404188001,45882,35709.697214080086,,45132.70598328648,,
,,,,,,,train,,,,2.029921770095825,2.854966364683872e-06,0.9462657350114207,94.62657350114208,,,,,16.905906200408936,,,,stage4_sft,,34320,,logs/stage4_sft_train_latest.log,,4290,,0.6885850687817732,53974,35994.545017443386,,45127.11106768229,,
,,,,,,,train,,,,2.078165292739868,2.8349413630075907e-06,0.9462974740483121,94.6297474048312,,,,,16.905906200408936,,,,stage4_sft,,34400,,logs/stage4_sft_train_latest.log,,4300,,0.6886081648594311,53919,35980.94724778554,,45128.62469222768,,
,,,,,,,train,,,,1.958146333694458,2.814997318573133e-06,0.9464620136341216,94.64620136341216,,,,,16.905906200408936,,,,stage4_sft,,34480,,logs/stage4_sft_train_latest.log,,4310,,0.6887278981413412,52536,35831.41326475235,,45136.471532590935,,
,,,,,,,train,,,,2.066589117050171,2.7951348372263875e-06,0.945967324428696,94.59673244286961,,,,,16.905906200408936,,,,stage4_sft,,34560,,logs/stage4_sft_train_latest.log,,4320,,0.6883679193447514,52067,36068.758053866615,,45112.87996217763,,
,,,,,,,train,,,,1.9162734150886536,2.775354522335586e-06,0.9463519309537016,94.63519309537017,,,,,16.905906200408936,,,,stage4_sft,,34640,,logs/stage4_sft_train_latest.log,,4330,,0.6886477924297382,53686,36168.40184142303,,45131.22172467532,,
,,,,,,,train,,,,2.060552179813385,2.75565697477296e-06,0.9462074979406913,94.62074979406913,,,,,16.905906200408936,,,,stage4_sft,,34720,,logs/stage4_sft_train_latest.log,,4340,,0.6885426904351098,45699,35327.266380961315,,45124.33376035536,,
,,,,,,,train,,,,1.9520388841629028,2.736042792896495e-06,0.9463181995611342,94.63181995611342,,,,,16.905906200408936,,,,stage4_sft,,34800,,logs/stage4_sft_train_latest.log,,4350,,0.6886232465411872,53574,35331.26177261335,,45129.613085323246,,
,,,,,,,train,,,,2.035463809967041,2.716512572531759e-06,0.9465819309533106,94.65819309533106,,,,,16.905906200408936,,,,stage4_sft,,34880,,logs/stage4_sft_train_latest.log,,4360,,0.6888151603895941,52630,35666.711241941106,,45142.19035129244,,
,,,,,,,train,,,,2.0936442613601685,2.697066906953789e-06,0.9461894022579953,94.61894022579953,,,,,16.905906200408936,,,,stage4_sft,,34960,,logs/stage4_sft_train_latest.log,,4370,,0.6885295224459786,52608,36266.77782989254,,45123.47078301966,,
,,,,,,,train,,,,2.090902090072632,2.677706386869083e-06,0.946053807628714,94.6053807628714,,,,,16.905906200408936,,,,stage4_sft,,35040,,logs/stage4_sft_train_latest.log,,4380,,0.6884308520263751,51596,35330.34016907877,,45117.00431840052,,
,,,,,,,train,,,,2.053266406059265,2.658431600397652e-06,0.9465695103673955,94.65695103673954,,,,,16.905906200408936,,,,stage4_sft,,35120,,logs/stage4_sft_train_latest.log,,4390,,0.688806122093384,53390,35480.678871479045,,45141.59801751201,,
,,,,,,,train,,,,2.059948444366455,2.639243133055145e-06,0.9461513336866259,94.61513336866258,,,,,16.905906200408936,,,,stage4_sft,,35200,,logs/stage4_sft_train_latest.log,,4400,,0.6885018204497371,54242,36199.15366323969,,45121.65530499397,,
,,,,,,,train,,,,1.967040240764618,2.6201415677350758e-06,0.9461963297938097,94.61963297938098,,,,,16.905906200408936,,,,stage4_sft,,35280,,logs/stage4_sft_train_latest.log,,4410,,0.6885345635222311,54023,36401.99613194413,,45123.801154992936,,
,,,,,,,train,,,,1.957954466342926,2.6011274846911117e-06,0.9466365294341574,94.66365294341574,,,,,16.905906200408936,,,,stage4_sft,,35360,,logs/stage4_sft_train_latest.log,,4420,,0.6888548909824903,51825,35438.690950507,,45144.794135428485,,
,,,,,,,train,,,,2.094523310661316,2.5822014615194435e-06,0.9467036201892223,94.67036201892223,,,,,16.905906200408936,,,,stage4_sft,,35440,,logs/stage4_sft_train_latest.log,,4430,,0.6889037120382273,46983,35717.10852544755,,45147.993672137265,,
,,,,,,,train,,,,2.0296266674995422,2.5633640731412414e-06,0.9469022739045716,94.69022739045715,,,,,16.905906200408936,,,,stage4_sft,,35520,,logs/stage4_sft_train_latest.log,,4440,,0.6890482697213245,52514,35567.22468164835,,45157.46740445672,,
,,,,,,,train,,,,2.067330479621887,2.544615891785196e-06,0.9468738385891041,94.68738385891041,,,,,16.905906200408936,,,,stage4_sft,,35600,,logs/stage4_sft_train_latest.log,,4450,,0.6890275777180821,51507,35468.10797958491,,45156.11133333223,,
,,,,,,,train,,,,1.98995041847229,2.5259574869701252e-06,0.946164395629664,94.6164395629664,,,,,16.905906200408936,,,,stage4_sft,,35680,,logs/stage4_sft_train_latest.log,,4460,,0.6885113254530492,53550,36487.10688332398,,45122.27822489103,,
,,,,,,,train,,,,1.9431698322296143,2.507389425487683e-06,0.9465258465893488,94.65258465893488,,,,,16.905906200408936,,,,stage4_sft,,35760,,logs/stage4_sft_train_latest.log,,4470,,0.688774348539194,52248,35824.18702904629,,45139.515705864615,,
,,,,,,,train,,,,2.066098630428314,2.4889122713851397e-06,0.9463902021380584,94.63902021380584,,,,,16.905906200408936,,,,stage4_sft,,35840,,logs/stage4_sft_train_latest.log,,4480,,0.6886756418647728,50789,35252.06649090237,,45133.04686524975,,
,,,,,,,train,,,,1.9810115694999695,2.4705265859482395e-06,0.946046820068483,94.6046820068483,,,,,16.905906200408936,,,,stage4_sft,,35920,,logs/stage4_sft_train_latest.log,,4490,,0.6884257672711479,53178,35221.44563285665,,45116.67108388195,,
,,,,,,,train,,,,1.9685583114624023,2.4522329276841664e-06,0.9460809669264051,94.60809669264052,,,,,16.905906200408936,,,,stage4_sft,,36000,,logs/stage4_sft_train_latest.log,,4500,,0.6884506154883464,53194,36573.11280707982,,45118.29953664427,,
,,,,,,,eval,,,,1.9723539762198925,,,,,,,,,7.187575972969565,,,stage4_sft,,,,logs/stage4_sft_train_latest.log,,4500,,,87132.0,,,,,
,,,,,,,checkpoint,,,,,,,,,,,runs/l20-edu-135m-stage4-sft-anti-forgetting/step-004500,,,,,stage4_sft,,,,logs/stage4_sft_train_latest.log,,4500,,,,,,,,
,,,,,,,train,,,,2.051038384437561,2.4340318523045615e-06,0.8047899607245035,80.47899607245034,,,,,16.905906200408936,,,,stage4_sft,,36080,,logs/stage4_sft_train_latest.log,,4510,,0.585635017687367,52659,30735.882633286084,,38380.176519159286,,
,,,,,,,train,,,,2.007149040699005,2.415923912708652e-06,0.9458846134623715,94.58846134623715,,,,,16.905906200408936,,,,stage4_sft,,36160,,logs/stage4_sft_train_latest.log,,4520,,0.6883077316677296,54800,35881.82620570458,,45108.93550257633,,
,,,,,,,train,,,,1.9837566614151,2.397909658966454e-06,0.9463250668353327,94.63250668353326,,,,,16.905906200408936,,,,stage4_sft,,36240,,logs/stage4_sft_train_latest.log,,4530,,0.6886282437658582,54073,36581.3784281543,,45129.94058343928,,
,,,,,,,train,,,,2.0378050804138184,2.379989638302062e-06,0.9468417498001283,94.68417498001283,,,,,16.905906200408936,,,,stage4_sft,,36320,,logs/stage4_sft_train_latest.log,,4540,,0.6890042271304548,54601,36167.82999433625,,45154.58102922149,,
,,,,,,,train,,,,2.0759814977645874,2.362164395077021e-06,0.9462496255072477,94.62496255072477,,,,,16.905906200408936,,,,stage4_sft,,36400,,logs/stage4_sft_train_latest.log,,4550,,0.6885733461085022,49783,35766.63417424854,,45126.3428105668,,
,,,,,,,train,,,,1.9559890627861023,2.3444344707738017e-06,0.9459744194925829,94.59744194925828,,,,,16.905906200408936,,,,stage4_sft,,36480,,logs/stage4_sft_train_latest.log,,4560,,0.688373082328968,50389,35846.133377273974,,45113.218323511246,,
,,,,,,,train,,,,1.945098638534546,2.3268004039793405e-06,0.9464372723253552,94.64372723253553,,,,,16.905906200408936,,,,stage4_sft,,36560,,logs/stage4_sft_train_latest.log,,4570,,0.6887098942179524,53100,36034.6790852717,,45135.291627467726,,
,,,,,,,train,,,,1.983992874622345,2.3092627303686827e-06,0.9459001361897924,94.59001361897924,,,,,16.905906200408936,,,,stage4_sft,,36640,,logs/stage4_sft_train_latest.log,,4580,,0.6883190273513133,50706,36414.76099109115,,45109.67577649567,,
,,,,,,,train,,,,1.9908041954040527,2.2918219826887137e-06,0.9461558688269287,94.61558688269287,,,,,16.905906200408936,,,,stage4_sft,,36720,,logs/stage4_sft_train_latest.log,,4590,,0.6885051206113955,52251,36263.42700157808,,45121.87158438841,,
,,,,,,,train,,,,2.046458125114441,2.2744786907419704e-06,0.9462966040316465,94.62966040316465,,,,,16.905906200408936,,,,stage4_sft,,36800,,logs/stage4_sft_train_latest.log,,4600,,0.6886075317598024,53061,35947.72328422285,,45128.58320141041,,
,,,,,,,train,,,,2.0276830196380615,2.2572333813705473e-06,0.9461559775465792,94.61559775465793,,,,,16.905906200408936,,,,stage4_sft,,36880,,logs/stage4_sft_train_latest.log,,4610,,0.6885051997252483,50516,36164.76837336825,,45121.87676919387,,
,,,,,,,train,,,,1.9995611906051636,2.2400865784401e-06,0.9461414248669598,94.61414248669598,,,,,16.905906200408936,,,,stage4_sft,,36960,,logs/stage4_sft_train_latest.log,,4620,,0.6884946099326288,47867,35462.84266948786,,45121.18275654476,,
,,,,,,,train,,,,2.058918833732605,2.2230388028239213e-06,0.946412439071255,94.6412439071255,,,,,16.905906200408936,,,,stage4_sft,,37040,,logs/stage4_sft_train_latest.log,,4630,,0.6886918233871593,47318,35853.70954062954,,45134.10733750087,,
,,,,,,,train,,,,1.982334852218628,2.2060905723871225e-06,0.946372441313135,94.63724413131351,,,,,16.905906200408936,,,,stage4_sft,,37120,,logs/stage4_sft_train_latest.log,,4640,,0.688662717547217,52158,36219.664699221845,,45132.19985717441,,
,,,,,,,train,,,,2.031144857406616,2.189242401970908e-06,0.9462774019282658,94.62774019282658,,,,,16.905906200408936,,,,stage4_sft,,37200,,logs/stage4_sft_train_latest.log,,4650,,0.6885935586429622,54187,35917.728612375555,,45127.66745922517,,
,,,,,,,train,,,,1.9428867101669312,2.1724948033769257e-06,0.9460995243472744,94.60995243472745,,,,,16.905906200408936,,,,stage4_sft,,37280,,logs/stage4_sft_train_latest.log,,4660,,0.6884641194782437,49517,36015.55463585342,,45119.18453412618,,
,,,,,,,train,,,,1.9531431198120117,2.1558482853517257e-06,0.9464212657607256,94.64212657607256,,,,,16.905906200408936,,,,stage4_sft,,37360,,logs/stage4_sft_train_latest.log,,4670,,0.6886982464524266,52998,35595.02451877044,,45134.52827950623,,
,,,,,,,train,,,,2.0327950716018677,2.139303353571309e-06,0.9460425188882869,94.6042518888287,,,,,16.905906200408936,,,,stage4_sft,,37440,,logs/stage4_sft_train_latest.log,,4680,,0.6884226373591671,50426,36100.607734059784,,45116.465961970374,,
,,,,,,,train,,,,1.9016703367233276,2.122860510625754e-06,0.9464846114119445,94.64846114119445,,,,,16.905906200408936,,,,stage4_sft,,37520,,logs/stage4_sft_train_latest.log,,4690,,0.6887443422455931,50611,36287.94203432779,,45137.54921340719,,
,,,,,,,train,,,,1.908371925354004,2.1065202560039678e-06,0.9470443516192621,94.70443516192621,,,,,16.905906200408936,,,,stage4_sft,,37600,,logs/stage4_sft_train_latest.log,,4700,,0.6891516577964949,47316,35138.3958125619,,45164.24304535109,,
,,,,,,,train,,,,2.0390355587005615,2.090283086078495e-06,0.9464853885211578,94.64853885211578,,,,,16.905906200408936,,,,stage4_sft,,37680,,logs/stage4_sft_train_latest.log,,4710,,0.6887449077376967,53162,34641.596001010614,,45137.58627349769,,
,,,,,,,train,,,,1.9014514684677124,2.0741494940904495e-06,0.9461299631996507,94.61299631996508,,,,,16.905906200408936,,,,stage4_sft,,37760,,logs/stage4_sft_train_latest.log,,4720,,0.6884862694288143,51702,35658.907049780464,,45120.636153286774,,
,,,,,,,train,,,,1.9455936551094055,2.058119970134532e-06,0.9463129637199437,94.63129637199437,,,,,16.905906200408936,,,,stage4_sft,,37840,,logs/stage4_sft_train_latest.log,,4730,,0.6886194364887538,50352,35149.5462064137,,45129.36338972697,,
,,,,,,,train,,,,2.0014359951019287,2.0421950011441354e-06,0.9456682796822815,94.56682796822815,,,,,16.905906200408936,,,,stage4_sft,,37920,,logs/stage4_sft_train_latest.log,,4740,,0.6881503084351942,54018,35827.3071381232,,45098.61861360889,,
,,,,,,,train,,,,1.9908610582351685,2.026375070876556e-06,0.9464323459754599,94.64323459754598,,,,,16.905906200408936,,,,stage4_sft,,38000,,logs/stage4_sft_train_latest.log,,4750,,0.688706309378244,52977,35571.887491279114,,45135.056691412596,,
,,,,,,,train,,,,1.9581231474876404,2.0106606598983036e-06,0.9464368371882839,94.64368371882838,,,,,16.905906200408936,,,,stage4_sft,,38080,,logs/stage4_sft_train_latest.log,,4760,,0.6887095775744566,50551,35419.920348907755,,45135.27087591959,,
,,,,,,,train,,,,1.936864197254181,1.9950522455704945e-06,0.9463536556542358,94.63536556542358,,,,,16.905906200408936,,,,stage4_sft,,38160,,logs/stage4_sft_train_latest.log,,4770,,0.6886490474715219,52001,36615.26325934658,,45131.30397509366,,
,,,,,,,train,,,,1.9607213735580444,1.9795503020343557e-06,0.946633155712205,94.6633155712205,,,,,16.905906200408936,,,,stage4_sft,,38240,,logs/stage4_sft_train_latest.log,,4780,,0.6888524359696152,52066,35658.23969223634,,45144.6332437047,,
,,,,,,,train,,,,1.996043086051941,1.9641553001968227e-06,0.9465625151871478,94.65625151871478,,,,,16.905906200408936,,,,stage4_sft,,38320,,logs/stage4_sft_train_latest.log,,4790,,0.6888010317931715,52981,36290.24004115821,,45141.26441959729,,
,,,,,,,train,,,,1.93897545337677,1.94886770771623e-06,0.9467164641389638,94.67164641389638,,,,,16.905906200408936,,,,stage4_sft,,38400,,logs/stage4_sft_train_latest.log,,4800,,0.6889130584106985,51765,36031.9441288314,,45148.60619600354,,
,,,,,,,train,,,,2.001114249229431,1.9336879889881074e-06,0.9465000450399098,94.65000450399098,,,,,16.905906200408936,,,,stage4_sft,,38480,,logs/stage4_sft_train_latest.log,,4810,,0.6887555730926807,53656,35912.955341083936,,45138.28523820192,,
,,,,,,,train,,,,2.045387387275696,1.9186166051310772e-06,0.9467225907946584,94.67225907946583,,,,,16.905906200408936,,,,stage4_sft,,38560,,logs/stage4_sft_train_latest.log,,4820,,0.6889175166970728,47665,35329.96368403099,,45148.89837425936,,
,,,,,,,train,,,,2.0023655891418457,1.903654013972839e-06,0.9460520995489032,94.60520995489033,,,,,16.905906200408936,,,,stage4_sft,,38640,,logs/stage4_sft_train_latest.log,,4830,,0.6884296090792721,50685,36548.59026009674,,45116.922860619175,,
,,,,,,,train,,,,2.0322920083999634,1.8888006700362654e-06,0.9463281120838438,94.63281120838438,,,,,16.905906200408936,,,,stage4_sft,,38720,,logs/stage4_sft_train_latest.log,,4840,,0.6886304597529513,51183,35036.898024816386,,45130.08581036942,,
,,,,,,,train,,,,2.0812697410583496,1.8740570245255985e-06,0.9462880748458397,94.62880748458396,,,,,16.905906200408936,,,,stage4_sft,,38800,,logs/stage4_sft_train_latest.log,,4850,,0.6886013251840192,50103,34982.87540305869,,45128.17644725988,,
,,,,,,,train,,,,1.9057574272155762,1.8594235253127373e-06,0.9463053198065757,94.63053198065758,,,,,16.905906200408936,,,,stage4_sft,,38880,,logs/stage4_sft_train_latest.log,,4860,,0.6886138741140239,51255,35475.18322995734,,45128.99885393667,,
,,,,,,,train,,,,1.9393551349639893,1.8449006169236344e-06,0.946675119061249,94.6675119061249,,,,,16.905906200408936,,,,stage4_sft,,38960,,logs/stage4_sft_train_latest.log,,4870,,0.6888829721440943,52444,35780.58157316426,,45146.634462435366,,
,,,,,,,train,,,,2.0920742750167847,1.8304887405247986e-06,0.9458775507900355,94.58775507900356,,,,,16.905906200408936,,,,stage4_sft,,39040,,logs/stage4_sft_train_latest.log,,4880,,0.6883025922544166,54938,36522.5744896854,,45108.598685985446,,
,,,,,,,train,,,,2.011385917663574,1.8161883339098845e-06,0.9463153718889631,94.6315371888963,,,,,16.905906200408936,,,,stage4_sft,,39120,,logs/stage4_sft_train_latest.log,,4890,,0.688621188881521,54676,36357.68380632877,,45129.47823453936,,
,,,,,,,train,,,,2.105045437812805,1.8019998314863974e-06,0.9462904518165945,94.62904518165945,,,,,16.905906200408936,,,,stage4_sft,,39200,,logs/stage4_sft_train_latest.log,,4900,,0.6886030548742216,52791,35907.82603916567,,45128.289804236985,,
,,,,,,,train,,,,2.0517592430114746,1.7879236642624986e-06,0.9461244964859552,94.61244964859551,,,,,16.905906200408936,,,,stage4_sft,,39280,,logs/stage4_sft_train_latest.log,,4910,,0.6884822913735105,51817,35599.00959890442,,45120.37544745438,,
,,,,,,,train,,,,2.038649260997772,1.77396025983391e-06,0.9466049075646624,94.66049075646625,,,,,16.905906200408936,,,,stage4_sft,,39360,,logs/stage4_sft_train_latest.log,,4920,,0.6888318801659981,51143,35557.77718692089,,45143.28609855885,,
,,,,,,,train,,,,2.084884762763977,1.7601100423709285e-06,0.9463538265708474,94.63538265708475,,,,,16.905906200408936,,,,stage4_sft,,39440,,logs/stage4_sft_train_latest.log,,4930,,0.6886491718452812,53771,35374.87498393433,,45131.31212605235,,
,,,,,,,train,,,,1.9847096800804138,1.7463734326055365e-06,0.9458098321016367,94.58098321016367,,,,,16.905906200408936,,,,stage4_sft,,39520,,logs/stage4_sft_train_latest.log,,4940,,0.6882533142598918,53970,35856.758816974696,,45105.36920333627,,
,,,,,,,train,,,,1.9513905048370361,1.7327508478186216e-06,0.9463773204234732,94.63773204234732,,,,,16.905906200408936,,,,stage4_sft,,39600,,logs/stage4_sft_train_latest.log,,4950,,0.6886662680113239,51011,35488.76332292035,,45132.432540390124,,
,,,,,,,train,,,,1.9814090728759766,1.7192427018273066e-06,0.9463570895361798,94.63570895361798,,,,,16.905906200408936,,,,stage4_sft,,39680,,logs/stage4_sft_train_latest.log,,4960,,0.6886515462620276,53905,35417.89994549309,,45131.46773582824,,
,,,,,,,train,,,,2.0045584440231323,1.7058494049723715e-06,0.9461647528579051,94.61647528579051,,,,,16.905906200408936,,,,stage4_sft,,39760,,logs/stage4_sft_train_latest.log,,4970,,0.6885115854033188,51886,35928.186954150144,,45122.2952609919,,
,,,,,,,train,,,,2.0697513818740845,1.6925713641057904e-06,0.9464766072613087,94.64766072613087,,,,,16.905906200408936,,,,stage4_sft,,39840,,logs/stage4_sft_train_latest.log,,4980,,0.6887385177309645,52648,35674.79562446609,,45137.16749801649,,
,,,,,,,train,,,,2.03413462638855,1.6794089825783782e-06,0.9461898682325584,94.61898682325584,,,,,16.905906200408936,,,,stage4_sft,,39920,,logs/stage4_sft_train_latest.log,,4990,,0.6885298615295096,51741,36080.961480744736,,45123.49300519794,,
,,,,,,,train,,,,2.0163508653640747,1.666362660227529e-06,0.9465259398505128,94.65259398505128,,,,,16.905906200408936,,,,stage4_sft,,40000,,logs/stage4_sft_train_latest.log,,5000,,0.6887744164041103,53332,36355.30451129159,,45139.52015345977,,
,,,,,,,eval,,,,1.9722328782081604,,,,,,,,,7.186705624509862,,,stage4_sft,,,,logs/stage4_sft_train_latest.log,,5000,,,87132.0,,,,,
,,,,,,,checkpoint,,,,,,,,,,,runs/l20-edu-135m-stage4-sft-anti-forgetting/step-005000,,,,,stage4_sft,,,,logs/stage4_sft_train_latest.log,,5000,,,,,,,,
,,,,,,,train,,,,2.0767327547073364,1.653432793365074e-06,0.8044319075839749,80.44319075839749,,,,,16.905906200408936,,,,stage4_sft,,40080,,logs/stage4_sft_train_latest.log,,5010,,0.585374467149314,52739,31267.660087887172,,38363.10107909744,,
,,,,,,,train,,,,1.9909380674362183,1.6406197747652485e-06,0.9452612384745159,94.52612384745159,,,,,16.905906200408936,,,,stage4_sft,,40160,,logs/stage4_sft_train_latest.log,,5020,,0.6878541099280773,52971,35389.54367251163,,45079.20694824647,,
,,,,,,,train,,,,1.9255627393722534,1.627923993652749e-06,0.9458753466369666,94.58753466369666,,,,,16.905906200408936,,,,stage4_sft,,40240,,logs/stage4_sft_train_latest.log,,5030,,0.6883009883213601,53935,36162.23264482295,,45108.493570628656,,
,,,,,,,train,,,,2.1375588178634644,1.6153458356909177e-06,0.9462904362807993,94.62904362807993,,,,,16.905906200408936,,,,stage4_sft,,40320,,logs/stage4_sft_train_latest.log,,5040,,0.6886030435690287,52670,36470.55185685082,,45128.289063339864,,
,,,,,,,train,,,,2.0523921251296997,1.602885682970026e-06,0.9463258902934559,94.6325890293456,,,,,16.905906200408936,,,,stage4_sft,,40400,,logs/stage4_sft_train_latest.log,,5050,,0.688628842985451,49087,35723.65417313475,,45129.97985389452,,
,,,,,,,train,,,,1.952071189880371,1.590543913995666e-06,0.9462302855059607,94.62302855059606,,,,,16.905906200408936,,,,stage4_sft,,40480,,logs/stage4_sft_train_latest.log,,5060,,0.6885592726451781,53450,36738.97511903792,,45125.420492074394,,
,,,,,,,train,,,,2.0315160751342773,1.578320903677252e-06,0.9460497082475301,94.60497082475301,,,,,16.905906200408936,,,,stage4_sft,,40560,,logs/stage4_sft_train_latest.log,,5070,,0.6884278689608682,53991,35922.854630247064,,45116.808820219456,,
,,,,,,,train,,,,2.0228052139282227,1.5662170233166353e-06,0.9465572921866483,94.65572921866483,,,,,16.905906200408936,,,,stage4_sft,,40640,,logs/stage4_sft_train_latest.log,,5080,,0.6887972310847392,52155,36038.491047861535,,45141.01533636947,,
,,,,,,,train,,,,2.122002601623535,1.5542326405968216e-06,0.9462779456664268,94.62779456664268,,,,,16.905906200408936,,,,stage4_sft,,40720,,logs/stage4_sft_train_latest.log,,5090,,0.6885939543140355,52997,36621.01025651533,,45127.69338992463,,
,,,,,,,train,,,,1.9523006081581116,1.5423681195707997e-06,0.9462484759589681,94.62484759589681,,,,,16.905906200408936,,,,stage4_sft,,40800,,logs/stage4_sft_train_latest.log,,5100,,0.6885725095974125,53470,36753.52170127533,,45126.28798897602,,
,,,,,,,train,,,,1.9798452854156494,1.5306238206504917e-06,0.9462781476264741,94.6278147626474,,,,,16.905906200408936,,,,stage4_sft,,40880,,logs/stage4_sft_train_latest.log,,5110,,0.6885941012776927,53258,36190.715618492206,,45127.70302133487,,
,,,,,,,train,,,,1.9803756475448608,1.5190001005957938e-06,0.9461934251868473,94.61934251868473,,,,,16.905906200408936,,,,stage4_sft,,40960,,logs/stage4_sft_train_latest.log,,5120,,0.6885324498781341,53196,36238.49563576102,,45123.6626352134,,
,,,,,,,train,,,,2.012140154838562,1.507497312503747e-06,0.9461114356445136,94.61114356445137,,,,,16.905906200408936,,,,stage4_sft,,41040,,logs/stage4_sft_train_latest.log,,5130,,0.6884727871718156,52400,35079.2719938145,,45119.75258009211,,
,,,,,,,train,,,,1.9647353887557983,1.4961158057978064e-06,0.9462959670561737,94.62959670561737,,,,,16.905906200408936,,,,stage4_sft,,41120,,logs/stage4_sft_train_latest.log,,5140,,0.6886070682411696,53051,35992.045382122626,,45128.55282425329,,
,,,,,,,train,,,,2.0426021218299866,1.484855926217227e-06,0.9457873751682658,94.57873751682658,,,,,16.905906200408936,,,,stage4_sft,,41200,,logs/stage4_sft_train_latest.log,,5150,,0.6882369726462861,50435,36060.31382919669,,45104.29823934701,,
,,,,,,,train,,,,1.9762308597564697,1.4737180158065645e-06,0.9461319045194303,94.61319045194303,,,,,16.905906200408936,,,,stage4_sft,,41280,,logs/stage4_sft_train_latest.log,,5160,,0.6884876821015599,51908,36724.070660833626,,45120.72873420783,,
,,,,,,,train,,,,1.9746726155281067,1.4627024129052813e-06,0.9462860396712186,94.62860396712186,,,,,16.905906200408936,,,,stage4_sft,,41360,,logs/stage4_sft_train_latest.log,,5170,,0.6885998442143458,51654,36028.50788907648,,45128.07939043137,,
,,,,,,,train,,,,1.9986318349838257,1.4518094521374682e-06,0.9463112080947704,94.63112080947704,,,,,16.905906200408936,,,,stage4_sft,,41440,,logs/stage4_sft_train_latest.log,,5180,,0.688618158943519,50981,36074.22632167876,,45129.27966452246,,
,,,,,,,train,,,,1.9933704137802124,1.441039464401685e-06,0.9459843713917255,94.59843713917255,,,,,16.905906200408936,,,,stage4_sft,,41520,,logs/stage4_sft_train_latest.log,,5190,,0.6883803241944421,53573,36313.989566164564,,45113.692926406955,,
,,,,,,,train,,,,2.0535351037979126,1.4303927768609016e-06,0.9463155272551271,94.63155272551272,,,,,16.905906200408936,,,,stage4_sft,,41600,,logs/stage4_sft_train_latest.log,,5200,,0.6886213019394252,52941,35991.61869142638,,45129.48564390217,,
,,,,,,,train,,,,1.9989447593688965,1.4198697129325636e-06,0.9468259317452254,94.68259317452254,,,,,16.905906200408936,,,,stage4_sft,,41680,,logs/stage4_sft_train_latest.log,,5210,,0.6889927165409658,53139,36192.85629916859,,45153.82667122874,,
,,,,,,,train,,,,1.987326979637146,1.4094705922787688e-06,0.9461464569061824,94.61464569061823,,,,,16.905906200408936,,,,stage4_sft,,41760,,logs/stage4_sft_train_latest.log,,5220,,0.6884982716810637,53197,35679.013185920245,,45121.42273289019,,
,,,,,,,train,,,,2.0337111949920654,1.3991957307965532e-06,0.9460837310818646,94.60837310818646,,,,,16.905906200408936,,,,stage4_sft,,41840,,logs/stage4_sft_train_latest.log,,5230,,0.688452626927741,51002,36174.53674613007,,45118.431358336435,,
,,,,,,,train,,,,2.0755789279937744,1.389045440608296e-06,0.946116700316053,94.6116700316053,,,,,16.905906200408936,,,,stage4_sft,,41920,,logs/stage4_sft_train_latest.log,,5240,,0.6884766182037129,52661,35884.08981739572,,45120.003650598526,,
,,,,,,,train,,,,2.004334807395935,1.3790200300522413e-06,0.9461953046363749,94.61953046363749,,,,,16.905906200408936,,,,stage4_sft,,42000,,logs/stage4_sft_train_latest.log,,5250,,0.6885338175287151,48436,35740.757667189304,,45123.752265561874,,
,,,,,,,train,,,,1.947766125202179,1.3691198036731285e-06,0.9462489575261507,94.62489575261507,,,,,16.905906200408936,,,,stage4_sft,,42080,,logs/stage4_sft_train_latest.log,,5260,,0.6885728600274864,53802,36429.56687532819,,45126.31095476135,,
,,,,,,,train,,,,2.055562138557434,1.3593450622129395e-06,0.9464389040929367,94.64389040929368,,,,,16.905906200408936,,,,stage4_sft,,42160,,logs/stage4_sft_train_latest.log,,5270,,0.6887110816336547,46201,34869.99303197725,,45135.36944594319,,
,,,,,,,train,,,,2.062175750732422,1.3496961026017689e-06,0.9461501222523959,94.6150122252396,,,,,16.905906200408936,,,,stage4_sft,,42240,,logs/stage4_sft_train_latest.log,,5280,,0.6885009389050591,53822,36059.89242468302,,45121.597532081956,,
,,,,,,,train,,,,2.0356087684631348,1.3401732179487983e-06,0.946451476662325,94.6451476662325,,,,,16.905906200408936,,,,stage4_sft,,42320,,logs/stage4_sft_train_latest.log,,5290,,0.6887202305262295,53426,35813.38311534088,,45135.96902776698,,
,,,,,,,train,,,,1.9887036681175232,1.3307766975333922e-06,0.9463135696451881,94.63135696451882,,,,,16.905906200408936,,,,stage4_sft,,42400,,logs/stage4_sft_train_latest.log,,5300,,0.6886198774125458,53597,36214.45049113804,,45129.3922861086,,
,,,,,,,train,,,,2.0533289909362793,1.3215068267963187e-06,0.9461209245196538,94.61209245196538,,,,,16.905906200408936,,,,stage4_sft,,42480,,logs/stage4_sft_train_latest.log,,5310,,0.6884796921008427,53352,35800.53090142856,,45120.20510152083,,
,,,,,,,train,,,,2.085967183113098,1.3123638873310676e-06,0.9460096014035146,94.60096014035146,,,,,16.905906200408936,,,,stage4_sft,,42560,,logs/stage4_sft_train_latest.log,,5320,,0.6883986837405615,52462,35892.96969049613,,45114.896137621436,,
,,,,,,,train,,,,2.0463446378707886,1.3033481568753032e-06,0.9463298366975605,94.63298366975606,,,,,16.905906200408936,,,,stage4_sft,,42640,,logs/stage4_sft_train_latest.log,,5330,,0.6886317147315592,52574,35302.016223998646,,45130.16805664746,,
,,,,,,,train,,,,2.0084334015846252,1.2944599093024268e-06,0.9462962622398228,94.62962622398227,,,,,16.905906200408936,,,,stage4_sft,,42720,,logs/stage4_sft_train_latest.log,,5340,,0.6886072830424096,47497,35741.679001218145,,45128.566901467355,,
,,,,,,,train,,,,2.024845600128174,1.2856994146132542e-06,0.9459037996277708,94.59037996277708,,,,,16.905906200408936,,,,stage4_sft,,42800,,logs/stage4_sft_train_latest.log,,5350,,0.6883216931867114,52286,36336.984008511725,,45109.85048468432,,
,,,,,,,train,,,,2.027981221675873,1.277066938927816e-06,0.9461687445135549,94.6168744513555,,,,,16.905906200408936,,,,stage4_sft,,42880,,logs/stage4_sft_train_latest.log,,5360,,0.6885144900783783,51931,36295.17904737972,,45122.4856217766,,
,,,,,,,train,,,,1.9780023097991943,1.2685627444772749e-06,0.9458825489780105,94.58825489780105,,,,,16.905906200408936,,,,stage4_sft,,42960,,logs/stage4_sft_train_latest.log,,5370,,0.688306229369746,52887,36187.49351724558,,45108.83704797567,,
,,,,,,,train,,,,2.0404491424560547,1.260187089595956e-06,0.9465196136765572,94.65196136765573,,,,,16.905906200408936,,,,stage4_sft,,43040,,logs/stage4_sft_train_latest.log,,5380,,0.6887698129309344,50959,34800.163675316755,,45139.21846024172,,
,,,,,,,train,,,,1.9937676191329956,1.2519402287135016e-06,0.9461045559408111,94.61045559408112,,,,,16.905906200408936,,,,stage4_sft,,43120,,logs/stage4_sft_train_latest.log,,5390,,0.6884677809023589,51179,35800.25576014457,,45119.424489216995,,
,,,,,,,train,,,,1.9295175075531006,1.2438224123471442e-06,0.9464180800527563,94.64180800527564,,,,,16.905906200408936,,,,stage4_sft,,43200,,logs/stage4_sft_train_latest.log,,5400,,0.6886959282548422,52495,35314.88093945897,,45134.376354109336,,
,,,,,,,train,,,,2.004764676094055,1.235833887094093e-06,0.9460808426950784,94.60808426950784,,,,,16.905906200408936,,,,stage4_sft,,43280,,logs/stage4_sft_train_latest.log,,5410,,0.6884505250868519,52344,36698.68138038475,,45118.293612091926,,
,,,,,,,train,,,,1.9927403926849365,1.2279748956240435e-06,0.946056074725989,94.60560747259889,,,,,16.905906200408936,,,,stage4_sft,,43360,,logs/stage4_sft_train_latest.log,,5420,,0.6884325017630982,53017,36308.41204573703,,45117.112435546405,,
,,,,,,,train,,,,2.0057740807533264,1.2202456766718092e-06,0.9466893771851699,94.66893771851699,,,,,16.905906200408936,,,,stage4_sft,,43440,,logs/stage4_sft_train_latest.log,,5430,,0.6888933475924249,52253,35597.73706482145,,45147.31442781716,,
,,,,,,,train,,,,1.9406639337539673,1.2126464650300652e-06,0.9464451670245626,94.64451670245626,,,,,16.905906200408936,,,,stage4_sft,,43520,,logs/stage4_sft_train_latest.log,,5440,,0.688715639086223,53395,35297.02086098847,,45135.66812315471,,
,,,,,,,train,,,,2.051571488380432,1.2051774915422164e-06,0.9473547620132438,94.73547620132437,,,,,16.905906200408936,,,,stage4_sft,,43600,,logs/stage4_sft_train_latest.log,,5450,,0.6893775393375694,53656,35215.059215457455,,45179.04641802695,,
,,,,,,,train,,,,2.0708309412002563,1.1978389830953908e-06,0.9466031353100145,94.66031353100145,,,,,16.905906200408936,,,,stage4_sft,,43680,,logs/stage4_sft_train_latest.log,,5460,,0.6888305905197143,51505,35751.68530915421,,45143.201580299996,,
,,,,,,,train,,,,2.065888524055481,1.190631162613538e-06,0.9461436613222285,94.61436613222286,,,,,16.905906200408936,,,,stage4_sft,,43760,,logs/stage4_sft_train_latest.log,,5470,,0.6884962373715691,55242,35862.52971145776,,45121.28941238315,,
,,,,,,,train,,,,1.9729160070419312,1.1835542490506658e-06,0.9461521723736792,94.61521723736792,,,,,16.905906200408936,,,,stage4_sft,,43840,,logs/stage4_sft_train_latest.log,,5480,,0.6885024307512211,51980,35828.35834167511,,45121.695301712025,,
,,,,,,,train,,,,2.003566265106201,1.1766084573841834e-06,0.9461798809449216,94.61798809449216,,,,,16.905906200408936,,,,stage4_sft,,43920,,logs/stage4_sft_train_latest.log,,5490,,0.688522593912296,54313,35922.977814780126,,45123.01671463623,,
,,,,,,,train,,,,2.023086726665497,1.1697939986083732e-06,0.9464993300772446,94.64993300772446,,,,,16.905906200408936,,,,stage4_sft,,44000,,logs/stage4_sft_train_latest.log,,5500,,0.6887550528237986,53289,36129.541677441026,,45138.25114186046,,
,,,,,,,eval,,,,1.9723614044487476,,,,,,,,,7.1876293641271065,,,stage4_sft,,,,logs/stage4_sft_train_latest.log,,5500,,,87132.0,,,,,
,,,,,,,checkpoint,,,,,,,,,,,runs/l20-edu-135m-stage4-sft-anti-forgetting/step-005500,,,,,stage4_sft,,,,logs/stage4_sft_train_latest.log,,5500,,,,,,,,
,,,,,,,train,,,,1.9955637454986572,1.1631110797279827e-06,0.8042137590693083,80.42137590693082,,,,,16.905906200408936,,,,stage4_sft,,44080,,logs/stage4_sft_train_latest.log,,5510,,0.585215723358412,53874,30666.123205993492,,38352.69764601689,,
,,,,,,,train,,,,2.0332412719726562,1.1565599037519317e-06,0.9456668367547765,94.56668367547765,,,,,16.905906200408936,,,,stage4_sft,,44160,,logs/stage4_sft_train_latest.log,,5520,,0.6881492584359196,52336,35032.921782788384,,45098.549800856425,,
,,,,,,,train,,,,1.9916544556617737,1.1501406696871507e-06,0.9458685169321238,94.58685169321238,,,,,16.905906200408936,,,,stage4_sft,,44240,,logs/stage4_sft_train_latest.log,,5530,,0.6882960184354128,53504,36461.99976940308,,45108.16786418321,,
,,,,,,,train,,,,2.11247181892395,1.1438535725325342e-06,0.9464793737291319,94.64793737291319,,,,,16.905906200408936,,,,stage4_sft,,44320,,logs/stage4_sft_train_latest.log,,5540,,0.6887405308530357,52414,35537.978281220356,,45137.299429984545,,
,,,,,,,train,,,,2.0722544193267822,1.1376988032730135e-06,0.9462340291714123,94.62340291714123,,,,,16.905906200408936,,,,stage4_sft,,44400,,logs/stage4_sft_train_latest.log,,5550,,0.6885619968610481,50869,35650.91709327794,,45125.59902628565,,
,,,,,,,train,,,,1.9891191720962524,1.1316765488737602e-06,0.9461035309822318,94.61035309822317,,,,,16.905906200408936,,,,stage4_sft,,44480,,logs/stage4_sft_train_latest.log,,5560,,0.6884670350535472,53349,35713.057049443174,,45119.37560926927,,
,,,,,,,train,,,,2.019291937351227,1.1257869922745038e-06,0.9456626166049802,94.56626166049801,,,,,16.905906200408936,,,,stage4_sft,,44560,,logs/stage4_sft_train_latest.log,,5570,,0.6881461874886896,52944,36378.779386970826,,45098.34854325876,,
,,,,,,,train,,,,2.011631965637207,1.1200303123839744e-06,0.9460660438717113,94.60660438717113,,,,,16.905906200408936,,,,stage4_sft,,44640,,logs/stage4_sft_train_latest.log,,5580,,0.6884397561786806,53063,35083.50957064612,,45117.58786092601,,
,,,,,,,train,,,,1.9668218493461609,1.1144066840744692e-06,0.9461358493057637,94.61358493057637,,,,,16.905906200408936,,,,stage4_sft,,44720,,logs/stage4_sft_train_latest.log,,5590,,0.6884905526704374,52697,35603.63655402526,,45120.91685980978,,
,,,,,,,train,,,,2.0614699125289917,1.10891627817654e-06,0.9461796790268171,94.61796790268171,,,,,16.905906200408936,,,,stage4_sft,,44800,,logs/stage4_sft_train_latest.log,,5600,,0.6885224469791601,53157,36219.31020987053,,45123.007085226236,,
,,,,,,,train,,,,2.033403515815735,1.1035592614738034e-06,0.9465572300084181,94.6557230008418,,,,,16.905906200408936,,,,stage4_sft,,44880,,logs/stage4_sft_train_latest.log,,5610,,0.6887971858384629,54573,36916.63621276109,,45141.01237110951,,
,,,,,,,train,,,,2.0015931129455566,1.0983357966978747e-06,0.9460158120743658,94.60158120743658,,,,,16.905906200408936,,,,stage4_sft,,44960,,logs/stage4_sft_train_latest.log,,5620,,0.6884032031636548,52703,36081.48360837759,,45115.19232253328,,
,,,,,,,train,,,,2.036728620529175,1.0932460425234246e-06,0.9462103715677214,94.62103715677213,,,,,16.905906200408936,,,,stage4_sft,,45040,,logs/stage4_sft_train_latest.log,,5630,,0.6885447815355196,50779,35736.851251256536,,45124.47080271181,,
,,,,,,,train,,,,1.9539247751235962,1.088290153563358e-06,0.9462374621852705,94.62374621852705,,,,,16.905906200408936,,,,stage4_sft,,45120,,logs/stage4_sft_train_latest.log,,5640,,0.6885644950198594,50068,35794.13013976387,,45125.762745621505,,
,,,,,,,train,,,,1.9837583303451538,1.0834682803641198e-06,0.9458606473717959,94.58606473717958,,,,,16.905906200408936,,,,stage4_sft,,45200,,logs/stage4_sft_train_latest.log,,5650,,0.6882902918603724,52640,36345.168861686965,,45107.792567361364,,
,,,,,,,train,,,,2.0128878355026245,1.0787805694011185e-06,0.946421359001282,94.6421359001282,,,,,16.905906200408936,,,,stage4_sft,,45280,,logs/stage4_sft_train_latest.log,,5660,,0.6886983143023471,53224,36178.6998469309,,45134.53272611862,,
,,,,,,,train,,,,2.045227289199829,1.0742271630742795e-06,0.9461857521397955,94.61857521397955,,,,,16.905906200408936,,,,stage4_sft,,45360,,logs/stage4_sft_train_latest.log,,5670,,0.6885268663032075,52219,35518.96659929694,,45123.296710047005,,
,,,,,,,train,,,,2.0610621571540833,1.0698081997037178e-06,0.9461512249680427,94.61512249680428,,,,,16.905906200408936,,,,stage4_sft,,45440,,logs/stage4_sft_train_latest.log,,5680,,0.688501741336661,50928,36355.23284849624,,45121.650120239414,,
,,,,,,,train,,,,2.0439411401748657,1.0655238135255366e-06,0.9464712297914737,94.64712297914737,,,,,16.905906200408936,,,,stage4_sft,,45520,,logs/stage4_sft_train_latest.log,,5690,,0.6887346046172383,54132,35967.44288962373,,45136.91104819533,,
,,,,,,,train,,,,1.9253304600715637,1.0613741346877498e-06,0.946124605198396,94.6124605198396,,,,,16.905906200408936,,,,stage4_sft,,45600,,logs/stage4_sft_train_latest.log,,5700,,0.6884823704821168,50367,36039.64240644212,,45120.38063191601,,
,,,,,,,train,,,,2.1714882850646973,1.0573592892463274e-06,0.9463458867825291,94.63458867825291,,,,,16.905906200408936,,,,stage4_sft,,45680,,logs/stage4_sft_train_latest.log,,5710,,0.6886433941662603,54147,35975.76387633669,,45130.933480080035,,
,,,,,,,train,,,,1.9759453535079956,1.053479399161368e-06,0.9462027293116484,94.62027293116483,,,,,16.905906200408936,,,,stage4_sft,,45760,,logs/stage4_sft_train_latest.log,,5720,,0.6885392203667813,52716,35710.122709414594,,45124.10634595738,,
,,,,,,,train,,,,2.065689444541931,1.0497345822933918e-06,0.9462048883918077,94.62048883918077,,,,,16.905906200408936,,,,stage4_sft,,45840,,logs/stage4_sft_train_latest.log,,5730,,0.6885407915008771,51031,35799.16366434681,,45124.20931180148,,
,,,,,,,train,,,,2.0231881141662598,1.0461249523997647e-06,0.9468543330747337,94.68543330747336,,,,,16.905906200408936,,,,stage4_sft,,45920,,logs/stage4_sft_train_latest.log,,5740,,0.6890133838130749,49190,36200.21197483191,,45155.181121573674,,
,,,,,,,train,,,,2.118872284889221,1.0426506191312356e-06,0.9462176566787845,94.62176566787845,,,,,16.905906200408936,,,,stage4_sft,,46000,,logs/stage4_sft_train_latest.log,,5750,,0.6885500828145545,53039,36219.24916622776,,45124.81822733465,,
,,,,,,,train,,,,2.0440473556518555,1.0393116880286117e-06,0.9463532982833387,94.63532982833387,,,,,16.905906200408936,,,,stage4_sft,,46080,,logs/stage4_sft_train_latest.log,,5760,,0.6886487874174433,50921,35879.428202993695,,45131.28693218956,,
,,,,,,,train,,,,2.0931084156036377,1.0361082605195501e-06,0.9460044621350453,94.60044621350453,,,,,16.905906200408936,,,,stage4_sft,,46160,,logs/stage4_sft_train_latest.log,,5770,,0.6883949439628209,51735,36593.07887572606,,45114.65104754743,,
,,,,,,,train,,,,2.0849056243896484,1.0330404339154763e-06,0.946122803681172,94.6122803681172,,,,,16.905906200408936,,,,stage4_sft,,46240,,logs/stage4_sft_train_latest.log,,5780,,0.688481059541843,52789,36024.56489620907,,45120.294718134224,,
,,,,,,,train,,,,2.117518186569214,1.0301083014086286e-06,0.9462669622767501,94.62669622767501,,,,,16.905906200408936,,,,stage4_sft,,46320,,logs/stage4_sft_train_latest.log,,5790,,0.6885859618465329,54920,36275.12162165246,,45127.16959557438,,
,,,,,,,train,,,,2.021409511566162,1.0273119520692274e-06,0.9463911811005494,94.63911811005494,,,,,16.905906200408936,,,,stage4_sft,,46400,,logs/stage4_sft_train_latest.log,,5800,,0.6886763542428387,53718,35901.45589066885,,45133.093551658676,,
,,,,,,,train,,,,2.069984793663025,1.0246514708427703e-06,0.9458614700218748,94.58614700218749,,,,,16.905906200408936,,,,stage4_sft,,46480,,logs/stage4_sft_train_latest.log,,5810,,0.688290890491962,52702,36102.23378808439,,45107.83179928122,,
,,,,,,,train,,,,1.9852501153945923,1.0221269385474486e-06,0.9465535925961683,94.65535925961683,,,,,16.905906200408936,,,,stage4_sft,,46560,,logs/stage4_sft_train_latest.log,,5820,,0.6887945389416436,54158,35795.48123808102,,45140.83890407955,,
,,,,,,,train,,,,1.9255683422088623,1.0197384318716968e-06,0.9460890265034454,94.60890265034453,,,,,16.905906200408936,,,,stage4_sft,,46640,,logs/stage4_sft_train_latest.log,,5830,,0.6884564803360369,50803,35883.65982242688,,45118.683895302514,,
,,,,,,,train,,,,2.0633344650268555,1.0174860233718585e-06,0.9460279852257903,94.60279852257904,,,,,16.905906200408936,,,,stage4_sft,,46720,,logs/stage4_sft_train_latest.log,,5840,,0.6884120614050565,52663,36337.211090410645,,45115.77285624178,,
,,,,,,,train,,,,2.034925937652588,1.0153697814699858e-06,0.9461390797064719,94.61390797064719,,,,,16.905906200408936,,,,stage4_sft,,46800,,logs/stage4_sft_train_latest.log,,5850,,0.6884929033903372,52048,36141.8153198627,,45121.07091658914,,
,,,,,,,train,,,,2.0355303287506104,1.0133897704517585e-06,0.9462862105634074,94.62862105634075,,,,,16.905906200408936,,,,stage4_sft,,46880,,logs/stage4_sft_train_latest.log,,5860,,0.688599968570333,52640,35889.83036188575,,45128.087540225344,,
,,,,,,,train,,,,2.0413506031036377,1.0115460504645338e-06,0.946427202112793,94.6427202112793,,,,,16.905906200408936,,,,stage4_sft,,46960,,logs/stage4_sft_train_latest.log,,5870,,0.6887025662573666,52129,36056.74737537793,,45134.81138224278,,
,,,,,,,train,,,,2.0828102827072144,1.0098386775155147e-06,0.8902518678974327,89.02518678974327,,,,,33.311728954315186,,,,stage4_sft,,47040,,logs/stage4_sft_train_latest.log,,5880,,0.6480351373361017,54219,34032.08366531525,,42455.82761203351,,
,,,,,,,train,,,,2.0550858974456787,1.0082677034700548e-06,0.9463806146283299,94.638061462833,,,,,33.311728954315186,,,,stage4_sft,,47120,,logs/stage4_sft_train_latest.log,,5890,,0.6886686651606593,51894,36456.19086134285,,45132.58963996897,,
,,,,,,,train,,,,2.00581157207489,1.0068331760500773e-06,0.946336688603344,94.6336688603344,,,,,33.311728954315186,,,,stage4_sft,,47200,,logs/stage4_sft_train_latest.log,,5900,,0.6886367007728377,52693,36228.143872607834,,45130.49482184869,,
,,,,,,,train,,,,2.002073884010315,1.0055351388326289e-06,0.9461797877519397,94.61797877519396,,,,,33.311728954315186,,,,stage4_sft,,47280,,logs/stage4_sft_train_latest.log,,5910,,0.6885225260969947,53457,36460.228403698085,,45123.012270292646,,
,,,,,,,train,,,,2.0731048583984375,1.0043736312485536e-06,0.9461549214138893,94.61549214138894,,,,,33.311728954315186,,,,stage4_sft,,47360,,logs/stage4_sft_train_latest.log,,5920,,0.6885044311914486,52942,36000.79509991094,,45121.82640256277,,
,,,,,,,train,,,,2.0041717290878296,1.003348688581297e-06,0.9464766383451271,94.64766383451271,,,,,33.311728954315186,,,,stage4_sft,,47440,,logs/stage4_sft_train_latest.log,,5930,,0.6887385403502483,48805,35381.807421018915,,45137.16898039387,,
,,,,,,,train,,,,1.9944921731948853,1.0024603419658329e-06,0.9466339330653613,94.66339330653612,,,,,33.311728954315186,,,,stage4_sft,,47520,,logs/stage4_sft_train_latest.log,,5940,,0.688853001639233,52148,35263.96951581611,,45144.670315428775,,
,,,,,,,train,,,,1.9388104677200317,1.0017086183877187e-06,0.9465963106369916,94.65963106369915,,,,,33.311728954315186,,,,stage4_sft,,47600,,logs/stage4_sft_train_latest.log,,5950,,0.6888256242953557,53094,35206.56648335992,,45142.87611382043,,
,,,,,,,train,,,,2.0827317237854004,1.0010935406822748e-06,0.9460831254509158,94.60831254509158,,,,,33.311728954315186,,,,stage4_sft,,47680,,logs/stage4_sft_train_latest.log,,5960,,0.6884521862181041,52264,35948.08166512728,,45118.40247598967,,
,,,,,,,train,,,,2.0044015049934387,1.0006151275338897e-06,0.9465525666644342,94.65525666644342,,,,,33.311728954315186,,,,stage4_sft,,47760,,logs/stage4_sft_train_latest.log,,5970,,0.6887937923846802,51161,35707.483473497254,,45140.7899777224,,
,,,,,,,train,,,,1.9875547885894775,1.0002733934754567e-06,0.9461437700390735,94.61437700390735,,,,,33.311728954315186,,,,stage4_sft,,47840,,logs/stage4_sft_train_latest.log,,5980,,0.6884963164833803,53598,36117.484018243405,,45121.29459705481,,
,,,,,,,train,,,,2.006240665912628,1.0000683488879276e-06,0.9456805369859733,94.56805369859734,,,,,33.311728954315186,,,,stage4_sft,,47920,,logs/stage4_sft_train_latest.log,,5990,,0.6881592279130886,52858,36436.723615465,,45099.203160512174,,
,,,,,,,train,,,,2.083983898162842,1.0000000000000002e-06,0.9463067025378532,94.63067025378533,,,,,33.311728954315186,,,,stage4_sft,,48000,,logs/stage4_sft_train_latest.log,,6000,,0.6886148803092993,54248,36652.69764975898,,45129.06479595024,,
,,,,,,,eval,,,,1.9725240468978882,,,,,,,,,7.188798472841178,,,stage4_sft,,,,logs/stage4_sft_train_latest.log,,6000,,,87132.0,,,,,
,,,,,,,checkpoint,,,,,,,,,,,runs/l20-edu-135m-stage4-sft-anti-forgetting/step-006000,,,,,stage4_sft,,,,logs/stage4_sft_train_latest.log,,6000,,,,,,,,
